{"timestamp":"2026-05-02T10:33:02.436Z","level":"LOG","message":"[REQ] GET /article/1 | user:5 | ip:2a02:4780:27:f::2"}
{"timestamp":"2026-05-02T10:33:12.923Z","level":"LOG","message":"[REQ] POST /article/1/like | user:5 | ip:2a02:4780:27:f::2"}
{"timestamp":"2026-05-02T10:33:12.923Z","level":"LOG","message":"[RATE LIMIT] Attempt for key: 2a02:4780:27:f::2, URL: /article/1/like, User-Agent: Mozilla/5.0 (Macintosh; Intel Mac OS X 10_15_7) AppleWebKit/537.36 (KHTML, like Gecko) Chrome/146.0.0.0 Safari/537.36"}
{"timestamp":"2026-05-02T10:33:12.923Z","level":"LOG","message":"[RATE LIMIT] First request, count set to 1, window expires at 2026-05-02T10:34:12.923Z"}
{"timestamp":"2026-05-02T10:33:17.227Z","level":"LOG","message":"[REQ] GET /article | user:5 | ip:2a02:4780:27:f::2"}
{"timestamp":"2026-05-02T10:33:27.511Z","level":"LOG","message":"[REQ] GET / | user:5 | ip:2a02:4780:27:f::2"}
{"timestamp":"2026-05-02T10:33:29.585Z","level":"LOG","message":"[REQ] GET /admin/articles/new | user:5 | ip:2a02:4780:27:f::2"}
{"timestamp":"2026-05-02T10:33:43.480Z","level":"LOG","message":"[REQ] POST /admin/articles | user:5 | ip:2a02:4780:27:f::2"}
{"timestamp":"2026-05-02T10:33:43.481Z","level":"LOG","message":"[RATE LIMIT] Attempt for key: 2a02:4780:27:f::2, URL: /admin/articles, User-Agent: Mozilla/5.0 (Macintosh; Intel Mac OS X 10_15_7) AppleWebKit/537.36 (KHTML, like Gecko) Chrome/146.0.0.0 Safari/537.36"}
{"timestamp":"2026-05-02T10:33:43.481Z","level":"LOG","message":"[RATE LIMIT] Allowed, count: 2/10"}
{"timestamp":"2026-05-02T10:33:43.487Z","level":"LOG","message":"🟡 BODY RECEIVED: {\"title\":\"rezteegegrefer\",\"content\":\"rezteegegreferrezteegegreferrezteegegreferrezteegegreferrezteegegreferrezteegegreferrezteegegreferrezteegegreferrezteegegreferrezteegegreferrezteegegreferrezteegegreferrezteegegreferrezteegegreferrezteegegrefer\",\"categorieId\":10,\"video\":\"\"}"}
{"timestamp":"2026-05-02T10:33:43.487Z","level":"LOG","message":"🟡 FILE: undefined"}
{"timestamp":"2026-05-02T10:33:43.495Z","level":"LOG","message":"✅ ARTICLE CREATED: 3"}
{"timestamp":"2026-05-02T10:33:43.528Z","level":"LOG","message":"[REQ] GET /article | user:5 | ip:2a02:4780:27:f::2"}
{"timestamp":"2026-05-02T10:33:47.245Z","level":"LOG","message":"[REQ] GET /article/ | user:5 | ip:2a02:4780:27:f::2"}
{"timestamp":"2026-05-02T10:33:50.179Z","level":"LOG","message":"[REQ] GET /article/ | user:5 | ip:2a02:4780:27:f::2"}
{"timestamp":"2026-05-02T10:33:52.250Z","level":"LOG","message":"[REQ] GET /article/ | user:5 | ip:2a02:4780:27:f::2"}
{"timestamp":"2026-05-02T10:33:54.637Z","level":"LOG","message":"[REQ] GET /article/ | user:5 | ip:2a02:4780:27:f::2"}
{"timestamp":"2026-05-02T10:33:57.229Z","level":"LOG","message":"[REQ] GET /article/ | user:5 | ip:2a02:4780:27:f::2"}
{"timestamp":"2026-05-02T10:33:57.892Z","level":"LOG","message":"[REQ] GET /article/ | user:5 | ip:2a02:4780:27:f::2"}
{"timestamp":"2026-05-02T10:33:58.603Z","level":"LOG","message":"[REQ] GET /article/ | user:5 | ip:2a02:4780:27:f::2"}
{"timestamp":"2026-05-02T10:33:59.369Z","level":"LOG","message":"[REQ] GET /article/ | user:5 | ip:2a02:4780:27:f::2"}
{"timestamp":"2026-05-02T10:34:01.895Z","level":"LOG","message":"[REQ] GET /admin/dashboard | user:5 | ip:2a02:4780:27:f::2"}
{"timestamp":"2026-05-02T10:34:01.900Z","level":"LOG","message":"📊 Dashboard stats loaded"}
{"timestamp":"2026-05-02T10:34:01.901Z","level":"LOG","message":"👤 Users loaded: 2/2"}
{"timestamp":"2026-05-02T10:34:01.903Z","level":"LOG","message":"📰 Recent articles loaded: 3"}
{"timestamp":"2026-05-02T10:34:01.904Z","level":"LOG","message":"💬 Pending comments: 0/0"}
{"timestamp":"2026-05-02T10:34:01.905Z","level":"LOG","message":"📧 Subscribers loaded: 1/1"}
{"timestamp":"2026-05-02T10:34:01.905Z","level":"LOG","message":"🔥 Top articles loaded: 3"}
{"timestamp":"2026-05-02T10:34:01.906Z","level":"LOG","message":"🏷️ Categories loaded: 5"}
{"timestamp":"2026-05-02T10:34:01.906Z","level":"LOG","message":"📄 Pagination generated"}
{"timestamp":"2026-05-02T10:34:14.217Z","level":"LOG","message":"[REQ] GET /admin/articles/new | user:5 | ip:2a02:4780:27:f::2"}
{"timestamp":"2026-05-02T10:34:29.042Z","level":"LOG","message":"[REQ] POST /admin/articles | user:5 | ip:2a02:4780:27:f::2"}
{"timestamp":"2026-05-02T10:34:29.043Z","level":"LOG","message":"[RATE LIMIT] Attempt for key: 2a02:4780:27:f::2, URL: /admin/articles, User-Agent: Mozilla/5.0 (Macintosh; Intel Mac OS X 10_15_7) AppleWebKit/537.36 (KHTML, like Gecko) Chrome/146.0.0.0 Safari/537.36"}
{"timestamp":"2026-05-02T10:34:29.043Z","level":"LOG","message":"[RATE LIMIT] Window reset, count = 1, new resetTime = 2026-05-02T10:49:29.043Z"}
{"timestamp":"2026-05-02T10:34:29.045Z","level":"LOG","message":"❌ VALIDATION ERROR: [\"Minimum 50 caractères\"]"}
{"timestamp":"2026-05-02T10:34:42.214Z","level":"LOG","message":"[REQ] POST /admin/articles | user:5 | ip:2a02:4780:27:f::2"}
{"timestamp":"2026-05-02T10:34:42.214Z","level":"LOG","message":"[RATE LIMIT] Attempt for key: 2a02:4780:27:f::2, URL: /admin/articles, User-Agent: Mozilla/5.0 (Macintosh; Intel Mac OS X 10_15_7) AppleWebKit/537.36 (KHTML, like Gecko) Chrome/146.0.0.0 Safari/537.36"}
{"timestamp":"2026-05-02T10:34:42.214Z","level":"LOG","message":"[RATE LIMIT] Allowed, count: 2/10"}
{"timestamp":"2026-05-02T10:34:42.216Z","level":"LOG","message":"🟡 BODY RECEIVED: {\"title\":\"((ty('y'(y('y('y'(y\",\"content\":\"y('y'''''''''''''''grtgrfgthtrhy§rthtrbfgbthtrehrththrethrthrthftbfthf\",\"categorieId\":7,\"video\":\"\"}"}
{"timestamp":"2026-05-02T10:34:42.216Z","level":"LOG","message":"🟡 FILE: undefined"}
{"timestamp":"2026-05-02T10:34:42.239Z","level":"LOG","message":"✅ ARTICLE CREATED: 4"}
{"timestamp":"2026-05-02T10:34:42.266Z","level":"LOG","message":"[REQ] GET /article | user:5 | ip:2a02:4780:27:f::2"}
{"timestamp":"2026-05-02T10:34:48.625Z","level":"LOG","message":"[REQ] GET /admin/dashboard | user:5 | ip:2a02:4780:27:f::2"}
{"timestamp":"2026-05-02T10:34:48.630Z","level":"LOG","message":"📊 Dashboard stats loaded"}
{"timestamp":"2026-05-02T10:34:48.631Z","level":"LOG","message":"👤 Users loaded: 2/2"}
{"timestamp":"2026-05-02T10:34:48.632Z","level":"LOG","message":"📰 Recent articles loaded: 4"}
{"timestamp":"2026-05-02T10:34:48.634Z","level":"LOG","message":"💬 Pending comments: 0/0"}
{"timestamp":"2026-05-02T10:34:48.635Z","level":"LOG","message":"📧 Subscribers loaded: 1/1"}
{"timestamp":"2026-05-02T10:34:48.635Z","level":"LOG","message":"🔥 Top articles loaded: 4"}
{"timestamp":"2026-05-02T10:34:48.636Z","level":"LOG","message":"🏷️ Categories loaded: 5"}
{"timestamp":"2026-05-02T10:34:48.636Z","level":"LOG","message":"📄 Pagination generated"}
{"timestamp":"2026-05-02T10:40:24.877Z","level":"LOG","message":"[REQ] GET / | user:5 | ip:2a02:4780:27:1::3"}
{"timestamp":"2026-05-02T10:40:43.176Z","level":"LOG","message":"[REQ] GET /article/4 | user:5 | ip:2a02:4780:27:1::3"}
{"timestamp":"2026-05-02T10:40:43.194Z","level":"ERROR","message":"getArticleById error: TypeError: Cannot read properties of null (reading 'includes')\n    at generateOpenGraphImage (file:///home/u985847002/domains/emi-pulse.fr/nodejs/services/imageHelper.js:293:16)\n    at getArticleById (file:///home/u985847002/domains/emi-pulse.fr/nodejs/controllers/article-controller.js:173:20)\n    at process.processTicksAndRejections (node:internal/process/task_queues:105:5)"}
{"timestamp":"2026-05-02T10:40:49.465Z","level":"LOG","message":"[REQ] GET / | user:5 | ip:2a02:4780:27:1::3"}
{"timestamp":"2026-05-02T10:40:56.303Z","level":"LOG","message":"[REQ] GET /auth/logout | user:5 | ip:2a02:4780:27:1::3"}
{"timestamp":"2026-05-02T10:40:56.305Z","level":"LOG","message":"✅ LOGOUT SUCCESS"}
{"timestamp":"2026-05-02T10:40:56.330Z","level":"LOG","message":"[REQ] GET /?logout=1 | user:guest | ip:2a02:4780:27:1::3"}
{"timestamp":"2026-05-02T11:11:48.441Z","level":"LOG","message":"[dotenv@17.2.1] injecting env (32) from .env.production -- tip: 🛠️  run anywhere with `dotenvx run -- yourcommand`"}
{"timestamp":"2026-05-02T11:11:48.611Z","level":"LOG","message":"[dotenv@17.2.1] injecting env (0) from .env -- tip: 🔐 encrypt with Dotenvx: https://dotenvx.com"}
{"timestamp":"2026-05-02T11:11:48.656Z","level":"LOG","message":"[dotenv@17.2.1] injecting env (0) from .env.production -- tip: 🔐 encrypt with Dotenvx: https://dotenvx.com"}
{"timestamp":"2026-05-02T11:11:48.702Z","level":"LOG","message":"🚀 http://localhost:3000"}
{"timestamp":"2026-05-02T11:11:48.721Z","level":"LOG","message":"[REQ] GET /sitemap.xml | user:guest | ip:2a02:4780:2c:1a::2"}
{"timestamp":"2026-05-02T11:11:48.751Z","level":"LOG","message":"✅ Connexion à la base réussie !"}
{"timestamp":"2026-05-02T11:11:48.756Z","level":"ERROR","message":"Sitemap error: Error\n    at Query.run (/home/u985847002/domains/emi-pulse.fr/nodejs/node_modules/sequelize/lib/dialects/mysql/query.js:52:25)\n    at /home/u985847002/domains/emi-pulse.fr/nodejs/node_modules/sequelize/lib/sequelize.js:315:28\n    at process.processTicksAndRejections (node:internal/process/task_queues:105:5)\n    at async MySQLQueryInterface.select (/home/u985847002/domains/emi-pulse.fr/nodejs/node_modules/sequelize/lib/dialects/abstract/query-interface.js:407:12)\n    at async Article.findAll (/home/u985847002/domains/emi-pulse.fr/nodejs/node_modules/sequelize/lib/model.js:1140:21)\n    at async generateSitemap (file:///home/u985847002/domains/emi-pulse.fr/nodejs/controllers/sitemap-rss-controller.js:11:22)"}
{"timestamp":"2026-05-02T11:11:48.780Z","level":"LOG","message":"Sample hash: $argon2id$v=19$m=65536,t=3,p=4$+fTwNlvNhB1a2E4+4wGKTw$dlWBIbRXzADykCGCbwqTz4OorbciE9MaQc/TyraJpWQ"}
{"timestamp":"2026-05-02T11:11:48.862Z","level":"LOG","message":"✅ Email service configuré et prêt"}
{"timestamp":"2026-05-02T11:24:42.203Z","level":"LOG","message":"[dotenv@17.2.1] injecting env (32) from .env.production -- tip: 📡 auto-backup env with Radar: https://dotenvx.com/radar"}
{"timestamp":"2026-05-02T11:24:42.387Z","level":"LOG","message":"[dotenv@17.2.1] injecting env (0) from .env -- tip: 🔐 encrypt with Dotenvx: https://dotenvx.com"}
{"timestamp":"2026-05-02T11:24:42.435Z","level":"LOG","message":"[dotenv@17.2.1] injecting env (0) from .env.production -- tip: 🛠️  run anywhere with `dotenvx run -- yourcommand`"}
{"timestamp":"2026-05-02T11:24:42.494Z","level":"LOG","message":"🚀 http://localhost:3000"}
{"timestamp":"2026-05-02T11:24:42.513Z","level":"LOG","message":"[REQ] GET / | user:guest | ip:2a02:4780:8:11::2"}
{"timestamp":"2026-05-02T11:24:42.541Z","level":"LOG","message":"✅ Connexion à la base réussie !"}
{"timestamp":"2026-05-02T11:24:42.572Z","level":"LOG","message":"Sample hash: $argon2id$v=19$m=65536,t=3,p=4$pDSq6EPOaiT8LM8GuWN1cQ$ENMB/6IIEoztGVYGQH1I8HC7wuMLEIVQgGNyBkLEKzk"}
{"timestamp":"2026-05-02T11:24:42.664Z","level":"LOG","message":"✅ Email service configuré et prêt"}
{"timestamp":"2026-05-02T11:25:24.624Z","level":"LOG","message":"[REQ] GET /favicon.ico | user:guest | ip:2a02:4780:8:11::2"}
{"timestamp":"2026-05-02T11:25:38.220Z","level":"LOG","message":"[REQ] GET /apple-touch-icon.png | user:guest | ip:2a02:4780:8:11::2"}
{"timestamp":"2026-05-02T12:17:32.413Z","level":"LOG","message":"[REQ] GET /sitemap.xml | user:guest | ip:2a02:4780:2c:b::2"}
{"timestamp":"2026-05-02T12:17:32.434Z","level":"ERROR","message":"Sitemap error: Error\n    at Query.run (/home/u985847002/domains/emi-pulse.fr/nodejs/node_modules/sequelize/lib/dialects/mysql/query.js:52:25)\n    at /home/u985847002/domains/emi-pulse.fr/nodejs/node_modules/sequelize/lib/sequelize.js:315:28\n    at process.processTicksAndRejections (node:internal/process/task_queues:105:5)\n    at async MySQLQueryInterface.select (/home/u985847002/domains/emi-pulse.fr/nodejs/node_modules/sequelize/lib/dialects/abstract/query-interface.js:407:12)\n    at async Article.findAll (/home/u985847002/domains/emi-pulse.fr/nodejs/node_modules/sequelize/lib/model.js:1140:21)\n    at async generateSitemap (file:///home/u985847002/domains/emi-pulse.fr/nodejs/controllers/sitemap-rss-controller.js:11:22)"}
{"timestamp":"2026-05-02T13:28:09.566Z","level":"LOG","message":"[dotenv@17.2.1] injecting env (32) from .env.production -- tip: ⚙️  enable debug logging with { debug: true }"}
{"timestamp":"2026-05-02T13:28:09.772Z","level":"LOG","message":"[dotenv@17.2.1] injecting env (0) from .env -- tip: ⚙️  write to custom object with { processEnv: myObject }"}
{"timestamp":"2026-05-02T13:28:09.825Z","level":"LOG","message":"[dotenv@17.2.1] injecting env (0) from .env.production -- tip: ⚙️  enable debug logging with { debug: true }"}
{"timestamp":"2026-05-02T13:28:09.874Z","level":"LOG","message":"🚀 http://localhost:3000"}
{"timestamp":"2026-05-02T13:28:09.894Z","level":"LOG","message":"[REQ] GET /sitemap.xml | user:guest | ip:2a02:4780:2c:b::2"}
{"timestamp":"2026-05-02T13:28:09.957Z","level":"LOG","message":"Sample hash: $argon2id$v=19$m=65536,t=3,p=4$PKpX7P5W7CkRzcgb6GFs/w$UlXRhDBgiU/x8YpeXNArxVWLWoVDc0XW+KoXV1VNKfk"}
{"timestamp":"2026-05-02T13:28:10.054Z","level":"LOG","message":"✅ Connexion à la base réussie !"}
{"timestamp":"2026-05-02T13:28:10.059Z","level":"ERROR","message":"Sitemap error: Error\n    at Query.run (/home/u985847002/domains/emi-pulse.fr/nodejs/node_modules/sequelize/lib/dialects/mysql/query.js:52:25)\n    at /home/u985847002/domains/emi-pulse.fr/nodejs/node_modules/sequelize/lib/sequelize.js:315:28\n    at process.processTicksAndRejections (node:internal/process/task_queues:105:5)\n    at async MySQLQueryInterface.select (/home/u985847002/domains/emi-pulse.fr/nodejs/node_modules/sequelize/lib/dialects/abstract/query-interface.js:407:12)\n    at async Article.findAll (/home/u985847002/domains/emi-pulse.fr/nodejs/node_modules/sequelize/lib/model.js:1140:21)\n    at async generateSitemap (file:///home/u985847002/domains/emi-pulse.fr/nodejs/controllers/sitemap-rss-controller.js:11:22)"}
{"timestamp":"2026-05-02T13:28:10.078Z","level":"LOG","message":"✅ Email service configuré et prêt"}
{"timestamp":"2026-05-02T14:19:01.965Z","level":"LOG","message":"[dotenv@17.2.1] injecting env (32) from .env.production -- tip: ⚙️  suppress all logs with { quiet: true }"}
{"timestamp":"2026-05-02T14:19:02.213Z","level":"LOG","message":"[dotenv@17.2.1] injecting env (0) from .env -- tip: ⚙️  suppress all logs with { quiet: true }"}
{"timestamp":"2026-05-02T14:19:02.280Z","level":"LOG","message":"[dotenv@17.2.1] injecting env (0) from .env.production -- tip: ⚙️  override existing env vars with { override: true }"}
{"timestamp":"2026-05-02T14:19:02.336Z","level":"LOG","message":"🚀 http://localhost:3000"}
{"timestamp":"2026-05-02T14:19:02.361Z","level":"LOG","message":"[REQ] GET / | user:guest | ip:2a02:4780:2c:1a::2"}
{"timestamp":"2026-05-02T14:19:02.392Z","level":"LOG","message":"✅ Connexion à la base réussie !"}
{"timestamp":"2026-05-02T14:19:02.456Z","level":"LOG","message":"Sample hash: $argon2id$v=19$m=65536,t=3,p=4$8VW5b4KxgwDxmcOSrn7ghg$avLnipPmkVVe692Hp1nv6yMIXT+leL5uyXnipnjE890"}
{"timestamp":"2026-05-02T14:19:02.510Z","level":"LOG","message":"✅ Email service configuré et prêt"}
{"timestamp":"2026-05-02T14:19:03.351Z","level":"LOG","message":"[REQ] GET /favicon.ico | user:guest | ip:2a02:4780:2c:1a::2"}
{"timestamp":"2026-05-02T14:28:41.807Z","level":"LOG","message":"[REQ] GET /sitemap.xml | user:guest | ip:2a02:4780:2c:f::2"}
{"timestamp":"2026-05-02T14:28:41.816Z","level":"ERROR","message":"Sitemap error: Error\n    at Query.run (/home/u985847002/domains/emi-pulse.fr/nodejs/node_modules/sequelize/lib/dialects/mysql/query.js:52:25)\n    at /home/u985847002/domains/emi-pulse.fr/nodejs/node_modules/sequelize/lib/sequelize.js:315:28\n    at process.processTicksAndRejections (node:internal/process/task_queues:105:5)\n    at async MySQLQueryInterface.select (/home/u985847002/domains/emi-pulse.fr/nodejs/node_modules/sequelize/lib/dialects/abstract/query-interface.js:407:12)\n    at async Article.findAll (/home/u985847002/domains/emi-pulse.fr/nodejs/node_modules/sequelize/lib/model.js:1140:21)\n    at async generateSitemap (file:///home/u985847002/domains/emi-pulse.fr/nodejs/controllers/sitemap-rss-controller.js:11:22)"}
{"timestamp":"2026-05-02T15:42:26.380Z","level":"LOG","message":"[dotenv@17.2.1] injecting env (32) from .env.production -- tip: 🔐 encrypt with Dotenvx: https://dotenvx.com"}
{"timestamp":"2026-05-02T15:42:26.609Z","level":"LOG","message":"[dotenv@17.2.1] injecting env (0) from .env -- tip: 📡 version env with Radar: https://dotenvx.com/radar"}
{"timestamp":"2026-05-02T15:42:26.673Z","level":"LOG","message":"[dotenv@17.2.1] injecting env (0) from .env.production -- tip: ⚙️  load multiple .env files with { path: ['.env.local', '.env'] }"}
{"timestamp":"2026-05-02T15:42:26.728Z","level":"LOG","message":"🚀 http://localhost:3000"}
{"timestamp":"2026-05-02T15:42:26.751Z","level":"LOG","message":"[REQ] GET /sitemap.xml | user:guest | ip:2a02:4780:2c:d::3"}
{"timestamp":"2026-05-02T15:42:26.779Z","level":"LOG","message":"✅ Connexion à la base réussie !"}
{"timestamp":"2026-05-02T15:42:26.784Z","level":"ERROR","message":"Sitemap error: Error\n    at Query.run (/home/u985847002/domains/emi-pulse.fr/nodejs/node_modules/sequelize/lib/dialects/mysql/query.js:52:25)\n    at /home/u985847002/domains/emi-pulse.fr/nodejs/node_modules/sequelize/lib/sequelize.js:315:28\n    at process.processTicksAndRejections (node:internal/process/task_queues:105:5)\n    at async MySQLQueryInterface.select (/home/u985847002/domains/emi-pulse.fr/nodejs/node_modules/sequelize/lib/dialects/abstract/query-interface.js:407:12)\n    at async Article.findAll (/home/u985847002/domains/emi-pulse.fr/nodejs/node_modules/sequelize/lib/model.js:1140:21)\n    at async generateSitemap (file:///home/u985847002/domains/emi-pulse.fr/nodejs/controllers/sitemap-rss-controller.js:11:22)"}
{"timestamp":"2026-05-02T15:42:26.808Z","level":"LOG","message":"Sample hash: $argon2id$v=19$m=65536,t=3,p=4$D/uBI9gsZV9Zgz3UhlxqCw$dOSTfoFP8LjUInvVufv9z4uXAN1qRKPHkVuOfnt8Olg"}
{"timestamp":"2026-05-02T15:42:26.919Z","level":"LOG","message":"✅ Email service configuré et prêt"}
{"timestamp":"2026-05-02T15:51:21.339Z","level":"LOG","message":"[dotenv@17.2.1] injecting env (32) from .env.production -- tip: 🔐 encrypt with Dotenvx: https://dotenvx.com"}
{"timestamp":"2026-05-02T15:51:21.527Z","level":"LOG","message":"[dotenv@17.2.1] injecting env (0) from .env -- tip: 📡 observe env with Radar: https://dotenvx.com/radar"}
{"timestamp":"2026-05-02T15:51:21.575Z","level":"LOG","message":"[dotenv@17.2.1] injecting env (0) from .env.production -- tip: 📡 version env with Radar: https://dotenvx.com/radar"}
{"timestamp":"2026-05-02T15:51:21.620Z","level":"LOG","message":"🚀 http://localhost:3000"}
{"timestamp":"2026-05-02T15:51:21.640Z","level":"LOG","message":"[REQ] GET / | user:guest | ip:2a02:4780:11:3::2"}
{"timestamp":"2026-05-02T15:51:21.791Z","level":"LOG","message":"Sample hash: $argon2id$v=19$m=65536,t=3,p=4$nOAS+xoY4/WKbuniZPDxrA$H+doj92696lwZvRYZ8tgdOaNV3es03R2V3SqbE5ht54"}
{"timestamp":"2026-05-02T15:51:21.798Z","level":"LOG","message":"✅ Email service configuré et prêt"}
{"timestamp":"2026-05-02T15:51:21.955Z","level":"LOG","message":"✅ Connexion à la base réussie !"}
{"timestamp":"2026-05-02T15:51:22.888Z","level":"LOG","message":"[REQ] GET / | user:guest | ip:2a02:4780:11:13::2"}
{"timestamp":"2026-05-02T15:51:23.838Z","level":"LOG","message":"[REQ] GET /mentions-legales | user:guest | ip:2a02:4780:11:3::2"}
{"timestamp":"2026-05-02T15:51:24.727Z","level":"LOG","message":"[REQ] GET /article/categorie/Categorie%20TEST | user:guest | ip:2a02:4780:11:c::2"}
{"timestamp":"2026-05-02T15:51:25.680Z","level":"LOG","message":"[REQ] GET /renseignements | user:guest | ip:2a02:4780:11:7::2"}
{"timestamp":"2026-05-02T15:51:26.587Z","level":"LOG","message":"[REQ] GET /article/categorie/gergergerg | user:guest | ip:2a02:4780:11:15::2"}
{"timestamp":"2026-05-02T15:51:27.519Z","level":"LOG","message":"[REQ] GET /archive/2025/1 | user:guest | ip:2a02:4780:11:15::2"}
{"timestamp":"2026-05-02T15:51:27.525Z","level":"ERROR","message":"[500] ReferenceError: /home/u985847002/domains/emi-pulse.fr/nodejs/views/articles-by-month.ejs:12\n    10|         <div class=\"archive-main-content\">\n    11|           <article>\n >> 12|             <h1 class=\"archive-title\"><%= monthName %> <%= year %></h1>\n    13|             \n    14|             <% if (articles && articles.length > 0) { %>\n    15|               <div class=\"archive-articles\">\n\nmonthName is not defined\n    at eval (\"/home/u985847002/domains/emi-pulse.fr/nodejs/views/articles-by-month.ejs\":18:26)\n    at articles-by-month (/home/u985847002/domains/emi-pulse.fr/nodejs/node_modules/ejs/lib/ejs.js:703:17)\n    at tryHandleCache (/home/u985847002/domains/emi-pulse.fr/nodejs/node_modules/ejs/lib/ejs.js:274:36)\n    at exports.renderFile [as engine] (/home/u985847002/domains/emi-pulse.fr/nodejs/node_modules/ejs/lib/ejs.js:491:10)\n    at View.render (/home/u985847002/domains/emi-pulse.fr/nodejs/node_modules/express/lib/view.js:139:8)\n    at tryRender (/home/u985847002/domains/emi-pulse.fr/nodejs/node_modules/express/lib/application.js:627:10)\n    at Function.render (/home/u985847002/domains/emi-pulse.fr/nodejs/node_modules/express/lib/application.js:574:3)\n    at ServerResponse.render (/home/u985847002/domains/emi-pulse.fr/nodejs/node_modules/express/lib/response.js:909:7)\n    at getArticlesByMonth (file:///home/u985847002/domains/emi-pulse.fr/nodejs/controllers/home-controllers.js:151:9)\n    at process.processTicksAndRejections (node:internal/process/task_queues:105:5)"}
{"timestamp":"2026-05-02T15:51:28.597Z","level":"LOG","message":"[REQ] GET /article/categorie/grztgrtgr | user:guest | ip:2a02:4780:11:3::3"}
{"timestamp":"2026-05-02T15:51:29.492Z","level":"LOG","message":"[REQ] GET /archive/2025/2 | user:guest | ip:2a02:4780:11:c::2"}
{"timestamp":"2026-05-02T15:51:29.495Z","level":"ERROR","message":"[500] ReferenceError: /home/u985847002/domains/emi-pulse.fr/nodejs/views/articles-by-month.ejs:12\n    10|         <div class=\"archive-main-content\">\n    11|           <article>\n >> 12|             <h1 class=\"archive-title\"><%= monthName %> <%= year %></h1>\n    13|             \n    14|             <% if (articles && articles.length > 0) { %>\n    15|               <div class=\"archive-articles\">\n\nmonthName is not defined\n    at eval (\"/home/u985847002/domains/emi-pulse.fr/nodejs/views/articles-by-month.ejs\":18:26)\n    at articles-by-month (/home/u985847002/domains/emi-pulse.fr/nodejs/node_modules/ejs/lib/ejs.js:703:17)\n    at tryHandleCache (/home/u985847002/domains/emi-pulse.fr/nodejs/node_modules/ejs/lib/ejs.js:274:36)\n    at exports.renderFile [as engine] (/home/u985847002/domains/emi-pulse.fr/nodejs/node_modules/ejs/lib/ejs.js:491:10)\n    at View.render (/home/u985847002/domains/emi-pulse.fr/nodejs/node_modules/express/lib/view.js:139:8)\n    at tryRender (/home/u985847002/domains/emi-pulse.fr/nodejs/node_modules/express/lib/application.js:627:10)\n    at Function.render (/home/u985847002/domains/emi-pulse.fr/nodejs/node_modules/express/lib/application.js:574:3)\n    at ServerResponse.render (/home/u985847002/domains/emi-pulse.fr/nodejs/node_modules/express/lib/response.js:909:7)\n    at getArticlesByMonth (file:///home/u985847002/domains/emi-pulse.fr/nodejs/controllers/home-controllers.js:151:9)\n    at process.processTicksAndRejections (node:internal/process/task_queues:105:5)"}
{"timestamp":"2026-05-02T15:51:30.433Z","level":"LOG","message":"[REQ] GET /article/categorie/gzertgretg | user:guest | ip:2a02:4780:11:3::2"}
{"timestamp":"2026-05-02T15:51:31.404Z","level":"LOG","message":"[REQ] GET /archive/2025/3 | user:guest | ip:2a02:4780:11:5::2"}
{"timestamp":"2026-05-02T15:51:31.407Z","level":"ERROR","message":"[500] ReferenceError: /home/u985847002/domains/emi-pulse.fr/nodejs/views/articles-by-month.ejs:12\n    10|         <div class=\"archive-main-content\">\n    11|           <article>\n >> 12|             <h1 class=\"archive-title\"><%= monthName %> <%= year %></h1>\n    13|             \n    14|             <% if (articles && articles.length > 0) { %>\n    15|               <div class=\"archive-articles\">\n\nmonthName is not defined\n    at eval (\"/home/u985847002/domains/emi-pulse.fr/nodejs/views/articles-by-month.ejs\":18:26)\n    at articles-by-month (/home/u985847002/domains/emi-pulse.fr/nodejs/node_modules/ejs/lib/ejs.js:703:17)\n    at tryHandleCache (/home/u985847002/domains/emi-pulse.fr/nodejs/node_modules/ejs/lib/ejs.js:274:36)\n    at exports.renderFile [as engine] (/home/u985847002/domains/emi-pulse.fr/nodejs/node_modules/ejs/lib/ejs.js:491:10)\n    at View.render (/home/u985847002/domains/emi-pulse.fr/nodejs/node_modules/express/lib/view.js:139:8)\n    at tryRender (/home/u985847002/domains/emi-pulse.fr/nodejs/node_modules/express/lib/application.js:627:10)\n    at Function.render (/home/u985847002/domains/emi-pulse.fr/nodejs/node_modules/express/lib/application.js:574:3)\n    at ServerResponse.render (/home/u985847002/domains/emi-pulse.fr/nodejs/node_modules/express/lib/response.js:909:7)\n    at getArticlesByMonth (file:///home/u985847002/domains/emi-pulse.fr/nodejs/controllers/home-controllers.js:151:9)\n    at process.processTicksAndRejections (node:internal/process/task_queues:105:5)"}
{"timestamp":"2026-05-02T15:51:32.278Z","level":"LOG","message":"[REQ] GET /article/categorie/gzrtgrtgrtg | user:guest | ip:2a02:4780:11:13::2"}
{"timestamp":"2026-05-02T15:51:33.175Z","level":"LOG","message":"[REQ] GET /archive/2025/4 | user:guest | ip:2a02:4780:11:13::2"}
{"timestamp":"2026-05-02T15:51:33.177Z","level":"ERROR","message":"[500] ReferenceError: /home/u985847002/domains/emi-pulse.fr/nodejs/views/articles-by-month.ejs:12\n    10|         <div class=\"archive-main-content\">\n    11|           <article>\n >> 12|             <h1 class=\"archive-title\"><%= monthName %> <%= year %></h1>\n    13|             \n    14|             <% if (articles && articles.length > 0) { %>\n    15|               <div class=\"archive-articles\">\n\nmonthName is not defined\n    at eval (\"/home/u985847002/domains/emi-pulse.fr/nodejs/views/articles-by-month.ejs\":18:26)\n    at articles-by-month (/home/u985847002/domains/emi-pulse.fr/nodejs/node_modules/ejs/lib/ejs.js:703:17)\n    at tryHandleCache (/home/u985847002/domains/emi-pulse.fr/nodejs/node_modules/ejs/lib/ejs.js:274:36)\n    at exports.renderFile [as engine] (/home/u985847002/domains/emi-pulse.fr/nodejs/node_modules/ejs/lib/ejs.js:491:10)\n    at View.render (/home/u985847002/domains/emi-pulse.fr/nodejs/node_modules/express/lib/view.js:139:8)\n    at tryRender (/home/u985847002/domains/emi-pulse.fr/nodejs/node_modules/express/lib/application.js:627:10)\n    at Function.render (/home/u985847002/domains/emi-pulse.fr/nodejs/node_modules/express/lib/application.js:574:3)\n    at ServerResponse.render (/home/u985847002/domains/emi-pulse.fr/nodejs/node_modules/express/lib/response.js:909:7)\n    at getArticlesByMonth (file:///home/u985847002/domains/emi-pulse.fr/nodejs/controllers/home-controllers.js:151:9)\n    at process.processTicksAndRejections (node:internal/process/task_queues:105:5)"}
{"timestamp":"2026-05-02T15:51:34.093Z","level":"LOG","message":"[REQ] GET /article/categorie/test | user:guest | ip:2a02:4780:11:5::2"}
{"timestamp":"2026-05-02T15:51:34.996Z","level":"LOG","message":"[REQ] GET /archive/2025/5 | user:guest | ip:2a02:4780:11:3::3"}
{"timestamp":"2026-05-02T15:51:34.999Z","level":"ERROR","message":"[500] ReferenceError: /home/u985847002/domains/emi-pulse.fr/nodejs/views/articles-by-month.ejs:12\n    10|         <div class=\"archive-main-content\">\n    11|           <article>\n >> 12|             <h1 class=\"archive-title\"><%= monthName %> <%= year %></h1>\n    13|             \n    14|             <% if (articles && articles.length > 0) { %>\n    15|               <div class=\"archive-articles\">\n\nmonthName is not defined\n    at eval (\"/home/u985847002/domains/emi-pulse.fr/nodejs/views/articles-by-month.ejs\":18:26)\n    at articles-by-month (/home/u985847002/domains/emi-pulse.fr/nodejs/node_modules/ejs/lib/ejs.js:703:17)\n    at tryHandleCache (/home/u985847002/domains/emi-pulse.fr/nodejs/node_modules/ejs/lib/ejs.js:274:36)\n    at exports.renderFile [as engine] (/home/u985847002/domains/emi-pulse.fr/nodejs/node_modules/ejs/lib/ejs.js:491:10)\n    at View.render (/home/u985847002/domains/emi-pulse.fr/nodejs/node_modules/express/lib/view.js:139:8)\n    at tryRender (/home/u985847002/domains/emi-pulse.fr/nodejs/node_modules/express/lib/application.js:627:10)\n    at Function.render (/home/u985847002/domains/emi-pulse.fr/nodejs/node_modules/express/lib/application.js:574:3)\n    at ServerResponse.render (/home/u985847002/domains/emi-pulse.fr/nodejs/node_modules/express/lib/response.js:909:7)\n    at getArticlesByMonth (file:///home/u985847002/domains/emi-pulse.fr/nodejs/controllers/home-controllers.js:151:9)\n    at process.processTicksAndRejections (node:internal/process/task_queues:105:5)"}
{"timestamp":"2026-05-02T15:51:36.039Z","level":"LOG","message":"[REQ] GET /auth | user:guest | ip:2a02:4780:11:7::2"}
{"timestamp":"2026-05-02T15:51:36.039Z","level":"LOG","message":"📄 GET /auth"}
{"timestamp":"2026-05-02T15:51:36.975Z","level":"LOG","message":"[REQ] GET /archive/2025/6 | user:guest | ip:2a02:4780:11:7::2"}
{"timestamp":"2026-05-02T15:51:36.976Z","level":"ERROR","message":"[500] ReferenceError: /home/u985847002/domains/emi-pulse.fr/nodejs/views/articles-by-month.ejs:12\n    10|         <div class=\"archive-main-content\">\n    11|           <article>\n >> 12|             <h1 class=\"archive-title\"><%= monthName %> <%= year %></h1>\n    13|             \n    14|             <% if (articles && articles.length > 0) { %>\n    15|               <div class=\"archive-articles\">\n\nmonthName is not defined\n    at eval (\"/home/u985847002/domains/emi-pulse.fr/nodejs/views/articles-by-month.ejs\":18:26)\n    at articles-by-month (/home/u985847002/domains/emi-pulse.fr/nodejs/node_modules/ejs/lib/ejs.js:703:17)\n    at tryHandleCache (/home/u985847002/domains/emi-pulse.fr/nodejs/node_modules/ejs/lib/ejs.js:274:36)\n    at exports.renderFile [as engine] (/home/u985847002/domains/emi-pulse.fr/nodejs/node_modules/ejs/lib/ejs.js:491:10)\n    at View.render (/home/u985847002/domains/emi-pulse.fr/nodejs/node_modules/express/lib/view.js:139:8)\n    at tryRender (/home/u985847002/domains/emi-pulse.fr/nodejs/node_modules/express/lib/application.js:627:10)\n    at Function.render (/home/u985847002/domains/emi-pulse.fr/nodejs/node_modules/express/lib/application.js:574:3)\n    at ServerResponse.render (/home/u985847002/domains/emi-pulse.fr/nodejs/node_modules/express/lib/response.js:909:7)\n    at getArticlesByMonth (file:///home/u985847002/domains/emi-pulse.fr/nodejs/controllers/home-controllers.js:151:9)\n    at process.processTicksAndRejections (node:internal/process/task_queues:105:5)"}
{"timestamp":"2026-05-02T15:51:37.860Z","level":"LOG","message":"[REQ] GET /article/1 | user:guest | ip:2a02:4780:11:3::2"}
{"timestamp":"2026-05-02T15:51:38.797Z","level":"LOG","message":"[REQ] GET /archive/2025/7 | user:guest | ip:2a02:4780:11:3::2"}
{"timestamp":"2026-05-02T15:51:38.799Z","level":"ERROR","message":"[500] ReferenceError: /home/u985847002/domains/emi-pulse.fr/nodejs/views/articles-by-month.ejs:12\n    10|         <div class=\"archive-main-content\">\n    11|           <article>\n >> 12|             <h1 class=\"archive-title\"><%= monthName %> <%= year %></h1>\n    13|             \n    14|             <% if (articles && articles.length > 0) { %>\n    15|               <div class=\"archive-articles\">\n\nmonthName is not defined\n    at eval (\"/home/u985847002/domains/emi-pulse.fr/nodejs/views/articles-by-month.ejs\":18:26)\n    at articles-by-month (/home/u985847002/domains/emi-pulse.fr/nodejs/node_modules/ejs/lib/ejs.js:703:17)\n    at tryHandleCache (/home/u985847002/domains/emi-pulse.fr/nodejs/node_modules/ejs/lib/ejs.js:274:36)\n    at exports.renderFile [as engine] (/home/u985847002/domains/emi-pulse.fr/nodejs/node_modules/ejs/lib/ejs.js:491:10)\n    at View.render (/home/u985847002/domains/emi-pulse.fr/nodejs/node_modules/express/lib/view.js:139:8)\n    at tryRender (/home/u985847002/domains/emi-pulse.fr/nodejs/node_modules/express/lib/application.js:627:10)\n    at Function.render (/home/u985847002/domains/emi-pulse.fr/nodejs/node_modules/express/lib/application.js:574:3)\n    at ServerResponse.render (/home/u985847002/domains/emi-pulse.fr/nodejs/node_modules/express/lib/response.js:909:7)\n    at getArticlesByMonth (file:///home/u985847002/domains/emi-pulse.fr/nodejs/controllers/home-controllers.js:151:9)\n    at process.processTicksAndRejections (node:internal/process/task_queues:105:5)"}
{"timestamp":"2026-05-02T15:51:39.713Z","level":"LOG","message":"[REQ] GET /article/4 | user:guest | ip:2a02:4780:11:13::2"}
{"timestamp":"2026-05-02T15:51:39.717Z","level":"ERROR","message":"getArticleById error: TypeError: Cannot read properties of null (reading 'includes')\n    at generateOpenGraphImage (file:///home/u985847002/domains/emi-pulse.fr/nodejs/services/imageHelper.js:293:16)\n    at getArticleById (file:///home/u985847002/domains/emi-pulse.fr/nodejs/controllers/article-controller.js:173:20)\n    at process.processTicksAndRejections (node:internal/process/task_queues:105:5)"}
{"timestamp":"2026-05-02T15:51:40.611Z","level":"LOG","message":"[REQ] GET /archive/2025/8 | user:guest | ip:2a02:4780:11:15::2"}
{"timestamp":"2026-05-02T15:51:40.614Z","level":"ERROR","message":"[500] ReferenceError: /home/u985847002/domains/emi-pulse.fr/nodejs/views/articles-by-month.ejs:12\n    10|         <div class=\"archive-main-content\">\n    11|           <article>\n >> 12|             <h1 class=\"archive-title\"><%= monthName %> <%= year %></h1>\n    13|             \n    14|             <% if (articles && articles.length > 0) { %>\n    15|               <div class=\"archive-articles\">\n\nmonthName is not defined\n    at eval (\"/home/u985847002/domains/emi-pulse.fr/nodejs/views/articles-by-month.ejs\":18:26)\n    at articles-by-month (/home/u985847002/domains/emi-pulse.fr/nodejs/node_modules/ejs/lib/ejs.js:703:17)\n    at tryHandleCache (/home/u985847002/domains/emi-pulse.fr/nodejs/node_modules/ejs/lib/ejs.js:274:36)\n    at exports.renderFile [as engine] (/home/u985847002/domains/emi-pulse.fr/nodejs/node_modules/ejs/lib/ejs.js:491:10)\n    at View.render (/home/u985847002/domains/emi-pulse.fr/nodejs/node_modules/express/lib/view.js:139:8)\n    at tryRender (/home/u985847002/domains/emi-pulse.fr/nodejs/node_modules/express/lib/application.js:627:10)\n    at Function.render (/home/u985847002/domains/emi-pulse.fr/nodejs/node_modules/express/lib/application.js:574:3)\n    at ServerResponse.render (/home/u985847002/domains/emi-pulse.fr/nodejs/node_modules/express/lib/response.js:909:7)\n    at getArticlesByMonth (file:///home/u985847002/domains/emi-pulse.fr/nodejs/controllers/home-controllers.js:151:9)\n    at process.processTicksAndRejections (node:internal/process/task_queues:105:5)"}
{"timestamp":"2026-05-02T15:51:41.536Z","level":"LOG","message":"[REQ] GET /article/3 | user:guest | ip:2a02:4780:11:c::2"}
{"timestamp":"2026-05-02T15:51:41.541Z","level":"ERROR","message":"getArticleById error: TypeError: Cannot read properties of null (reading 'includes')\n    at generateOpenGraphImage (file:///home/u985847002/domains/emi-pulse.fr/nodejs/services/imageHelper.js:293:16)\n    at getArticleById (file:///home/u985847002/domains/emi-pulse.fr/nodejs/controllers/article-controller.js:173:20)\n    at process.processTicksAndRejections (node:internal/process/task_queues:105:5)"}
{"timestamp":"2026-05-02T15:51:42.415Z","level":"LOG","message":"[REQ] GET /archive/2025/9 | user:guest | ip:2a02:4780:11:5::2"}
{"timestamp":"2026-05-02T15:51:42.417Z","level":"ERROR","message":"[500] ReferenceError: /home/u985847002/domains/emi-pulse.fr/nodejs/views/articles-by-month.ejs:12\n    10|         <div class=\"archive-main-content\">\n    11|           <article>\n >> 12|             <h1 class=\"archive-title\"><%= monthName %> <%= year %></h1>\n    13|             \n    14|             <% if (articles && articles.length > 0) { %>\n    15|               <div class=\"archive-articles\">\n\nmonthName is not defined\n    at eval (\"/home/u985847002/domains/emi-pulse.fr/nodejs/views/articles-by-month.ejs\":18:26)\n    at articles-by-month (/home/u985847002/domains/emi-pulse.fr/nodejs/node_modules/ejs/lib/ejs.js:703:17)\n    at tryHandleCache (/home/u985847002/domains/emi-pulse.fr/nodejs/node_modules/ejs/lib/ejs.js:274:36)\n    at exports.renderFile [as engine] (/home/u985847002/domains/emi-pulse.fr/nodejs/node_modules/ejs/lib/ejs.js:491:10)\n    at View.render (/home/u985847002/domains/emi-pulse.fr/nodejs/node_modules/express/lib/view.js:139:8)\n    at tryRender (/home/u985847002/domains/emi-pulse.fr/nodejs/node_modules/express/lib/application.js:627:10)\n    at Function.render (/home/u985847002/domains/emi-pulse.fr/nodejs/node_modules/express/lib/application.js:574:3)\n    at ServerResponse.render (/home/u985847002/domains/emi-pulse.fr/nodejs/node_modules/express/lib/response.js:909:7)\n    at getArticlesByMonth (file:///home/u985847002/domains/emi-pulse.fr/nodejs/controllers/home-controllers.js:151:9)\n    at process.processTicksAndRejections (node:internal/process/task_queues:105:5)"}
{"timestamp":"2026-05-02T15:51:43.369Z","level":"LOG","message":"[REQ] GET /article/2 | user:guest | ip:2a02:4780:11:15::2"}
{"timestamp":"2026-05-02T15:51:44.266Z","level":"LOG","message":"[REQ] GET /archive/2025/10 | user:guest | ip:2a02:4780:11:5::2"}
{"timestamp":"2026-05-02T15:51:44.268Z","level":"ERROR","message":"[500] ReferenceError: /home/u985847002/domains/emi-pulse.fr/nodejs/views/articles-by-month.ejs:12\n    10|         <div class=\"archive-main-content\">\n    11|           <article>\n >> 12|             <h1 class=\"archive-title\"><%= monthName %> <%= year %></h1>\n    13|             \n    14|             <% if (articles && articles.length > 0) { %>\n    15|               <div class=\"archive-articles\">\n\nmonthName is not defined\n    at eval (\"/home/u985847002/domains/emi-pulse.fr/nodejs/views/articles-by-month.ejs\":18:26)\n    at articles-by-month (/home/u985847002/domains/emi-pulse.fr/nodejs/node_modules/ejs/lib/ejs.js:703:17)\n    at tryHandleCache (/home/u985847002/domains/emi-pulse.fr/nodejs/node_modules/ejs/lib/ejs.js:274:36)\n    at exports.renderFile [as engine] (/home/u985847002/domains/emi-pulse.fr/nodejs/node_modules/ejs/lib/ejs.js:491:10)\n    at View.render (/home/u985847002/domains/emi-pulse.fr/nodejs/node_modules/express/lib/view.js:139:8)\n    at tryRender (/home/u985847002/domains/emi-pulse.fr/nodejs/node_modules/express/lib/application.js:627:10)\n    at Function.render (/home/u985847002/domains/emi-pulse.fr/nodejs/node_modules/express/lib/application.js:574:3)\n    at ServerResponse.render (/home/u985847002/domains/emi-pulse.fr/nodejs/node_modules/express/lib/response.js:909:7)\n    at getArticlesByMonth (file:///home/u985847002/domains/emi-pulse.fr/nodejs/controllers/home-controllers.js:151:9)\n    at process.processTicksAndRejections (node:internal/process/task_queues:105:5)"}
{"timestamp":"2026-05-02T15:51:45.185Z","level":"LOG","message":"[REQ] GET /archive/2025/12 | user:guest | ip:2a02:4780:11:5::2"}
{"timestamp":"2026-05-02T15:51:45.187Z","level":"ERROR","message":"[500] ReferenceError: /home/u985847002/domains/emi-pulse.fr/nodejs/views/articles-by-month.ejs:12\n    10|         <div class=\"archive-main-content\">\n    11|           <article>\n >> 12|             <h1 class=\"archive-title\"><%= monthName %> <%= year %></h1>\n    13|             \n    14|             <% if (articles && articles.length > 0) { %>\n    15|               <div class=\"archive-articles\">\n\nmonthName is not defined\n    at eval (\"/home/u985847002/domains/emi-pulse.fr/nodejs/views/articles-by-month.ejs\":18:26)\n    at articles-by-month (/home/u985847002/domains/emi-pulse.fr/nodejs/node_modules/ejs/lib/ejs.js:703:17)\n    at tryHandleCache (/home/u985847002/domains/emi-pulse.fr/nodejs/node_modules/ejs/lib/ejs.js:274:36)\n    at exports.renderFile [as engine] (/home/u985847002/domains/emi-pulse.fr/nodejs/node_modules/ejs/lib/ejs.js:491:10)\n    at View.render (/home/u985847002/domains/emi-pulse.fr/nodejs/node_modules/express/lib/view.js:139:8)\n    at tryRender (/home/u985847002/domains/emi-pulse.fr/nodejs/node_modules/express/lib/application.js:627:10)\n    at Function.render (/home/u985847002/domains/emi-pulse.fr/nodejs/node_modules/express/lib/application.js:574:3)\n    at ServerResponse.render (/home/u985847002/domains/emi-pulse.fr/nodejs/node_modules/express/lib/response.js:909:7)\n    at getArticlesByMonth (file:///home/u985847002/domains/emi-pulse.fr/nodejs/controllers/home-controllers.js:151:9)\n    at process.processTicksAndRejections (node:internal/process/task_queues:105:5)"}
{"timestamp":"2026-05-02T15:51:46.082Z","level":"LOG","message":"[REQ] GET /archive/2025/11 | user:guest | ip:2a02:4780:11:5::2"}
{"timestamp":"2026-05-02T15:51:46.084Z","level":"ERROR","message":"[500] ReferenceError: /home/u985847002/domains/emi-pulse.fr/nodejs/views/articles-by-month.ejs:12\n    10|         <div class=\"archive-main-content\">\n    11|           <article>\n >> 12|             <h1 class=\"archive-title\"><%= monthName %> <%= year %></h1>\n    13|             \n    14|             <% if (articles && articles.length > 0) { %>\n    15|               <div class=\"archive-articles\">\n\nmonthName is not defined\n    at eval (\"/home/u985847002/domains/emi-pulse.fr/nodejs/views/articles-by-month.ejs\":18:26)\n    at articles-by-month (/home/u985847002/domains/emi-pulse.fr/nodejs/node_modules/ejs/lib/ejs.js:703:17)\n    at tryHandleCache (/home/u985847002/domains/emi-pulse.fr/nodejs/node_modules/ejs/lib/ejs.js:274:36)\n    at exports.renderFile [as engine] (/home/u985847002/domains/emi-pulse.fr/nodejs/node_modules/ejs/lib/ejs.js:491:10)\n    at View.render (/home/u985847002/domains/emi-pulse.fr/nodejs/node_modules/express/lib/view.js:139:8)\n    at tryRender (/home/u985847002/domains/emi-pulse.fr/nodejs/node_modules/express/lib/application.js:627:10)\n    at Function.render (/home/u985847002/domains/emi-pulse.fr/nodejs/node_modules/express/lib/application.js:574:3)\n    at ServerResponse.render (/home/u985847002/domains/emi-pulse.fr/nodejs/node_modules/express/lib/response.js:909:7)\n    at getArticlesByMonth (file:///home/u985847002/domains/emi-pulse.fr/nodejs/controllers/home-controllers.js:151:9)\n    at process.processTicksAndRejections (node:internal/process/task_queues:105:5)"}
{"timestamp":"2026-05-02T16:25:16.700Z","level":"LOG","message":"[REQ] GET /sitemap.xml | user:guest | ip:2a02:4780:2c:c::2"}
{"timestamp":"2026-05-02T16:25:16.706Z","level":"ERROR","message":"Sitemap error: Error\n    at Query.run (/home/u985847002/domains/emi-pulse.fr/nodejs/node_modules/sequelize/lib/dialects/mysql/query.js:52:25)\n    at /home/u985847002/domains/emi-pulse.fr/nodejs/node_modules/sequelize/lib/sequelize.js:315:28\n    at process.processTicksAndRejections (node:internal/process/task_queues:105:5)\n    at async MySQLQueryInterface.select (/home/u985847002/domains/emi-pulse.fr/nodejs/node_modules/sequelize/lib/dialects/abstract/query-interface.js:407:12)\n    at async Article.findAll (/home/u985847002/domains/emi-pulse.fr/nodejs/node_modules/sequelize/lib/model.js:1140:21)\n    at async generateSitemap (file:///home/u985847002/domains/emi-pulse.fr/nodejs/controllers/sitemap-rss-controller.js:11:22)"}
{"timestamp":"2026-05-02T16:25:41.854Z","level":"LOG","message":"[REQ] GET / | user:guest | ip:2a02:4780:a:4::6"}
{"timestamp":"2026-05-02T16:25:42.389Z","level":"LOG","message":"[REQ] GET / | user:guest | ip:2a02:4780:a:4::6"}
{"timestamp":"2026-05-02T16:25:42.445Z","level":"LOG","message":"[REQ] GET / | user:guest | ip:2a02:4780:a:4::6"}
{"timestamp":"2026-05-02T16:25:42.480Z","level":"LOG","message":"[REQ] GET /config.json | user:guest | ip:2a02:4780:a:4::6"}
{"timestamp":"2026-05-02T16:25:42.499Z","level":"LOG","message":"[REQ] GET /.aws/credentials | user:guest | ip:2a02:4780:a:4::6"}
{"timestamp":"2026-05-02T16:25:42.501Z","level":"LOG","message":"[REQ] GET /backend/.env | user:guest | ip:2a02:4780:a:4::6"}
{"timestamp":"2026-05-02T16:25:42.517Z","level":"LOG","message":"[REQ] GET /env | user:guest | ip:2a02:4780:a:8::2"}
{"timestamp":"2026-05-02T16:25:42.528Z","level":"LOG","message":"[REQ] GET /api/.env | user:guest | ip:2a02:4780:a:4::6"}
{"timestamp":"2026-05-02T16:25:42.537Z","level":"LOG","message":"[REQ] GET /.env | user:guest | ip:2a02:4780:a:8::2"}
{"timestamp":"2026-05-02T16:25:42.554Z","level":"LOG","message":"[REQ] GET /.env.local | user:guest | ip:2a02:4780:a:4::6"}
{"timestamp":"2026-05-02T16:25:42.556Z","level":"LOG","message":"[REQ] GET /js/config.js | user:guest | ip:2a02:4780:a:4::6"}
{"timestamp":"2026-05-02T16:25:42.557Z","level":"LOG","message":"[REQ] GET /.env.production | user:guest | ip:2a02:4780:a:8::2"}
{"timestamp":"2026-05-02T16:25:42.578Z","level":"LOG","message":"[REQ] GET /.env.development | user:guest | ip:2a02:4780:a:4::6"}
{"timestamp":"2026-05-02T16:25:42.593Z","level":"LOG","message":"[REQ] GET /mentions-legales | user:guest | ip:2a02:4780:a:4::6"}
{"timestamp":"2026-05-02T16:25:42.594Z","level":"LOG","message":"[REQ] GET /article/categorie/gergergerg | user:guest | ip:2a02:4780:a:4::6"}
{"timestamp":"2026-05-02T16:25:42.600Z","level":"LOG","message":"[REQ] GET /article/categorie/grztgrtgr | user:guest | ip:2a02:4780:a:8::2"}
{"timestamp":"2026-05-02T16:25:42.605Z","level":"LOG","message":"[REQ] GET /article/categorie/gzertgretg | user:guest | ip:2a02:4780:a:4::6"}
{"timestamp":"2026-05-02T16:25:42.613Z","level":"LOG","message":"[REQ] GET /article/categorie/gzrtgrtgrtg | user:guest | ip:2a02:4780:a:4::6"}
{"timestamp":"2026-05-02T16:25:42.618Z","level":"LOG","message":"[REQ] GET /article/categorie/test | user:guest | ip:2a02:4780:a:4::6"}
{"timestamp":"2026-05-02T16:25:42.628Z","level":"LOG","message":"[REQ] GET /archive/2025/8 | user:guest | ip:2a02:4780:a:8::2"}
{"timestamp":"2026-05-02T16:25:42.630Z","level":"ERROR","message":"[500] ReferenceError: /home/u985847002/domains/emi-pulse.fr/nodejs/views/articles-by-month.ejs:12\n    10|         <div class=\"archive-main-content\">\n    11|           <article>\n >> 12|             <h1 class=\"archive-title\"><%= monthName %> <%= year %></h1>\n    13|             \n    14|             <% if (articles && articles.length > 0) { %>\n    15|               <div class=\"archive-articles\">\n\nmonthName is not defined\n    at eval (\"/home/u985847002/domains/emi-pulse.fr/nodejs/views/articles-by-month.ejs\":18:26)\n    at articles-by-month (/home/u985847002/domains/emi-pulse.fr/nodejs/node_modules/ejs/lib/ejs.js:703:17)\n    at tryHandleCache (/home/u985847002/domains/emi-pulse.fr/nodejs/node_modules/ejs/lib/ejs.js:274:36)\n    at exports.renderFile [as engine] (/home/u985847002/domains/emi-pulse.fr/nodejs/node_modules/ejs/lib/ejs.js:491:10)\n    at View.render (/home/u985847002/domains/emi-pulse.fr/nodejs/node_modules/express/lib/view.js:139:8)\n    at tryRender (/home/u985847002/domains/emi-pulse.fr/nodejs/node_modules/express/lib/application.js:627:10)\n    at Function.render (/home/u985847002/domains/emi-pulse.fr/nodejs/node_modules/express/lib/application.js:574:3)\n    at ServerResponse.render (/home/u985847002/domains/emi-pulse.fr/nodejs/node_modules/express/lib/response.js:909:7)\n    at getArticlesByMonth (file:///home/u985847002/domains/emi-pulse.fr/nodejs/controllers/home-controllers.js:151:9)\n    at process.processTicksAndRejections (node:internal/process/task_queues:105:5)"}
{"timestamp":"2026-05-02T16:25:42.633Z","level":"LOG","message":"[REQ] GET /archive/2025/7 | user:guest | ip:2a02:4780:a:4::6"}
{"timestamp":"2026-05-02T16:25:42.634Z","level":"ERROR","message":"[500] ReferenceError: /home/u985847002/domains/emi-pulse.fr/nodejs/views/articles-by-month.ejs:12\n    10|         <div class=\"archive-main-content\">\n    11|           <article>\n >> 12|             <h1 class=\"archive-title\"><%= monthName %> <%= year %></h1>\n    13|             \n    14|             <% if (articles && articles.length > 0) { %>\n    15|               <div class=\"archive-articles\">\n\nmonthName is not defined\n    at eval (\"/home/u985847002/domains/emi-pulse.fr/nodejs/views/articles-by-month.ejs\":18:26)\n    at articles-by-month (/home/u985847002/domains/emi-pulse.fr/nodejs/node_modules/ejs/lib/ejs.js:703:17)\n    at tryHandleCache (/home/u985847002/domains/emi-pulse.fr/nodejs/node_modules/ejs/lib/ejs.js:274:36)\n    at exports.renderFile [as engine] (/home/u985847002/domains/emi-pulse.fr/nodejs/node_modules/ejs/lib/ejs.js:491:10)\n    at View.render (/home/u985847002/domains/emi-pulse.fr/nodejs/node_modules/express/lib/view.js:139:8)\n    at tryRender (/home/u985847002/domains/emi-pulse.fr/nodejs/node_modules/express/lib/application.js:627:10)\n    at Function.render (/home/u985847002/domains/emi-pulse.fr/nodejs/node_modules/express/lib/application.js:574:3)\n    at ServerResponse.render (/home/u985847002/domains/emi-pulse.fr/nodejs/node_modules/express/lib/response.js:909:7)\n    at getArticlesByMonth (file:///home/u985847002/domains/emi-pulse.fr/nodejs/controllers/home-controllers.js:151:9)\n    at process.processTicksAndRejections (node:internal/process/task_queues:105:5)"}
{"timestamp":"2026-05-02T16:25:42.635Z","level":"LOG","message":"[REQ] GET /archive/2025/9 | user:guest | ip:2a02:4780:a:4::6"}
{"timestamp":"2026-05-02T16:25:42.636Z","level":"ERROR","message":"[500] ReferenceError: /home/u985847002/domains/emi-pulse.fr/nodejs/views/articles-by-month.ejs:12\n    10|         <div class=\"archive-main-content\">\n    11|           <article>\n >> 12|             <h1 class=\"archive-title\"><%= monthName %> <%= year %></h1>\n    13|             \n    14|             <% if (articles && articles.length > 0) { %>\n    15|               <div class=\"archive-articles\">\n\nmonthName is not defined\n    at eval (\"/home/u985847002/domains/emi-pulse.fr/nodejs/views/articles-by-month.ejs\":18:26)\n    at articles-by-month (/home/u985847002/domains/emi-pulse.fr/nodejs/node_modules/ejs/lib/ejs.js:703:17)\n    at tryHandleCache (/home/u985847002/domains/emi-pulse.fr/nodejs/node_modules/ejs/lib/ejs.js:274:36)\n    at exports.renderFile [as engine] (/home/u985847002/domains/emi-pulse.fr/nodejs/node_modules/ejs/lib/ejs.js:491:10)\n    at View.render (/home/u985847002/domains/emi-pulse.fr/nodejs/node_modules/express/lib/view.js:139:8)\n    at tryRender (/home/u985847002/domains/emi-pulse.fr/nodejs/node_modules/express/lib/application.js:627:10)\n    at Function.render (/home/u985847002/domains/emi-pulse.fr/nodejs/node_modules/express/lib/application.js:574:3)\n    at ServerResponse.render (/home/u985847002/domains/emi-pulse.fr/nodejs/node_modules/express/lib/response.js:909:7)\n    at getArticlesByMonth (file:///home/u985847002/domains/emi-pulse.fr/nodejs/controllers/home-controllers.js:151:9)\n    at process.processTicksAndRejections (node:internal/process/task_queues:105:5)"}
{"timestamp":"2026-05-02T16:25:42.637Z","level":"LOG","message":"[REQ] GET /archive/2025/6 | user:guest | ip:2a02:4780:a:4::6"}
{"timestamp":"2026-05-02T16:25:42.638Z","level":"LOG","message":"[REQ] GET / | user:guest | ip:2a02:4780:a:4::6"}
{"timestamp":"2026-05-02T16:25:42.641Z","level":"ERROR","message":"[500] ReferenceError: /home/u985847002/domains/emi-pulse.fr/nodejs/views/articles-by-month.ejs:12\n    10|         <div class=\"archive-main-content\">\n    11|           <article>\n >> 12|             <h1 class=\"archive-title\"><%= monthName %> <%= year %></h1>\n    13|             \n    14|             <% if (articles && articles.length > 0) { %>\n    15|               <div class=\"archive-articles\">\n\nmonthName is not defined\n    at eval (\"/home/u985847002/domains/emi-pulse.fr/nodejs/views/articles-by-month.ejs\":18:26)\n    at articles-by-month (/home/u985847002/domains/emi-pulse.fr/nodejs/node_modules/ejs/lib/ejs.js:703:17)\n    at tryHandleCache (/home/u985847002/domains/emi-pulse.fr/nodejs/node_modules/ejs/lib/ejs.js:274:36)\n    at exports.renderFile [as engine] (/home/u985847002/domains/emi-pulse.fr/nodejs/node_modules/ejs/lib/ejs.js:491:10)\n    at View.render (/home/u985847002/domains/emi-pulse.fr/nodejs/node_modules/express/lib/view.js:139:8)\n    at tryRender (/home/u985847002/domains/emi-pulse.fr/nodejs/node_modules/express/lib/application.js:627:10)\n    at Function.render (/home/u985847002/domains/emi-pulse.fr/nodejs/node_modules/express/lib/application.js:574:3)\n    at ServerResponse.render (/home/u985847002/domains/emi-pulse.fr/nodejs/node_modules/express/lib/response.js:909:7)\n    at getArticlesByMonth (file:///home/u985847002/domains/emi-pulse.fr/nodejs/controllers/home-controllers.js:151:9)\n    at process.processTicksAndRejections (node:internal/process/task_queues:105:5)"}
{"timestamp":"2026-05-02T16:25:42.642Z","level":"LOG","message":"[REQ] GET /archive/2025/5 | user:guest | ip:2a02:4780:a:4::6"}
{"timestamp":"2026-05-02T16:25:42.646Z","level":"ERROR","message":"[500] ReferenceError: /home/u985847002/domains/emi-pulse.fr/nodejs/views/articles-by-month.ejs:12\n    10|         <div class=\"archive-main-content\">\n    11|           <article>\n >> 12|             <h1 class=\"archive-title\"><%= monthName %> <%= year %></h1>\n    13|             \n    14|             <% if (articles && articles.length > 0) { %>\n    15|               <div class=\"archive-articles\">\n\nmonthName is not defined\n    at eval (\"/home/u985847002/domains/emi-pulse.fr/nodejs/views/articles-by-month.ejs\":18:26)\n    at articles-by-month (/home/u985847002/domains/emi-pulse.fr/nodejs/node_modules/ejs/lib/ejs.js:703:17)\n    at tryHandleCache (/home/u985847002/domains/emi-pulse.fr/nodejs/node_modules/ejs/lib/ejs.js:274:36)\n    at exports.renderFile [as engine] (/home/u985847002/domains/emi-pulse.fr/nodejs/node_modules/ejs/lib/ejs.js:491:10)\n    at View.render (/home/u985847002/domains/emi-pulse.fr/nodejs/node_modules/express/lib/view.js:139:8)\n    at tryRender (/home/u985847002/domains/emi-pulse.fr/nodejs/node_modules/express/lib/application.js:627:10)\n    at Function.render (/home/u985847002/domains/emi-pulse.fr/nodejs/node_modules/express/lib/application.js:574:3)\n    at ServerResponse.render (/home/u985847002/domains/emi-pulse.fr/nodejs/node_modules/express/lib/response.js:909:7)\n    at getArticlesByMonth (file:///home/u985847002/domains/emi-pulse.fr/nodejs/controllers/home-controllers.js:151:9)\n    at process.processTicksAndRejections (node:internal/process/task_queues:105:5)"}
{"timestamp":"2026-05-02T16:25:42.651Z","level":"LOG","message":"[REQ] GET /auth | user:guest | ip:2a02:4780:a:8::2"}
{"timestamp":"2026-05-02T16:25:42.652Z","level":"LOG","message":"📄 GET /auth"}
{"timestamp":"2026-05-02T16:25:42.658Z","level":"LOG","message":"[REQ] GET /renseignements | user:guest | ip:2a02:4780:a:4::6"}
{"timestamp":"2026-05-02T16:25:42.659Z","level":"LOG","message":"[REQ] GET /archive/2025/4 | user:guest | ip:2a02:4780:a:4::6"}
{"timestamp":"2026-05-02T16:25:42.662Z","level":"ERROR","message":"[500] ReferenceError: /home/u985847002/domains/emi-pulse.fr/nodejs/views/articles-by-month.ejs:12\n    10|         <div class=\"archive-main-content\">\n    11|           <article>\n >> 12|             <h1 class=\"archive-title\"><%= monthName %> <%= year %></h1>\n    13|             \n    14|             <% if (articles && articles.length > 0) { %>\n    15|               <div class=\"archive-articles\">\n\nmonthName is not defined\n    at eval (\"/home/u985847002/domains/emi-pulse.fr/nodejs/views/articles-by-month.ejs\":18:26)\n    at articles-by-month (/home/u985847002/domains/emi-pulse.fr/nodejs/node_modules/ejs/lib/ejs.js:703:17)\n    at tryHandleCache (/home/u985847002/domains/emi-pulse.fr/nodejs/node_modules/ejs/lib/ejs.js:274:36)\n    at exports.renderFile [as engine] (/home/u985847002/domains/emi-pulse.fr/nodejs/node_modules/ejs/lib/ejs.js:491:10)\n    at View.render (/home/u985847002/domains/emi-pulse.fr/nodejs/node_modules/express/lib/view.js:139:8)\n    at tryRender (/home/u985847002/domains/emi-pulse.fr/nodejs/node_modules/express/lib/application.js:627:10)\n    at Function.render (/home/u985847002/domains/emi-pulse.fr/nodejs/node_modules/express/lib/application.js:574:3)\n    at ServerResponse.render (/home/u985847002/domains/emi-pulse.fr/nodejs/node_modules/express/lib/response.js:909:7)\n    at getArticlesByMonth (file:///home/u985847002/domains/emi-pulse.fr/nodejs/controllers/home-controllers.js:151:9)\n    at process.processTicksAndRejections (node:internal/process/task_queues:105:5)"}
{"timestamp":"2026-05-02T16:25:42.663Z","level":"LOG","message":"[REQ] GET /archive/2025/3 | user:guest | ip:2a02:4780:a:4::6"}
{"timestamp":"2026-05-02T16:25:42.665Z","level":"ERROR","message":"[500] ReferenceError: /home/u985847002/domains/emi-pulse.fr/nodejs/views/articles-by-month.ejs:12\n    10|         <div class=\"archive-main-content\">\n    11|           <article>\n >> 12|             <h1 class=\"archive-title\"><%= monthName %> <%= year %></h1>\n    13|             \n    14|             <% if (articles && articles.length > 0) { %>\n    15|               <div class=\"archive-articles\">\n\nmonthName is not defined\n    at eval (\"/home/u985847002/domains/emi-pulse.fr/nodejs/views/articles-by-month.ejs\":18:26)\n    at articles-by-month (/home/u985847002/domains/emi-pulse.fr/nodejs/node_modules/ejs/lib/ejs.js:703:17)\n    at tryHandleCache (/home/u985847002/domains/emi-pulse.fr/nodejs/node_modules/ejs/lib/ejs.js:274:36)\n    at exports.renderFile [as engine] (/home/u985847002/domains/emi-pulse.fr/nodejs/node_modules/ejs/lib/ejs.js:491:10)\n    at View.render (/home/u985847002/domains/emi-pulse.fr/nodejs/node_modules/express/lib/view.js:139:8)\n    at tryRender (/home/u985847002/domains/emi-pulse.fr/nodejs/node_modules/express/lib/application.js:627:10)\n    at Function.render (/home/u985847002/domains/emi-pulse.fr/nodejs/node_modules/express/lib/application.js:574:3)\n    at ServerResponse.render (/home/u985847002/domains/emi-pulse.fr/nodejs/node_modules/express/lib/response.js:909:7)\n    at getArticlesByMonth (file:///home/u985847002/domains/emi-pulse.fr/nodejs/controllers/home-controllers.js:151:9)\n    at process.processTicksAndRejections (node:internal/process/task_queues:105:5)"}
{"timestamp":"2026-05-02T16:25:42.666Z","level":"LOG","message":"[REQ] GET /article/4 | user:guest | ip:2a02:4780:a:4::6"}
{"timestamp":"2026-05-02T16:25:42.670Z","level":"ERROR","message":"getArticleById error: TypeError: Cannot read properties of null (reading 'includes')\n    at generateOpenGraphImage (file:///home/u985847002/domains/emi-pulse.fr/nodejs/services/imageHelper.js:293:16)\n    at getArticleById (file:///home/u985847002/domains/emi-pulse.fr/nodejs/controllers/article-controller.js:173:20)\n    at process.processTicksAndRejections (node:internal/process/task_queues:105:5)"}
{"timestamp":"2026-05-02T16:25:42.671Z","level":"LOG","message":"[REQ] GET /archive/2025/2 | user:guest | ip:2a02:4780:a:8::2"}
{"timestamp":"2026-05-02T16:25:42.673Z","level":"ERROR","message":"[500] ReferenceError: /home/u985847002/domains/emi-pulse.fr/nodejs/views/articles-by-month.ejs:12\n    10|         <div class=\"archive-main-content\">\n    11|           <article>\n >> 12|             <h1 class=\"archive-title\"><%= monthName %> <%= year %></h1>\n    13|             \n    14|             <% if (articles && articles.length > 0) { %>\n    15|               <div class=\"archive-articles\">\n\nmonthName is not defined\n    at eval (\"/home/u985847002/domains/emi-pulse.fr/nodejs/views/articles-by-month.ejs\":18:26)\n    at articles-by-month (/home/u985847002/domains/emi-pulse.fr/nodejs/node_modules/ejs/lib/ejs.js:703:17)\n    at tryHandleCache (/home/u985847002/domains/emi-pulse.fr/nodejs/node_modules/ejs/lib/ejs.js:274:36)\n    at exports.renderFile [as engine] (/home/u985847002/domains/emi-pulse.fr/nodejs/node_modules/ejs/lib/ejs.js:491:10)\n    at View.render (/home/u985847002/domains/emi-pulse.fr/nodejs/node_modules/express/lib/view.js:139:8)\n    at tryRender (/home/u985847002/domains/emi-pulse.fr/nodejs/node_modules/express/lib/application.js:627:10)\n    at Function.render (/home/u985847002/domains/emi-pulse.fr/nodejs/node_modules/express/lib/application.js:574:3)\n    at ServerResponse.render (/home/u985847002/domains/emi-pulse.fr/nodejs/node_modules/express/lib/response.js:909:7)\n    at getArticlesByMonth (file:///home/u985847002/domains/emi-pulse.fr/nodejs/controllers/home-controllers.js:151:9)\n    at process.processTicksAndRejections (node:internal/process/task_queues:105:5)"}
{"timestamp":"2026-05-02T16:25:42.674Z","level":"LOG","message":"[REQ] GET /article/3 | user:guest | ip:2a02:4780:a:4::6"}
{"timestamp":"2026-05-02T16:25:42.678Z","level":"ERROR","message":"getArticleById error: TypeError: Cannot read properties of null (reading 'includes')\n    at generateOpenGraphImage (file:///home/u985847002/domains/emi-pulse.fr/nodejs/services/imageHelper.js:293:16)\n    at getArticleById (file:///home/u985847002/domains/emi-pulse.fr/nodejs/controllers/article-controller.js:173:20)\n    at process.processTicksAndRejections (node:internal/process/task_queues:105:5)"}
{"timestamp":"2026-05-02T16:25:42.679Z","level":"LOG","message":"[REQ] GET /archive/2025/1 | user:guest | ip:2a02:4780:a:4::6"}
{"timestamp":"2026-05-02T16:25:42.681Z","level":"ERROR","message":"[500] ReferenceError: /home/u985847002/domains/emi-pulse.fr/nodejs/views/articles-by-month.ejs:12\n    10|         <div class=\"archive-main-content\">\n    11|           <article>\n >> 12|             <h1 class=\"archive-title\"><%= monthName %> <%= year %></h1>\n    13|             \n    14|             <% if (articles && articles.length > 0) { %>\n    15|               <div class=\"archive-articles\">\n\nmonthName is not defined\n    at eval (\"/home/u985847002/domains/emi-pulse.fr/nodejs/views/articles-by-month.ejs\":18:26)\n    at articles-by-month (/home/u985847002/domains/emi-pulse.fr/nodejs/node_modules/ejs/lib/ejs.js:703:17)\n    at tryHandleCache (/home/u985847002/domains/emi-pulse.fr/nodejs/node_modules/ejs/lib/ejs.js:274:36)\n    at exports.renderFile [as engine] (/home/u985847002/domains/emi-pulse.fr/nodejs/node_modules/ejs/lib/ejs.js:491:10)\n    at View.render (/home/u985847002/domains/emi-pulse.fr/nodejs/node_modules/express/lib/view.js:139:8)\n    at tryRender (/home/u985847002/domains/emi-pulse.fr/nodejs/node_modules/express/lib/application.js:627:10)\n    at Function.render (/home/u985847002/domains/emi-pulse.fr/nodejs/node_modules/express/lib/application.js:574:3)\n    at ServerResponse.render (/home/u985847002/domains/emi-pulse.fr/nodejs/node_modules/express/lib/response.js:909:7)\n    at getArticlesByMonth (file:///home/u985847002/domains/emi-pulse.fr/nodejs/controllers/home-controllers.js:151:9)\n    at process.processTicksAndRejections (node:internal/process/task_queues:105:5)"}
{"timestamp":"2026-05-02T16:25:42.683Z","level":"LOG","message":"[REQ] GET /archive/2025/12 | user:guest | ip:2a02:4780:a:4::6"}
{"timestamp":"2026-05-02T16:25:42.685Z","level":"ERROR","message":"[500] ReferenceError: /home/u985847002/domains/emi-pulse.fr/nodejs/views/articles-by-month.ejs:12\n    10|         <div class=\"archive-main-content\">\n    11|           <article>\n >> 12|             <h1 class=\"archive-title\"><%= monthName %> <%= year %></h1>\n    13|             \n    14|             <% if (articles && articles.length > 0) { %>\n    15|               <div class=\"archive-articles\">\n\nmonthName is not defined\n    at eval (\"/home/u985847002/domains/emi-pulse.fr/nodejs/views/articles-by-month.ejs\":18:26)\n    at articles-by-month (/home/u985847002/domains/emi-pulse.fr/nodejs/node_modules/ejs/lib/ejs.js:703:17)\n    at tryHandleCache (/home/u985847002/domains/emi-pulse.fr/nodejs/node_modules/ejs/lib/ejs.js:274:36)\n    at exports.renderFile [as engine] (/home/u985847002/domains/emi-pulse.fr/nodejs/node_modules/ejs/lib/ejs.js:491:10)\n    at View.render (/home/u985847002/domains/emi-pulse.fr/nodejs/node_modules/express/lib/view.js:139:8)\n    at tryRender (/home/u985847002/domains/emi-pulse.fr/nodejs/node_modules/express/lib/application.js:627:10)\n    at Function.render (/home/u985847002/domains/emi-pulse.fr/nodejs/node_modules/express/lib/application.js:574:3)\n    at ServerResponse.render (/home/u985847002/domains/emi-pulse.fr/nodejs/node_modules/express/lib/response.js:909:7)\n    at getArticlesByMonth (file:///home/u985847002/domains/emi-pulse.fr/nodejs/controllers/home-controllers.js:151:9)\n    at process.processTicksAndRejections (node:internal/process/task_queues:105:5)"}
{"timestamp":"2026-05-02T16:25:42.687Z","level":"LOG","message":"[REQ] GET /article/categorie/Categorie%20TEST | user:guest | ip:2a02:4780:a:4::6"}
{"timestamp":"2026-05-02T16:25:42.688Z","level":"LOG","message":"[REQ] GET /archive/2025/11 | user:guest | ip:2a02:4780:a:4::6"}
{"timestamp":"2026-05-02T16:25:42.691Z","level":"ERROR","message":"[500] ReferenceError: /home/u985847002/domains/emi-pulse.fr/nodejs/views/articles-by-month.ejs:12\n    10|         <div class=\"archive-main-content\">\n    11|           <article>\n >> 12|             <h1 class=\"archive-title\"><%= monthName %> <%= year %></h1>\n    13|             \n    14|             <% if (articles && articles.length > 0) { %>\n    15|               <div class=\"archive-articles\">\n\nmonthName is not defined\n    at eval (\"/home/u985847002/domains/emi-pulse.fr/nodejs/views/articles-by-month.ejs\":18:26)\n    at articles-by-month (/home/u985847002/domains/emi-pulse.fr/nodejs/node_modules/ejs/lib/ejs.js:703:17)\n    at tryHandleCache (/home/u985847002/domains/emi-pulse.fr/nodejs/node_modules/ejs/lib/ejs.js:274:36)\n    at exports.renderFile [as engine] (/home/u985847002/domains/emi-pulse.fr/nodejs/node_modules/ejs/lib/ejs.js:491:10)\n    at View.render (/home/u985847002/domains/emi-pulse.fr/nodejs/node_modules/express/lib/view.js:139:8)\n    at tryRender (/home/u985847002/domains/emi-pulse.fr/nodejs/node_modules/express/lib/application.js:627:10)\n    at Function.render (/home/u985847002/domains/emi-pulse.fr/nodejs/node_modules/express/lib/application.js:574:3)\n    at ServerResponse.render (/home/u985847002/domains/emi-pulse.fr/nodejs/node_modules/express/lib/response.js:909:7)\n    at getArticlesByMonth (file:///home/u985847002/domains/emi-pulse.fr/nodejs/controllers/home-controllers.js:151:9)\n    at process.processTicksAndRejections (node:internal/process/task_queues:105:5)"}
{"timestamp":"2026-05-02T16:25:42.695Z","level":"LOG","message":"[REQ] GET /archive/2025/10 | user:guest | ip:2a02:4780:a:8::2"}
{"timestamp":"2026-05-02T16:25:42.696Z","level":"ERROR","message":"[500] ReferenceError: /home/u985847002/domains/emi-pulse.fr/nodejs/views/articles-by-month.ejs:12\n    10|         <div class=\"archive-main-content\">\n    11|           <article>\n >> 12|             <h1 class=\"archive-title\"><%= monthName %> <%= year %></h1>\n    13|             \n    14|             <% if (articles && articles.length > 0) { %>\n    15|               <div class=\"archive-articles\">\n\nmonthName is not defined\n    at eval (\"/home/u985847002/domains/emi-pulse.fr/nodejs/views/articles-by-month.ejs\":18:26)\n    at articles-by-month (/home/u985847002/domains/emi-pulse.fr/nodejs/node_modules/ejs/lib/ejs.js:703:17)\n    at tryHandleCache (/home/u985847002/domains/emi-pulse.fr/nodejs/node_modules/ejs/lib/ejs.js:274:36)\n    at exports.renderFile [as engine] (/home/u985847002/domains/emi-pulse.fr/nodejs/node_modules/ejs/lib/ejs.js:491:10)\n    at View.render (/home/u985847002/domains/emi-pulse.fr/nodejs/node_modules/express/lib/view.js:139:8)\n    at tryRender (/home/u985847002/domains/emi-pulse.fr/nodejs/node_modules/express/lib/application.js:627:10)\n    at Function.render (/home/u985847002/domains/emi-pulse.fr/nodejs/node_modules/express/lib/application.js:574:3)\n    at ServerResponse.render (/home/u985847002/domains/emi-pulse.fr/nodejs/node_modules/express/lib/response.js:909:7)\n    at getArticlesByMonth (file:///home/u985847002/domains/emi-pulse.fr/nodejs/controllers/home-controllers.js:151:9)\n    at process.processTicksAndRejections (node:internal/process/task_queues:105:5)"}
{"timestamp":"2026-05-02T16:25:42.698Z","level":"LOG","message":"[REQ] GET /article/2 | user:guest | ip:2a02:4780:a:4::6"}
{"timestamp":"2026-05-02T16:25:42.700Z","level":"LOG","message":"[REQ] GET /article/1 | user:guest | ip:2a02:4780:a:4::6"}
{"timestamp":"2026-05-02T16:25:42.795Z","level":"LOG","message":"[REQ] GET /article | user:guest | ip:2a02:4780:a:4::6"}
{"timestamp":"2026-05-02T16:25:42.796Z","level":"LOG","message":"[REQ] GET /auth/register | user:guest | ip:2a02:4780:a:8::2"}
{"timestamp":"2026-05-02T16:25:42.796Z","level":"LOG","message":"📄 GET /auth/register"}
{"timestamp":"2026-05-02T16:25:42.803Z","level":"LOG","message":"[REQ] GET /auth/forgot | user:guest | ip:2a02:4780:a:4::6"}
{"timestamp":"2026-05-02T16:25:42.848Z","level":"LOG","message":"[REQ] GET /article/ | user:guest | ip:2a02:4780:a:4::6"}
{"timestamp":"2026-05-02T17:11:03.169Z","level":"LOG","message":"[dotenv@17.2.1] injecting env (32) from .env.production -- tip: 🔐 prevent building .env in docker: https://dotenvx.com/prebuild"}
{"timestamp":"2026-05-02T17:11:03.411Z","level":"LOG","message":"[dotenv@17.2.1] injecting env (0) from .env -- tip: 🔐 encrypt with Dotenvx: https://dotenvx.com"}
{"timestamp":"2026-05-02T17:11:03.472Z","level":"LOG","message":"[dotenv@17.2.1] injecting env (0) from .env.production -- tip: 📡 version env with Radar: https://dotenvx.com/radar"}
{"timestamp":"2026-05-02T17:11:03.543Z","level":"LOG","message":"🚀 http://localhost:3000"}
{"timestamp":"2026-05-02T17:11:03.574Z","level":"LOG","message":"[REQ] GET /sitemap.xml | user:guest | ip:2a02:4780:2c:c::2"}
{"timestamp":"2026-05-02T17:11:03.614Z","level":"LOG","message":"✅ Connexion à la base réussie !"}
{"timestamp":"2026-05-02T17:11:03.643Z","level":"ERROR","message":"Sitemap error: Error\n    at Query.run (/home/u985847002/domains/emi-pulse.fr/nodejs/node_modules/sequelize/lib/dialects/mysql/query.js:52:25)\n    at /home/u985847002/domains/emi-pulse.fr/nodejs/node_modules/sequelize/lib/sequelize.js:315:28\n    at process.processTicksAndRejections (node:internal/process/task_queues:105:5)\n    at async MySQLQueryInterface.select (/home/u985847002/domains/emi-pulse.fr/nodejs/node_modules/sequelize/lib/dialects/abstract/query-interface.js:407:12)\n    at async Article.findAll (/home/u985847002/domains/emi-pulse.fr/nodejs/node_modules/sequelize/lib/model.js:1140:21)\n    at async generateSitemap (file:///home/u985847002/domains/emi-pulse.fr/nodejs/controllers/sitemap-rss-controller.js:11:22)"}
{"timestamp":"2026-05-02T17:11:03.658Z","level":"LOG","message":"Sample hash: $argon2id$v=19$m=65536,t=3,p=4$i9bQEH3UunaDAYZVey9XYg$BU5Ljkv71qeVs+Dx19QfiakT790kgM9CIy3IIa3N99c"}
{"timestamp":"2026-05-02T17:11:03.750Z","level":"LOG","message":"✅ Email service configuré et prêt"}
{"timestamp":"2026-05-02T18:03:57.068Z","level":"LOG","message":"[REQ] GET / | user:guest | ip:2a02:4780:11:c::2"}
{"timestamp":"2026-05-02T18:03:58.044Z","level":"LOG","message":"[REQ] GET / | user:guest | ip:2a02:4780:11:7::2"}
{"timestamp":"2026-05-02T18:03:58.949Z","level":"LOG","message":"[REQ] GET /mentions-legales | user:guest | ip:2a02:4780:11:5::2"}
{"timestamp":"2026-05-02T18:03:59.850Z","level":"LOG","message":"[REQ] GET /article/categorie/Categorie%20TEST | user:guest | ip:2a02:4780:11:13::2"}
{"timestamp":"2026-05-02T18:04:00.763Z","level":"LOG","message":"[REQ] GET /renseignements | user:guest | ip:2a02:4780:11:7::2"}
{"timestamp":"2026-05-02T18:04:01.673Z","level":"LOG","message":"[REQ] GET /article/categorie/gergergerg | user:guest | ip:2a02:4780:11:3::3"}
{"timestamp":"2026-05-02T18:04:02.621Z","level":"LOG","message":"[REQ] GET /archive/2025/1 | user:guest | ip:2a02:4780:11:3::3"}
{"timestamp":"2026-05-02T18:04:02.629Z","level":"ERROR","message":"[500] ReferenceError: /home/u985847002/domains/emi-pulse.fr/nodejs/views/articles-by-month.ejs:12\n    10|         <div class=\"archive-main-content\">\n    11|           <article>\n >> 12|             <h1 class=\"archive-title\"><%= monthName %> <%= year %></h1>\n    13|             \n    14|             <% if (articles && articles.length > 0) { %>\n    15|               <div class=\"archive-articles\">\n\nmonthName is not defined\n    at eval (\"/home/u985847002/domains/emi-pulse.fr/nodejs/views/articles-by-month.ejs\":18:26)\n    at articles-by-month (/home/u985847002/domains/emi-pulse.fr/nodejs/node_modules/ejs/lib/ejs.js:703:17)\n    at tryHandleCache (/home/u985847002/domains/emi-pulse.fr/nodejs/node_modules/ejs/lib/ejs.js:274:36)\n    at exports.renderFile [as engine] (/home/u985847002/domains/emi-pulse.fr/nodejs/node_modules/ejs/lib/ejs.js:491:10)\n    at View.render (/home/u985847002/domains/emi-pulse.fr/nodejs/node_modules/express/lib/view.js:139:8)\n    at tryRender (/home/u985847002/domains/emi-pulse.fr/nodejs/node_modules/express/lib/application.js:627:10)\n    at Function.render (/home/u985847002/domains/emi-pulse.fr/nodejs/node_modules/express/lib/application.js:574:3)\n    at ServerResponse.render (/home/u985847002/domains/emi-pulse.fr/nodejs/node_modules/express/lib/response.js:909:7)\n    at getArticlesByMonth (file:///home/u985847002/domains/emi-pulse.fr/nodejs/controllers/home-controllers.js:151:9)\n    at process.processTicksAndRejections (node:internal/process/task_queues:105:5)"}
{"timestamp":"2026-05-02T18:04:03.612Z","level":"LOG","message":"[REQ] GET /article/categorie/grztgrtgr | user:guest | ip:2a02:4780:11:3::2"}
{"timestamp":"2026-05-02T18:04:04.576Z","level":"LOG","message":"[REQ] GET /archive/2025/2 | user:guest | ip:2a02:4780:11:5::2"}
{"timestamp":"2026-05-02T18:04:04.578Z","level":"ERROR","message":"[500] ReferenceError: /home/u985847002/domains/emi-pulse.fr/nodejs/views/articles-by-month.ejs:12\n    10|         <div class=\"archive-main-content\">\n    11|           <article>\n >> 12|             <h1 class=\"archive-title\"><%= monthName %> <%= year %></h1>\n    13|             \n    14|             <% if (articles && articles.length > 0) { %>\n    15|               <div class=\"archive-articles\">\n\nmonthName is not defined\n    at eval (\"/home/u985847002/domains/emi-pulse.fr/nodejs/views/articles-by-month.ejs\":18:26)\n    at articles-by-month (/home/u985847002/domains/emi-pulse.fr/nodejs/node_modules/ejs/lib/ejs.js:703:17)\n    at tryHandleCache (/home/u985847002/domains/emi-pulse.fr/nodejs/node_modules/ejs/lib/ejs.js:274:36)\n    at exports.renderFile [as engine] (/home/u985847002/domains/emi-pulse.fr/nodejs/node_modules/ejs/lib/ejs.js:491:10)\n    at View.render (/home/u985847002/domains/emi-pulse.fr/nodejs/node_modules/express/lib/view.js:139:8)\n    at tryRender (/home/u985847002/domains/emi-pulse.fr/nodejs/node_modules/express/lib/application.js:627:10)\n    at Function.render (/home/u985847002/domains/emi-pulse.fr/nodejs/node_modules/express/lib/application.js:574:3)\n    at ServerResponse.render (/home/u985847002/domains/emi-pulse.fr/nodejs/node_modules/express/lib/response.js:909:7)\n    at getArticlesByMonth (file:///home/u985847002/domains/emi-pulse.fr/nodejs/controllers/home-controllers.js:151:9)\n    at process.processTicksAndRejections (node:internal/process/task_queues:105:5)"}
{"timestamp":"2026-05-02T18:04:05.694Z","level":"LOG","message":"[REQ] GET /article/categorie/gzertgretg | user:guest | ip:2a02:4780:11:7::2"}
{"timestamp":"2026-05-02T18:04:06.639Z","level":"LOG","message":"[REQ] GET /archive/2025/3 | user:guest | ip:2a02:4780:11:3::3"}
{"timestamp":"2026-05-02T18:04:06.642Z","level":"ERROR","message":"[500] ReferenceError: /home/u985847002/domains/emi-pulse.fr/nodejs/views/articles-by-month.ejs:12\n    10|         <div class=\"archive-main-content\">\n    11|           <article>\n >> 12|             <h1 class=\"archive-title\"><%= monthName %> <%= year %></h1>\n    13|             \n    14|             <% if (articles && articles.length > 0) { %>\n    15|               <div class=\"archive-articles\">\n\nmonthName is not defined\n    at eval (\"/home/u985847002/domains/emi-pulse.fr/nodejs/views/articles-by-month.ejs\":18:26)\n    at articles-by-month (/home/u985847002/domains/emi-pulse.fr/nodejs/node_modules/ejs/lib/ejs.js:703:17)\n    at tryHandleCache (/home/u985847002/domains/emi-pulse.fr/nodejs/node_modules/ejs/lib/ejs.js:274:36)\n    at exports.renderFile [as engine] (/home/u985847002/domains/emi-pulse.fr/nodejs/node_modules/ejs/lib/ejs.js:491:10)\n    at View.render (/home/u985847002/domains/emi-pulse.fr/nodejs/node_modules/express/lib/view.js:139:8)\n    at tryRender (/home/u985847002/domains/emi-pulse.fr/nodejs/node_modules/express/lib/application.js:627:10)\n    at Function.render (/home/u985847002/domains/emi-pulse.fr/nodejs/node_modules/express/lib/application.js:574:3)\n    at ServerResponse.render (/home/u985847002/domains/emi-pulse.fr/nodejs/node_modules/express/lib/response.js:909:7)\n    at getArticlesByMonth (file:///home/u985847002/domains/emi-pulse.fr/nodejs/controllers/home-controllers.js:151:9)\n    at process.processTicksAndRejections (node:internal/process/task_queues:105:5)"}
{"timestamp":"2026-05-02T18:04:07.603Z","level":"LOG","message":"[REQ] GET /article/categorie/gzrtgrtgrtg | user:guest | ip:2a02:4780:11:15::2"}
{"timestamp":"2026-05-02T18:04:08.587Z","level":"LOG","message":"[REQ] GET /archive/2025/4 | user:guest | ip:2a02:4780:11:c::2"}
{"timestamp":"2026-05-02T18:04:08.589Z","level":"ERROR","message":"[500] ReferenceError: /home/u985847002/domains/emi-pulse.fr/nodejs/views/articles-by-month.ejs:12\n    10|         <div class=\"archive-main-content\">\n    11|           <article>\n >> 12|             <h1 class=\"archive-title\"><%= monthName %> <%= year %></h1>\n    13|             \n    14|             <% if (articles && articles.length > 0) { %>\n    15|               <div class=\"archive-articles\">\n\nmonthName is not defined\n    at eval (\"/home/u985847002/domains/emi-pulse.fr/nodejs/views/articles-by-month.ejs\":18:26)\n    at articles-by-month (/home/u985847002/domains/emi-pulse.fr/nodejs/node_modules/ejs/lib/ejs.js:703:17)\n    at tryHandleCache (/home/u985847002/domains/emi-pulse.fr/nodejs/node_modules/ejs/lib/ejs.js:274:36)\n    at exports.renderFile [as engine] (/home/u985847002/domains/emi-pulse.fr/nodejs/node_modules/ejs/lib/ejs.js:491:10)\n    at View.render (/home/u985847002/domains/emi-pulse.fr/nodejs/node_modules/express/lib/view.js:139:8)\n    at tryRender (/home/u985847002/domains/emi-pulse.fr/nodejs/node_modules/express/lib/application.js:627:10)\n    at Function.render (/home/u985847002/domains/emi-pulse.fr/nodejs/node_modules/express/lib/application.js:574:3)\n    at ServerResponse.render (/home/u985847002/domains/emi-pulse.fr/nodejs/node_modules/express/lib/response.js:909:7)\n    at getArticlesByMonth (file:///home/u985847002/domains/emi-pulse.fr/nodejs/controllers/home-controllers.js:151:9)\n    at process.processTicksAndRejections (node:internal/process/task_queues:105:5)"}
{"timestamp":"2026-05-02T18:04:09.529Z","level":"LOG","message":"[REQ] GET /article/categorie/test | user:guest | ip:2a02:4780:11:3::2"}
{"timestamp":"2026-05-02T18:04:10.506Z","level":"LOG","message":"[REQ] GET /archive/2025/5 | user:guest | ip:2a02:4780:11:13::2"}
{"timestamp":"2026-05-02T18:04:10.508Z","level":"ERROR","message":"[500] ReferenceError: /home/u985847002/domains/emi-pulse.fr/nodejs/views/articles-by-month.ejs:12\n    10|         <div class=\"archive-main-content\">\n    11|           <article>\n >> 12|             <h1 class=\"archive-title\"><%= monthName %> <%= year %></h1>\n    13|             \n    14|             <% if (articles && articles.length > 0) { %>\n    15|               <div class=\"archive-articles\">\n\nmonthName is not defined\n    at eval (\"/home/u985847002/domains/emi-pulse.fr/nodejs/views/articles-by-month.ejs\":18:26)\n    at articles-by-month (/home/u985847002/domains/emi-pulse.fr/nodejs/node_modules/ejs/lib/ejs.js:703:17)\n    at tryHandleCache (/home/u985847002/domains/emi-pulse.fr/nodejs/node_modules/ejs/lib/ejs.js:274:36)\n    at exports.renderFile [as engine] (/home/u985847002/domains/emi-pulse.fr/nodejs/node_modules/ejs/lib/ejs.js:491:10)\n    at View.render (/home/u985847002/domains/emi-pulse.fr/nodejs/node_modules/express/lib/view.js:139:8)\n    at tryRender (/home/u985847002/domains/emi-pulse.fr/nodejs/node_modules/express/lib/application.js:627:10)\n    at Function.render (/home/u985847002/domains/emi-pulse.fr/nodejs/node_modules/express/lib/application.js:574:3)\n    at ServerResponse.render (/home/u985847002/domains/emi-pulse.fr/nodejs/node_modules/express/lib/response.js:909:7)\n    at getArticlesByMonth (file:///home/u985847002/domains/emi-pulse.fr/nodejs/controllers/home-controllers.js:151:9)\n    at process.processTicksAndRejections (node:internal/process/task_queues:105:5)"}
{"timestamp":"2026-05-02T18:04:11.480Z","level":"LOG","message":"[REQ] GET /auth | user:guest | ip:2a02:4780:11:5::2"}
{"timestamp":"2026-05-02T18:04:11.480Z","level":"LOG","message":"📄 GET /auth"}
{"timestamp":"2026-05-02T18:04:12.432Z","level":"LOG","message":"[REQ] GET /archive/2025/6 | user:guest | ip:2a02:4780:11:13::2"}
{"timestamp":"2026-05-02T18:04:12.434Z","level":"ERROR","message":"[500] ReferenceError: /home/u985847002/domains/emi-pulse.fr/nodejs/views/articles-by-month.ejs:12\n    10|         <div class=\"archive-main-content\">\n    11|           <article>\n >> 12|             <h1 class=\"archive-title\"><%= monthName %> <%= year %></h1>\n    13|             \n    14|             <% if (articles && articles.length > 0) { %>\n    15|               <div class=\"archive-articles\">\n\nmonthName is not defined\n    at eval (\"/home/u985847002/domains/emi-pulse.fr/nodejs/views/articles-by-month.ejs\":18:26)\n    at articles-by-month (/home/u985847002/domains/emi-pulse.fr/nodejs/node_modules/ejs/lib/ejs.js:703:17)\n    at tryHandleCache (/home/u985847002/domains/emi-pulse.fr/nodejs/node_modules/ejs/lib/ejs.js:274:36)\n    at exports.renderFile [as engine] (/home/u985847002/domains/emi-pulse.fr/nodejs/node_modules/ejs/lib/ejs.js:491:10)\n    at View.render (/home/u985847002/domains/emi-pulse.fr/nodejs/node_modules/express/lib/view.js:139:8)\n    at tryRender (/home/u985847002/domains/emi-pulse.fr/nodejs/node_modules/express/lib/application.js:627:10)\n    at Function.render (/home/u985847002/domains/emi-pulse.fr/nodejs/node_modules/express/lib/application.js:574:3)\n    at ServerResponse.render (/home/u985847002/domains/emi-pulse.fr/nodejs/node_modules/express/lib/response.js:909:7)\n    at getArticlesByMonth (file:///home/u985847002/domains/emi-pulse.fr/nodejs/controllers/home-controllers.js:151:9)\n    at process.processTicksAndRejections (node:internal/process/task_queues:105:5)"}
{"timestamp":"2026-05-02T18:04:13.396Z","level":"LOG","message":"[REQ] GET /article/1 | user:guest | ip:2a02:4780:11:5::2"}
{"timestamp":"2026-05-02T18:04:14.372Z","level":"LOG","message":"[REQ] GET /archive/2025/7 | user:guest | ip:2a02:4780:11:7::2"}
{"timestamp":"2026-05-02T18:04:14.375Z","level":"ERROR","message":"[500] ReferenceError: /home/u985847002/domains/emi-pulse.fr/nodejs/views/articles-by-month.ejs:12\n    10|         <div class=\"archive-main-content\">\n    11|           <article>\n >> 12|             <h1 class=\"archive-title\"><%= monthName %> <%= year %></h1>\n    13|             \n    14|             <% if (articles && articles.length > 0) { %>\n    15|               <div class=\"archive-articles\">\n\nmonthName is not defined\n    at eval (\"/home/u985847002/domains/emi-pulse.fr/nodejs/views/articles-by-month.ejs\":18:26)\n    at articles-by-month (/home/u985847002/domains/emi-pulse.fr/nodejs/node_modules/ejs/lib/ejs.js:703:17)\n    at tryHandleCache (/home/u985847002/domains/emi-pulse.fr/nodejs/node_modules/ejs/lib/ejs.js:274:36)\n    at exports.renderFile [as engine] (/home/u985847002/domains/emi-pulse.fr/nodejs/node_modules/ejs/lib/ejs.js:491:10)\n    at View.render (/home/u985847002/domains/emi-pulse.fr/nodejs/node_modules/express/lib/view.js:139:8)\n    at tryRender (/home/u985847002/domains/emi-pulse.fr/nodejs/node_modules/express/lib/application.js:627:10)\n    at Function.render (/home/u985847002/domains/emi-pulse.fr/nodejs/node_modules/express/lib/application.js:574:3)\n    at ServerResponse.render (/home/u985847002/domains/emi-pulse.fr/nodejs/node_modules/express/lib/response.js:909:7)\n    at getArticlesByMonth (file:///home/u985847002/domains/emi-pulse.fr/nodejs/controllers/home-controllers.js:151:9)\n    at process.processTicksAndRejections (node:internal/process/task_queues:105:5)"}
{"timestamp":"2026-05-02T18:04:15.303Z","level":"LOG","message":"[REQ] GET /article/4 | user:guest | ip:2a02:4780:11:7::2"}
{"timestamp":"2026-05-02T18:04:15.307Z","level":"ERROR","message":"getArticleById error: TypeError: Cannot read properties of null (reading 'includes')\n    at generateOpenGraphImage (file:///home/u985847002/domains/emi-pulse.fr/nodejs/services/imageHelper.js:293:16)\n    at getArticleById (file:///home/u985847002/domains/emi-pulse.fr/nodejs/controllers/article-controller.js:173:20)\n    at process.processTicksAndRejections (node:internal/process/task_queues:105:5)"}
{"timestamp":"2026-05-02T18:04:16.245Z","level":"LOG","message":"[REQ] GET /archive/2025/8 | user:guest | ip:2a02:4780:11:3::3"}
{"timestamp":"2026-05-02T18:04:16.247Z","level":"ERROR","message":"[500] ReferenceError: /home/u985847002/domains/emi-pulse.fr/nodejs/views/articles-by-month.ejs:12\n    10|         <div class=\"archive-main-content\">\n    11|           <article>\n >> 12|             <h1 class=\"archive-title\"><%= monthName %> <%= year %></h1>\n    13|             \n    14|             <% if (articles && articles.length > 0) { %>\n    15|               <div class=\"archive-articles\">\n\nmonthName is not defined\n    at eval (\"/home/u985847002/domains/emi-pulse.fr/nodejs/views/articles-by-month.ejs\":18:26)\n    at articles-by-month (/home/u985847002/domains/emi-pulse.fr/nodejs/node_modules/ejs/lib/ejs.js:703:17)\n    at tryHandleCache (/home/u985847002/domains/emi-pulse.fr/nodejs/node_modules/ejs/lib/ejs.js:274:36)\n    at exports.renderFile [as engine] (/home/u985847002/domains/emi-pulse.fr/nodejs/node_modules/ejs/lib/ejs.js:491:10)\n    at View.render (/home/u985847002/domains/emi-pulse.fr/nodejs/node_modules/express/lib/view.js:139:8)\n    at tryRender (/home/u985847002/domains/emi-pulse.fr/nodejs/node_modules/express/lib/application.js:627:10)\n    at Function.render (/home/u985847002/domains/emi-pulse.fr/nodejs/node_modules/express/lib/application.js:574:3)\n    at ServerResponse.render (/home/u985847002/domains/emi-pulse.fr/nodejs/node_modules/express/lib/response.js:909:7)\n    at getArticlesByMonth (file:///home/u985847002/domains/emi-pulse.fr/nodejs/controllers/home-controllers.js:151:9)\n    at process.processTicksAndRejections (node:internal/process/task_queues:105:5)"}
{"timestamp":"2026-05-02T18:04:17.255Z","level":"LOG","message":"[REQ] GET /article/3 | user:guest | ip:2a02:4780:11:15::2"}
{"timestamp":"2026-05-02T18:04:17.259Z","level":"ERROR","message":"getArticleById error: TypeError: Cannot read properties of null (reading 'includes')\n    at generateOpenGraphImage (file:///home/u985847002/domains/emi-pulse.fr/nodejs/services/imageHelper.js:293:16)\n    at getArticleById (file:///home/u985847002/domains/emi-pulse.fr/nodejs/controllers/article-controller.js:173:20)\n    at process.processTicksAndRejections (node:internal/process/task_queues:105:5)"}
{"timestamp":"2026-05-02T18:04:18.232Z","level":"LOG","message":"[REQ] GET /archive/2025/9 | user:guest | ip:2a02:4780:11:5::2"}
{"timestamp":"2026-05-02T18:04:18.235Z","level":"ERROR","message":"[500] ReferenceError: /home/u985847002/domains/emi-pulse.fr/nodejs/views/articles-by-month.ejs:12\n    10|         <div class=\"archive-main-content\">\n    11|           <article>\n >> 12|             <h1 class=\"archive-title\"><%= monthName %> <%= year %></h1>\n    13|             \n    14|             <% if (articles && articles.length > 0) { %>\n    15|               <div class=\"archive-articles\">\n\nmonthName is not defined\n    at eval (\"/home/u985847002/domains/emi-pulse.fr/nodejs/views/articles-by-month.ejs\":18:26)\n    at articles-by-month (/home/u985847002/domains/emi-pulse.fr/nodejs/node_modules/ejs/lib/ejs.js:703:17)\n    at tryHandleCache (/home/u985847002/domains/emi-pulse.fr/nodejs/node_modules/ejs/lib/ejs.js:274:36)\n    at exports.renderFile [as engine] (/home/u985847002/domains/emi-pulse.fr/nodejs/node_modules/ejs/lib/ejs.js:491:10)\n    at View.render (/home/u985847002/domains/emi-pulse.fr/nodejs/node_modules/express/lib/view.js:139:8)\n    at tryRender (/home/u985847002/domains/emi-pulse.fr/nodejs/node_modules/express/lib/application.js:627:10)\n    at Function.render (/home/u985847002/domains/emi-pulse.fr/nodejs/node_modules/express/lib/application.js:574:3)\n    at ServerResponse.render (/home/u985847002/domains/emi-pulse.fr/nodejs/node_modules/express/lib/response.js:909:7)\n    at getArticlesByMonth (file:///home/u985847002/domains/emi-pulse.fr/nodejs/controllers/home-controllers.js:151:9)\n    at process.processTicksAndRejections (node:internal/process/task_queues:105:5)"}
{"timestamp":"2026-05-02T18:04:19.195Z","level":"LOG","message":"[REQ] GET /article/2 | user:guest | ip:2a02:4780:11:3::2"}
{"timestamp":"2026-05-02T18:04:20.164Z","level":"LOG","message":"[REQ] GET /archive/2025/10 | user:guest | ip:2a02:4780:11:13::2"}
{"timestamp":"2026-05-02T18:04:20.167Z","level":"ERROR","message":"[500] ReferenceError: /home/u985847002/domains/emi-pulse.fr/nodejs/views/articles-by-month.ejs:12\n    10|         <div class=\"archive-main-content\">\n    11|           <article>\n >> 12|             <h1 class=\"archive-title\"><%= monthName %> <%= year %></h1>\n    13|             \n    14|             <% if (articles && articles.length > 0) { %>\n    15|               <div class=\"archive-articles\">\n\nmonthName is not defined\n    at eval (\"/home/u985847002/domains/emi-pulse.fr/nodejs/views/articles-by-month.ejs\":18:26)\n    at articles-by-month (/home/u985847002/domains/emi-pulse.fr/nodejs/node_modules/ejs/lib/ejs.js:703:17)\n    at tryHandleCache (/home/u985847002/domains/emi-pulse.fr/nodejs/node_modules/ejs/lib/ejs.js:274:36)\n    at exports.renderFile [as engine] (/home/u985847002/domains/emi-pulse.fr/nodejs/node_modules/ejs/lib/ejs.js:491:10)\n    at View.render (/home/u985847002/domains/emi-pulse.fr/nodejs/node_modules/express/lib/view.js:139:8)\n    at tryRender (/home/u985847002/domains/emi-pulse.fr/nodejs/node_modules/express/lib/application.js:627:10)\n    at Function.render (/home/u985847002/domains/emi-pulse.fr/nodejs/node_modules/express/lib/application.js:574:3)\n    at ServerResponse.render (/home/u985847002/domains/emi-pulse.fr/nodejs/node_modules/express/lib/response.js:909:7)\n    at getArticlesByMonth (file:///home/u985847002/domains/emi-pulse.fr/nodejs/controllers/home-controllers.js:151:9)\n    at process.processTicksAndRejections (node:internal/process/task_queues:105:5)"}
{"timestamp":"2026-05-02T18:04:21.129Z","level":"LOG","message":"[REQ] GET /archive/2025/12 | user:guest | ip:2a02:4780:11:15::2"}
{"timestamp":"2026-05-02T18:04:21.131Z","level":"ERROR","message":"[500] ReferenceError: /home/u985847002/domains/emi-pulse.fr/nodejs/views/articles-by-month.ejs:12\n    10|         <div class=\"archive-main-content\">\n    11|           <article>\n >> 12|             <h1 class=\"archive-title\"><%= monthName %> <%= year %></h1>\n    13|             \n    14|             <% if (articles && articles.length > 0) { %>\n    15|               <div class=\"archive-articles\">\n\nmonthName is not defined\n    at eval (\"/home/u985847002/domains/emi-pulse.fr/nodejs/views/articles-by-month.ejs\":18:26)\n    at articles-by-month (/home/u985847002/domains/emi-pulse.fr/nodejs/node_modules/ejs/lib/ejs.js:703:17)\n    at tryHandleCache (/home/u985847002/domains/emi-pulse.fr/nodejs/node_modules/ejs/lib/ejs.js:274:36)\n    at exports.renderFile [as engine] (/home/u985847002/domains/emi-pulse.fr/nodejs/node_modules/ejs/lib/ejs.js:491:10)\n    at View.render (/home/u985847002/domains/emi-pulse.fr/nodejs/node_modules/express/lib/view.js:139:8)\n    at tryRender (/home/u985847002/domains/emi-pulse.fr/nodejs/node_modules/express/lib/application.js:627:10)\n    at Function.render (/home/u985847002/domains/emi-pulse.fr/nodejs/node_modules/express/lib/application.js:574:3)\n    at ServerResponse.render (/home/u985847002/domains/emi-pulse.fr/nodejs/node_modules/express/lib/response.js:909:7)\n    at getArticlesByMonth (file:///home/u985847002/domains/emi-pulse.fr/nodejs/controllers/home-controllers.js:151:9)\n    at process.processTicksAndRejections (node:internal/process/task_queues:105:5)"}
{"timestamp":"2026-05-02T18:04:22.093Z","level":"LOG","message":"[REQ] GET /archive/2025/11 | user:guest | ip:2a02:4780:11:3::2"}
{"timestamp":"2026-05-02T18:04:22.095Z","level":"ERROR","message":"[500] ReferenceError: /home/u985847002/domains/emi-pulse.fr/nodejs/views/articles-by-month.ejs:12\n    10|         <div class=\"archive-main-content\">\n    11|           <article>\n >> 12|             <h1 class=\"archive-title\"><%= monthName %> <%= year %></h1>\n    13|             \n    14|             <% if (articles && articles.length > 0) { %>\n    15|               <div class=\"archive-articles\">\n\nmonthName is not defined\n    at eval (\"/home/u985847002/domains/emi-pulse.fr/nodejs/views/articles-by-month.ejs\":18:26)\n    at articles-by-month (/home/u985847002/domains/emi-pulse.fr/nodejs/node_modules/ejs/lib/ejs.js:703:17)\n    at tryHandleCache (/home/u985847002/domains/emi-pulse.fr/nodejs/node_modules/ejs/lib/ejs.js:274:36)\n    at exports.renderFile [as engine] (/home/u985847002/domains/emi-pulse.fr/nodejs/node_modules/ejs/lib/ejs.js:491:10)\n    at View.render (/home/u985847002/domains/emi-pulse.fr/nodejs/node_modules/express/lib/view.js:139:8)\n    at tryRender (/home/u985847002/domains/emi-pulse.fr/nodejs/node_modules/express/lib/application.js:627:10)\n    at Function.render (/home/u985847002/domains/emi-pulse.fr/nodejs/node_modules/express/lib/application.js:574:3)\n    at ServerResponse.render (/home/u985847002/domains/emi-pulse.fr/nodejs/node_modules/express/lib/response.js:909:7)\n    at getArticlesByMonth (file:///home/u985847002/domains/emi-pulse.fr/nodejs/controllers/home-controllers.js:151:9)\n    at process.processTicksAndRejections (node:internal/process/task_queues:105:5)"}
{"timestamp":"2026-05-02T18:05:57.580Z","level":"LOG","message":"[dotenv@17.2.1] injecting env (32) from .env.production -- tip: ⚙️  suppress all logs with { quiet: true }"}
{"timestamp":"2026-05-02T18:05:57.782Z","level":"LOG","message":"[dotenv@17.2.1] injecting env (0) from .env -- tip: ⚙️  load multiple .env files with { path: ['.env.local', '.env'] }"}
{"timestamp":"2026-05-02T18:05:57.842Z","level":"LOG","message":"[dotenv@17.2.1] injecting env (0) from .env.production -- tip: 📡 observe env with Radar: https://dotenvx.com/radar"}
{"timestamp":"2026-05-02T18:05:57.902Z","level":"LOG","message":"🚀 http://localhost:3000"}
{"timestamp":"2026-05-02T18:05:57.929Z","level":"LOG","message":"[REQ] GET /sitemap.xml | user:guest | ip:2a02:4780:2c:d::4"}
{"timestamp":"2026-05-02T18:05:57.961Z","level":"LOG","message":"✅ Connexion à la base réussie !"}
{"timestamp":"2026-05-02T18:05:57.967Z","level":"ERROR","message":"Sitemap error: Error\n    at Query.run (/home/u985847002/domains/emi-pulse.fr/nodejs/node_modules/sequelize/lib/dialects/mysql/query.js:52:25)\n    at /home/u985847002/domains/emi-pulse.fr/nodejs/node_modules/sequelize/lib/sequelize.js:315:28\n    at process.processTicksAndRejections (node:internal/process/task_queues:105:5)\n    at async MySQLQueryInterface.select (/home/u985847002/domains/emi-pulse.fr/nodejs/node_modules/sequelize/lib/dialects/abstract/query-interface.js:407:12)\n    at async Article.findAll (/home/u985847002/domains/emi-pulse.fr/nodejs/node_modules/sequelize/lib/model.js:1140:21)\n    at async generateSitemap (file:///home/u985847002/domains/emi-pulse.fr/nodejs/controllers/sitemap-rss-controller.js:11:22)"}
{"timestamp":"2026-05-02T18:05:57.988Z","level":"LOG","message":"Sample hash: $argon2id$v=19$m=65536,t=3,p=4$SmASwkFLoJTFMVfvaz+vyQ$cpvMffjhcRcqb9SYputNd00KAY24++9vD15xv9VKbbQ"}
{"timestamp":"2026-05-02T18:05:58.088Z","level":"LOG","message":"✅ Email service configuré et prêt"}
{"timestamp":"2026-05-02T20:09:06.081Z","level":"LOG","message":"[dotenv@17.2.1] injecting env (32) from .env.production -- tip: ⚙️  specify custom .env file path with { path: '/custom/path/.env' }"}
{"timestamp":"2026-05-02T20:09:06.301Z","level":"LOG","message":"[dotenv@17.2.1] injecting env (0) from .env -- tip: ⚙️  specify custom .env file path with { path: '/custom/path/.env' }"}
{"timestamp":"2026-05-02T20:09:06.364Z","level":"LOG","message":"[dotenv@17.2.1] injecting env (0) from .env.production -- tip: 📡 observe env with Radar: https://dotenvx.com/radar"}
{"timestamp":"2026-05-02T20:09:06.423Z","level":"LOG","message":"🚀 http://localhost:3000"}
{"timestamp":"2026-05-02T20:09:06.448Z","level":"LOG","message":"[REQ] GET /sitemap.xml | user:guest | ip:2a02:4780:2c:b::2"}
{"timestamp":"2026-05-02T20:09:06.492Z","level":"LOG","message":"✅ Connexion à la base réussie !"}
{"timestamp":"2026-05-02T20:09:06.497Z","level":"ERROR","message":"Sitemap error: Error\n    at Query.run (/home/u985847002/domains/emi-pulse.fr/nodejs/node_modules/sequelize/lib/dialects/mysql/query.js:52:25)\n    at /home/u985847002/domains/emi-pulse.fr/nodejs/node_modules/sequelize/lib/sequelize.js:315:28\n    at process.processTicksAndRejections (node:internal/process/task_queues:105:5)\n    at async MySQLQueryInterface.select (/home/u985847002/domains/emi-pulse.fr/nodejs/node_modules/sequelize/lib/dialects/abstract/query-interface.js:407:12)\n    at async Article.findAll (/home/u985847002/domains/emi-pulse.fr/nodejs/node_modules/sequelize/lib/model.js:1140:21)\n    at async generateSitemap (file:///home/u985847002/domains/emi-pulse.fr/nodejs/controllers/sitemap-rss-controller.js:11:22)"}
{"timestamp":"2026-05-02T20:09:06.503Z","level":"LOG","message":"Sample hash: $argon2id$v=19$m=65536,t=3,p=4$HtvePQ67C6WpLk5I+U8qUQ$sO2qRcvCHK+NPUl5oy4CpVk0nioBuM/uLMBk26lTfIU"}
{"timestamp":"2026-05-02T20:09:06.603Z","level":"LOG","message":"✅ Email service configuré et prêt"}
{"timestamp":"2026-05-02T21:25:11.591Z","level":"LOG","message":"[dotenv@17.2.1] injecting env (32) from .env.production -- tip: ⚙️  suppress all logs with { quiet: true }"}
{"timestamp":"2026-05-02T21:25:11.796Z","level":"LOG","message":"[dotenv@17.2.1] injecting env (0) from .env -- tip: ⚙️  enable debug logging with { debug: true }"}
{"timestamp":"2026-05-02T21:25:11.853Z","level":"LOG","message":"[dotenv@17.2.1] injecting env (0) from .env.production -- tip: ⚙️  enable debug logging with { debug: true }"}
{"timestamp":"2026-05-02T21:25:11.910Z","level":"LOG","message":"🚀 http://localhost:3000"}
{"timestamp":"2026-05-02T21:25:11.932Z","level":"LOG","message":"[REQ] GET /sitemap.xml | user:guest | ip:2a02:4780:2c:1a::2"}
{"timestamp":"2026-05-02T21:25:11.962Z","level":"LOG","message":"✅ Connexion à la base réussie !"}
{"timestamp":"2026-05-02T21:25:11.966Z","level":"ERROR","message":"Sitemap error: Error\n    at Query.run (/home/u985847002/domains/emi-pulse.fr/nodejs/node_modules/sequelize/lib/dialects/mysql/query.js:52:25)\n    at /home/u985847002/domains/emi-pulse.fr/nodejs/node_modules/sequelize/lib/sequelize.js:315:28\n    at process.processTicksAndRejections (node:internal/process/task_queues:105:5)\n    at async MySQLQueryInterface.select (/home/u985847002/domains/emi-pulse.fr/nodejs/node_modules/sequelize/lib/dialects/abstract/query-interface.js:407:12)\n    at async Article.findAll (/home/u985847002/domains/emi-pulse.fr/nodejs/node_modules/sequelize/lib/model.js:1140:21)\n    at async generateSitemap (file:///home/u985847002/domains/emi-pulse.fr/nodejs/controllers/sitemap-rss-controller.js:11:22)"}
{"timestamp":"2026-05-02T21:25:11.992Z","level":"LOG","message":"Sample hash: $argon2id$v=19$m=65536,t=3,p=4$4gKkJBy5p//3EvbE2Q5bVg$epuLK/YKqzzLnG0DDbob9e+kCtDXqQg3d90QuR3ogsU"}
{"timestamp":"2026-05-02T21:25:12.098Z","level":"LOG","message":"✅ Email service configuré et prêt"}
{"timestamp":"2026-05-02T21:53:35.071Z","level":"LOG","message":"[dotenv@17.2.1] injecting env (32) from .env.production -- tip: 📡 version env with Radar: https://dotenvx.com/radar"}
{"timestamp":"2026-05-02T21:53:35.237Z","level":"LOG","message":"[dotenv@17.2.1] injecting env (0) from .env -- tip: 🛠️  run anywhere with `dotenvx run -- yourcommand`"}
{"timestamp":"2026-05-02T21:53:35.283Z","level":"LOG","message":"[dotenv@17.2.1] injecting env (0) from .env.production -- tip: ⚙️  suppress all logs with { quiet: true }"}
{"timestamp":"2026-05-02T21:53:35.328Z","level":"LOG","message":"🚀 http://localhost:3000"}
{"timestamp":"2026-05-02T21:53:35.349Z","level":"LOG","message":"[REQ] GET / | user:guest | ip:2a02:4780:a:4::6"}
{"timestamp":"2026-05-02T21:53:35.380Z","level":"LOG","message":"✅ Connexion à la base réussie !"}
{"timestamp":"2026-05-02T21:53:35.416Z","level":"LOG","message":"Sample hash: $argon2id$v=19$m=65536,t=3,p=4$XmCREbLxsdnlHYIdZSqrIA$3gfXfj53El/D9kwkTn6K6sDiJaLYTTaBD+Ibr8tMwxc"}
{"timestamp":"2026-05-02T21:53:35.512Z","level":"LOG","message":"✅ Email service configuré et prêt"}
{"timestamp":"2026-05-02T21:53:39.720Z","level":"LOG","message":"[REQ] GET / | user:guest | ip:2a02:4780:a:4::6"}
{"timestamp":"2026-05-02T21:53:39.782Z","level":"LOG","message":"[REQ] GET / | user:guest | ip:2a02:4780:a:4::6"}
{"timestamp":"2026-05-02T21:53:39.825Z","level":"LOG","message":"[REQ] GET /env | user:guest | ip:2a02:4780:a:4::6"}
{"timestamp":"2026-05-02T21:53:39.845Z","level":"LOG","message":"[REQ] GET /.env.local | user:guest | ip:2a02:4780:a:4::6"}
{"timestamp":"2026-05-02T21:53:39.855Z","level":"LOG","message":"[REQ] GET /.env | user:guest | ip:2a02:4780:a:9::2"}
{"timestamp":"2026-05-02T21:53:39.867Z","level":"LOG","message":"[REQ] GET /.env.production | user:guest | ip:2a02:4780:a:4::6"}
{"timestamp":"2026-05-02T21:53:39.879Z","level":"LOG","message":"[REQ] GET /api/.env | user:guest | ip:2a02:4780:a:9::2"}
{"timestamp":"2026-05-02T21:53:39.886Z","level":"LOG","message":"[REQ] GET /config.json | user:guest | ip:2a02:4780:a:4::6"}
{"timestamp":"2026-05-02T21:53:39.900Z","level":"LOG","message":"[REQ] GET /.aws/credentials | user:guest | ip:2a02:4780:a:9::2"}
{"timestamp":"2026-05-02T21:53:39.902Z","level":"LOG","message":"[REQ] GET /.env.development | user:guest | ip:2a02:4780:a:4::6"}
{"timestamp":"2026-05-02T21:53:39.907Z","level":"LOG","message":"[REQ] GET /backend/.env | user:guest | ip:2a02:4780:a:4::6"}
{"timestamp":"2026-05-02T21:53:39.913Z","level":"LOG","message":"[REQ] GET /article/categorie/gzertgretg | user:guest | ip:2a02:4780:a:9::2"}
{"timestamp":"2026-05-02T21:53:39.921Z","level":"LOG","message":"[REQ] GET /mentions-legales | user:guest | ip:2a02:4780:a:9::2"}
{"timestamp":"2026-05-02T21:53:39.925Z","level":"LOG","message":"[REQ] GET /article/1 | user:guest | ip:2a02:4780:a:4::6"}
{"timestamp":"2026-05-02T21:53:39.935Z","level":"LOG","message":"[REQ] GET /article/categorie/Categorie%20TEST | user:guest | ip:2a02:4780:a:4::6"}
{"timestamp":"2026-05-02T21:53:39.940Z","level":"LOG","message":"[REQ] GET /article/categorie/grztgrtgr | user:guest | ip:2a02:4780:a:9::2"}
{"timestamp":"2026-05-02T21:53:39.942Z","level":"LOG","message":"[REQ] GET /article/categorie/gergergerg | user:guest | ip:2a02:4780:a:9::2"}
{"timestamp":"2026-05-02T21:53:39.948Z","level":"LOG","message":"[REQ] GET /js/config.js | user:guest | ip:2a02:4780:a:4::6"}
{"timestamp":"2026-05-02T21:53:39.950Z","level":"LOG","message":"[REQ] GET /article/categorie/gzrtgrtgrtg | user:guest | ip:2a02:4780:a:4::6"}
{"timestamp":"2026-05-02T21:53:39.956Z","level":"LOG","message":"[REQ] GET /article/categorie/test | user:guest | ip:2a02:4780:a:4::6"}
{"timestamp":"2026-05-02T21:53:39.963Z","level":"LOG","message":"[REQ] GET /archive/2025/12 | user:guest | ip:2a02:4780:a:9::2"}
{"timestamp":"2026-05-02T21:53:39.968Z","level":"ERROR","message":"[500] ReferenceError: /home/u985847002/domains/emi-pulse.fr/nodejs/views/articles-by-month.ejs:12\n    10|         <div class=\"archive-main-content\">\n    11|           <article>\n >> 12|             <h1 class=\"archive-title\"><%= monthName %> <%= year %></h1>\n    13|             \n    14|             <% if (articles && articles.length > 0) { %>\n    15|               <div class=\"archive-articles\">\n\nmonthName is not defined\n    at eval (\"/home/u985847002/domains/emi-pulse.fr/nodejs/views/articles-by-month.ejs\":18:26)\n    at articles-by-month (/home/u985847002/domains/emi-pulse.fr/nodejs/node_modules/ejs/lib/ejs.js:703:17)\n    at tryHandleCache (/home/u985847002/domains/emi-pulse.fr/nodejs/node_modules/ejs/lib/ejs.js:274:36)\n    at exports.renderFile [as engine] (/home/u985847002/domains/emi-pulse.fr/nodejs/node_modules/ejs/lib/ejs.js:491:10)\n    at View.render (/home/u985847002/domains/emi-pulse.fr/nodejs/node_modules/express/lib/view.js:139:8)\n    at tryRender (/home/u985847002/domains/emi-pulse.fr/nodejs/node_modules/express/lib/application.js:627:10)\n    at Function.render (/home/u985847002/domains/emi-pulse.fr/nodejs/node_modules/express/lib/application.js:574:3)\n    at ServerResponse.render (/home/u985847002/domains/emi-pulse.fr/nodejs/node_modules/express/lib/response.js:909:7)\n    at getArticlesByMonth (file:///home/u985847002/domains/emi-pulse.fr/nodejs/controllers/home-controllers.js:151:9)\n    at process.processTicksAndRejections (node:internal/process/task_queues:105:5)"}
{"timestamp":"2026-05-02T21:53:39.970Z","level":"LOG","message":"[REQ] GET /auth | user:guest | ip:2a02:4780:a:4::6"}
{"timestamp":"2026-05-02T21:53:39.970Z","level":"LOG","message":"📄 GET /auth"}
{"timestamp":"2026-05-02T21:53:39.971Z","level":"LOG","message":"[REQ] GET / | user:guest | ip:2a02:4780:a:9::2"}
{"timestamp":"2026-05-02T21:53:39.975Z","level":"LOG","message":"[REQ] GET /archive/2025/11 | user:guest | ip:2a02:4780:a:4::6"}
{"timestamp":"2026-05-02T21:53:39.977Z","level":"ERROR","message":"[500] ReferenceError: /home/u985847002/domains/emi-pulse.fr/nodejs/views/articles-by-month.ejs:12\n    10|         <div class=\"archive-main-content\">\n    11|           <article>\n >> 12|             <h1 class=\"archive-title\"><%= monthName %> <%= year %></h1>\n    13|             \n    14|             <% if (articles && articles.length > 0) { %>\n    15|               <div class=\"archive-articles\">\n\nmonthName is not defined\n    at eval (\"/home/u985847002/domains/emi-pulse.fr/nodejs/views/articles-by-month.ejs\":18:26)\n    at articles-by-month (/home/u985847002/domains/emi-pulse.fr/nodejs/node_modules/ejs/lib/ejs.js:703:17)\n    at tryHandleCache (/home/u985847002/domains/emi-pulse.fr/nodejs/node_modules/ejs/lib/ejs.js:274:36)\n    at exports.renderFile [as engine] (/home/u985847002/domains/emi-pulse.fr/nodejs/node_modules/ejs/lib/ejs.js:491:10)\n    at View.render (/home/u985847002/domains/emi-pulse.fr/nodejs/node_modules/express/lib/view.js:139:8)\n    at tryRender (/home/u985847002/domains/emi-pulse.fr/nodejs/node_modules/express/lib/application.js:627:10)\n    at Function.render (/home/u985847002/domains/emi-pulse.fr/nodejs/node_modules/express/lib/application.js:574:3)\n    at ServerResponse.render (/home/u985847002/domains/emi-pulse.fr/nodejs/node_modules/express/lib/response.js:909:7)\n    at getArticlesByMonth (file:///home/u985847002/domains/emi-pulse.fr/nodejs/controllers/home-controllers.js:151:9)\n    at process.processTicksAndRejections (node:internal/process/task_queues:105:5)"}
{"timestamp":"2026-05-02T21:53:39.979Z","level":"LOG","message":"[REQ] GET /renseignements | user:guest | ip:2a02:4780:a:4::6"}
{"timestamp":"2026-05-02T21:53:39.988Z","level":"LOG","message":"[REQ] GET /article/4 | user:guest | ip:2a02:4780:a:9::2"}
{"timestamp":"2026-05-02T21:53:39.990Z","level":"LOG","message":"[REQ] GET /article/3 | user:guest | ip:2a02:4780:a:4::6"}
{"timestamp":"2026-05-02T21:53:39.995Z","level":"ERROR","message":"getArticleById error: TypeError: Cannot read properties of null (reading 'includes')\n    at generateOpenGraphImage (file:///home/u985847002/domains/emi-pulse.fr/nodejs/services/imageHelper.js:293:16)\n    at getArticleById (file:///home/u985847002/domains/emi-pulse.fr/nodejs/controllers/article-controller.js:173:20)\n    at process.processTicksAndRejections (node:internal/process/task_queues:105:5)"}
{"timestamp":"2026-05-02T21:53:39.997Z","level":"ERROR","message":"getArticleById error: TypeError: Cannot read properties of null (reading 'includes')\n    at generateOpenGraphImage (file:///home/u985847002/domains/emi-pulse.fr/nodejs/services/imageHelper.js:293:16)\n    at getArticleById (file:///home/u985847002/domains/emi-pulse.fr/nodejs/controllers/article-controller.js:173:20)\n    at process.processTicksAndRejections (node:internal/process/task_queues:105:5)"}
{"timestamp":"2026-05-02T21:53:39.997Z","level":"LOG","message":"[REQ] GET /archive/2025/10 | user:guest | ip:2a02:4780:a:9::2"}
{"timestamp":"2026-05-02T21:53:39.999Z","level":"ERROR","message":"[500] ReferenceError: /home/u985847002/domains/emi-pulse.fr/nodejs/views/articles-by-month.ejs:12\n    10|         <div class=\"archive-main-content\">\n    11|           <article>\n >> 12|             <h1 class=\"archive-title\"><%= monthName %> <%= year %></h1>\n    13|             \n    14|             <% if (articles && articles.length > 0) { %>\n    15|               <div class=\"archive-articles\">\n\nmonthName is not defined\n    at eval (\"/home/u985847002/domains/emi-pulse.fr/nodejs/views/articles-by-month.ejs\":18:26)\n    at articles-by-month (/home/u985847002/domains/emi-pulse.fr/nodejs/node_modules/ejs/lib/ejs.js:703:17)\n    at tryHandleCache (/home/u985847002/domains/emi-pulse.fr/nodejs/node_modules/ejs/lib/ejs.js:274:36)\n    at exports.renderFile [as engine] (/home/u985847002/domains/emi-pulse.fr/nodejs/node_modules/ejs/lib/ejs.js:491:10)\n    at View.render (/home/u985847002/domains/emi-pulse.fr/nodejs/node_modules/express/lib/view.js:139:8)\n    at tryRender (/home/u985847002/domains/emi-pulse.fr/nodejs/node_modules/express/lib/application.js:627:10)\n    at Function.render (/home/u985847002/domains/emi-pulse.fr/nodejs/node_modules/express/lib/application.js:574:3)\n    at ServerResponse.render (/home/u985847002/domains/emi-pulse.fr/nodejs/node_modules/express/lib/response.js:909:7)\n    at getArticlesByMonth (file:///home/u985847002/domains/emi-pulse.fr/nodejs/controllers/home-controllers.js:151:9)\n    at process.processTicksAndRejections (node:internal/process/task_queues:105:5)"}
{"timestamp":"2026-05-02T21:53:39.999Z","level":"LOG","message":"[REQ] GET /article/2 | user:guest | ip:2a02:4780:a:4::6"}
{"timestamp":"2026-05-02T21:53:40.000Z","level":"LOG","message":"[REQ] GET /archive/2025/9 | user:guest | ip:2a02:4780:a:4::6"}
{"timestamp":"2026-05-02T21:53:40.002Z","level":"ERROR","message":"[500] ReferenceError: /home/u985847002/domains/emi-pulse.fr/nodejs/views/articles-by-month.ejs:12\n    10|         <div class=\"archive-main-content\">\n    11|           <article>\n >> 12|             <h1 class=\"archive-title\"><%= monthName %> <%= year %></h1>\n    13|             \n    14|             <% if (articles && articles.length > 0) { %>\n    15|               <div class=\"archive-articles\">\n\nmonthName is not defined\n    at eval (\"/home/u985847002/domains/emi-pulse.fr/nodejs/views/articles-by-month.ejs\":18:26)\n    at articles-by-month (/home/u985847002/domains/emi-pulse.fr/nodejs/node_modules/ejs/lib/ejs.js:703:17)\n    at tryHandleCache (/home/u985847002/domains/emi-pulse.fr/nodejs/node_modules/ejs/lib/ejs.js:274:36)\n    at exports.renderFile [as engine] (/home/u985847002/domains/emi-pulse.fr/nodejs/node_modules/ejs/lib/ejs.js:491:10)\n    at View.render (/home/u985847002/domains/emi-pulse.fr/nodejs/node_modules/express/lib/view.js:139:8)\n    at tryRender (/home/u985847002/domains/emi-pulse.fr/nodejs/node_modules/express/lib/application.js:627:10)\n    at Function.render (/home/u985847002/domains/emi-pulse.fr/nodejs/node_modules/express/lib/application.js:574:3)\n    at ServerResponse.render (/home/u985847002/domains/emi-pulse.fr/nodejs/node_modules/express/lib/response.js:909:7)\n    at getArticlesByMonth (file:///home/u985847002/domains/emi-pulse.fr/nodejs/controllers/home-controllers.js:151:9)\n    at process.processTicksAndRejections (node:internal/process/task_queues:105:5)"}
{"timestamp":"2026-05-02T21:53:40.014Z","level":"LOG","message":"[REQ] GET /archive/2025/8 | user:guest | ip:2a02:4780:a:9::2"}
{"timestamp":"2026-05-02T21:53:40.016Z","level":"ERROR","message":"[500] ReferenceError: /home/u985847002/domains/emi-pulse.fr/nodejs/views/articles-by-month.ejs:12\n    10|         <div class=\"archive-main-content\">\n    11|           <article>\n >> 12|             <h1 class=\"archive-title\"><%= monthName %> <%= year %></h1>\n    13|             \n    14|             <% if (articles && articles.length > 0) { %>\n    15|               <div class=\"archive-articles\">\n\nmonthName is not defined\n    at eval (\"/home/u985847002/domains/emi-pulse.fr/nodejs/views/articles-by-month.ejs\":18:26)\n    at articles-by-month (/home/u985847002/domains/emi-pulse.fr/nodejs/node_modules/ejs/lib/ejs.js:703:17)\n    at tryHandleCache (/home/u985847002/domains/emi-pulse.fr/nodejs/node_modules/ejs/lib/ejs.js:274:36)\n    at exports.renderFile [as engine] (/home/u985847002/domains/emi-pulse.fr/nodejs/node_modules/ejs/lib/ejs.js:491:10)\n    at View.render (/home/u985847002/domains/emi-pulse.fr/nodejs/node_modules/express/lib/view.js:139:8)\n    at tryRender (/home/u985847002/domains/emi-pulse.fr/nodejs/node_modules/express/lib/application.js:627:10)\n    at Function.render (/home/u985847002/domains/emi-pulse.fr/nodejs/node_modules/express/lib/application.js:574:3)\n    at ServerResponse.render (/home/u985847002/domains/emi-pulse.fr/nodejs/node_modules/express/lib/response.js:909:7)\n    at getArticlesByMonth (file:///home/u985847002/domains/emi-pulse.fr/nodejs/controllers/home-controllers.js:151:9)\n    at process.processTicksAndRejections (node:internal/process/task_queues:105:5)"}
{"timestamp":"2026-05-02T21:53:40.023Z","level":"LOG","message":"[REQ] GET /archive/2025/7 | user:guest | ip:2a02:4780:a:4::6"}
{"timestamp":"2026-05-02T21:53:40.024Z","level":"ERROR","message":"[500] ReferenceError: /home/u985847002/domains/emi-pulse.fr/nodejs/views/articles-by-month.ejs:12\n    10|         <div class=\"archive-main-content\">\n    11|           <article>\n >> 12|             <h1 class=\"archive-title\"><%= monthName %> <%= year %></h1>\n    13|             \n    14|             <% if (articles && articles.length > 0) { %>\n    15|               <div class=\"archive-articles\">\n\nmonthName is not defined\n    at eval (\"/home/u985847002/domains/emi-pulse.fr/nodejs/views/articles-by-month.ejs\":18:26)\n    at articles-by-month (/home/u985847002/domains/emi-pulse.fr/nodejs/node_modules/ejs/lib/ejs.js:703:17)\n    at tryHandleCache (/home/u985847002/domains/emi-pulse.fr/nodejs/node_modules/ejs/lib/ejs.js:274:36)\n    at exports.renderFile [as engine] (/home/u985847002/domains/emi-pulse.fr/nodejs/node_modules/ejs/lib/ejs.js:491:10)\n    at View.render (/home/u985847002/domains/emi-pulse.fr/nodejs/node_modules/express/lib/view.js:139:8)\n    at tryRender (/home/u985847002/domains/emi-pulse.fr/nodejs/node_modules/express/lib/application.js:627:10)\n    at Function.render (/home/u985847002/domains/emi-pulse.fr/nodejs/node_modules/express/lib/application.js:574:3)\n    at ServerResponse.render (/home/u985847002/domains/emi-pulse.fr/nodejs/node_modules/express/lib/response.js:909:7)\n    at getArticlesByMonth (file:///home/u985847002/domains/emi-pulse.fr/nodejs/controllers/home-controllers.js:151:9)\n    at process.processTicksAndRejections (node:internal/process/task_queues:105:5)"}
{"timestamp":"2026-05-02T21:53:40.025Z","level":"LOG","message":"[REQ] GET /archive/2025/6 | user:guest | ip:2a02:4780:a:4::6"}
{"timestamp":"2026-05-02T21:53:40.027Z","level":"ERROR","message":"[500] ReferenceError: /home/u985847002/domains/emi-pulse.fr/nodejs/views/articles-by-month.ejs:12\n    10|         <div class=\"archive-main-content\">\n    11|           <article>\n >> 12|             <h1 class=\"archive-title\"><%= monthName %> <%= year %></h1>\n    13|             \n    14|             <% if (articles && articles.length > 0) { %>\n    15|               <div class=\"archive-articles\">\n\nmonthName is not defined\n    at eval (\"/home/u985847002/domains/emi-pulse.fr/nodejs/views/articles-by-month.ejs\":18:26)\n    at articles-by-month (/home/u985847002/domains/emi-pulse.fr/nodejs/node_modules/ejs/lib/ejs.js:703:17)\n    at tryHandleCache (/home/u985847002/domains/emi-pulse.fr/nodejs/node_modules/ejs/lib/ejs.js:274:36)\n    at exports.renderFile [as engine] (/home/u985847002/domains/emi-pulse.fr/nodejs/node_modules/ejs/lib/ejs.js:491:10)\n    at View.render (/home/u985847002/domains/emi-pulse.fr/nodejs/node_modules/express/lib/view.js:139:8)\n    at tryRender (/home/u985847002/domains/emi-pulse.fr/nodejs/node_modules/express/lib/application.js:627:10)\n    at Function.render (/home/u985847002/domains/emi-pulse.fr/nodejs/node_modules/express/lib/application.js:574:3)\n    at ServerResponse.render (/home/u985847002/domains/emi-pulse.fr/nodejs/node_modules/express/lib/response.js:909:7)\n    at getArticlesByMonth (file:///home/u985847002/domains/emi-pulse.fr/nodejs/controllers/home-controllers.js:151:9)\n    at process.processTicksAndRejections (node:internal/process/task_queues:105:5)"}
{"timestamp":"2026-05-02T21:53:40.027Z","level":"LOG","message":"[REQ] GET /archive/2025/5 | user:guest | ip:2a02:4780:a:9::2"}
{"timestamp":"2026-05-02T21:53:40.029Z","level":"ERROR","message":"[500] ReferenceError: /home/u985847002/domains/emi-pulse.fr/nodejs/views/articles-by-month.ejs:12\n    10|         <div class=\"archive-main-content\">\n    11|           <article>\n >> 12|             <h1 class=\"archive-title\"><%= monthName %> <%= year %></h1>\n    13|             \n    14|             <% if (articles && articles.length > 0) { %>\n    15|               <div class=\"archive-articles\">\n\nmonthName is not defined\n    at eval (\"/home/u985847002/domains/emi-pulse.fr/nodejs/views/articles-by-month.ejs\":18:26)\n    at articles-by-month (/home/u985847002/domains/emi-pulse.fr/nodejs/node_modules/ejs/lib/ejs.js:703:17)\n    at tryHandleCache (/home/u985847002/domains/emi-pulse.fr/nodejs/node_modules/ejs/lib/ejs.js:274:36)\n    at exports.renderFile [as engine] (/home/u985847002/domains/emi-pulse.fr/nodejs/node_modules/ejs/lib/ejs.js:491:10)\n    at View.render (/home/u985847002/domains/emi-pulse.fr/nodejs/node_modules/express/lib/view.js:139:8)\n    at tryRender (/home/u985847002/domains/emi-pulse.fr/nodejs/node_modules/express/lib/application.js:627:10)\n    at Function.render (/home/u985847002/domains/emi-pulse.fr/nodejs/node_modules/express/lib/application.js:574:3)\n    at ServerResponse.render (/home/u985847002/domains/emi-pulse.fr/nodejs/node_modules/express/lib/response.js:909:7)\n    at getArticlesByMonth (file:///home/u985847002/domains/emi-pulse.fr/nodejs/controllers/home-controllers.js:151:9)\n    at process.processTicksAndRejections (node:internal/process/task_queues:105:5)"}
{"timestamp":"2026-05-02T21:53:40.029Z","level":"LOG","message":"[REQ] GET /archive/2025/4 | user:guest | ip:2a02:4780:a:4::6"}
{"timestamp":"2026-05-02T21:53:40.031Z","level":"ERROR","message":"[500] ReferenceError: /home/u985847002/domains/emi-pulse.fr/nodejs/views/articles-by-month.ejs:12\n    10|         <div class=\"archive-main-content\">\n    11|           <article>\n >> 12|             <h1 class=\"archive-title\"><%= monthName %> <%= year %></h1>\n    13|             \n    14|             <% if (articles && articles.length > 0) { %>\n    15|               <div class=\"archive-articles\">\n\nmonthName is not defined\n    at eval (\"/home/u985847002/domains/emi-pulse.fr/nodejs/views/articles-by-month.ejs\":18:26)\n    at articles-by-month (/home/u985847002/domains/emi-pulse.fr/nodejs/node_modules/ejs/lib/ejs.js:703:17)\n    at tryHandleCache (/home/u985847002/domains/emi-pulse.fr/nodejs/node_modules/ejs/lib/ejs.js:274:36)\n    at exports.renderFile [as engine] (/home/u985847002/domains/emi-pulse.fr/nodejs/node_modules/ejs/lib/ejs.js:491:10)\n    at View.render (/home/u985847002/domains/emi-pulse.fr/nodejs/node_modules/express/lib/view.js:139:8)\n    at tryRender (/home/u985847002/domains/emi-pulse.fr/nodejs/node_modules/express/lib/application.js:627:10)\n    at Function.render (/home/u985847002/domains/emi-pulse.fr/nodejs/node_modules/express/lib/application.js:574:3)\n    at ServerResponse.render (/home/u985847002/domains/emi-pulse.fr/nodejs/node_modules/express/lib/response.js:909:7)\n    at getArticlesByMonth (file:///home/u985847002/domains/emi-pulse.fr/nodejs/controllers/home-controllers.js:151:9)\n    at process.processTicksAndRejections (node:internal/process/task_queues:105:5)"}
{"timestamp":"2026-05-02T21:53:40.036Z","level":"LOG","message":"[REQ] GET /archive/2025/3 | user:guest | ip:2a02:4780:a:9::2"}
{"timestamp":"2026-05-02T21:53:40.037Z","level":"ERROR","message":"[500] ReferenceError: /home/u985847002/domains/emi-pulse.fr/nodejs/views/articles-by-month.ejs:12\n    10|         <div class=\"archive-main-content\">\n    11|           <article>\n >> 12|             <h1 class=\"archive-title\"><%= monthName %> <%= year %></h1>\n    13|             \n    14|             <% if (articles && articles.length > 0) { %>\n    15|               <div class=\"archive-articles\">\n\nmonthName is not defined\n    at eval (\"/home/u985847002/domains/emi-pulse.fr/nodejs/views/articles-by-month.ejs\":18:26)\n    at articles-by-month (/home/u985847002/domains/emi-pulse.fr/nodejs/node_modules/ejs/lib/ejs.js:703:17)\n    at tryHandleCache (/home/u985847002/domains/emi-pulse.fr/nodejs/node_modules/ejs/lib/ejs.js:274:36)\n    at exports.renderFile [as engine] (/home/u985847002/domains/emi-pulse.fr/nodejs/node_modules/ejs/lib/ejs.js:491:10)\n    at View.render (/home/u985847002/domains/emi-pulse.fr/nodejs/node_modules/express/lib/view.js:139:8)\n    at tryRender (/home/u985847002/domains/emi-pulse.fr/nodejs/node_modules/express/lib/application.js:627:10)\n    at Function.render (/home/u985847002/domains/emi-pulse.fr/nodejs/node_modules/express/lib/application.js:574:3)\n    at ServerResponse.render (/home/u985847002/domains/emi-pulse.fr/nodejs/node_modules/express/lib/response.js:909:7)\n    at getArticlesByMonth (file:///home/u985847002/domains/emi-pulse.fr/nodejs/controllers/home-controllers.js:151:9)\n    at process.processTicksAndRejections (node:internal/process/task_queues:105:5)"}
{"timestamp":"2026-05-02T21:53:40.042Z","level":"LOG","message":"[REQ] GET /archive/2025/2 | user:guest | ip:2a02:4780:a:4::6"}
{"timestamp":"2026-05-02T21:53:40.043Z","level":"ERROR","message":"[500] ReferenceError: /home/u985847002/domains/emi-pulse.fr/nodejs/views/articles-by-month.ejs:12\n    10|         <div class=\"archive-main-content\">\n    11|           <article>\n >> 12|             <h1 class=\"archive-title\"><%= monthName %> <%= year %></h1>\n    13|             \n    14|             <% if (articles && articles.length > 0) { %>\n    15|               <div class=\"archive-articles\">\n\nmonthName is not defined\n    at eval (\"/home/u985847002/domains/emi-pulse.fr/nodejs/views/articles-by-month.ejs\":18:26)\n    at articles-by-month (/home/u985847002/domains/emi-pulse.fr/nodejs/node_modules/ejs/lib/ejs.js:703:17)\n    at tryHandleCache (/home/u985847002/domains/emi-pulse.fr/nodejs/node_modules/ejs/lib/ejs.js:274:36)\n    at exports.renderFile [as engine] (/home/u985847002/domains/emi-pulse.fr/nodejs/node_modules/ejs/lib/ejs.js:491:10)\n    at View.render (/home/u985847002/domains/emi-pulse.fr/nodejs/node_modules/express/lib/view.js:139:8)\n    at tryRender (/home/u985847002/domains/emi-pulse.fr/nodejs/node_modules/express/lib/application.js:627:10)\n    at Function.render (/home/u985847002/domains/emi-pulse.fr/nodejs/node_modules/express/lib/application.js:574:3)\n    at ServerResponse.render (/home/u985847002/domains/emi-pulse.fr/nodejs/node_modules/express/lib/response.js:909:7)\n    at getArticlesByMonth (file:///home/u985847002/domains/emi-pulse.fr/nodejs/controllers/home-controllers.js:151:9)\n    at process.processTicksAndRejections (node:internal/process/task_queues:105:5)"}
{"timestamp":"2026-05-02T21:53:40.053Z","level":"LOG","message":"[REQ] GET /archive/2025/1 | user:guest | ip:2a02:4780:a:4::6"}
{"timestamp":"2026-05-02T21:53:40.054Z","level":"ERROR","message":"[500] ReferenceError: /home/u985847002/domains/emi-pulse.fr/nodejs/views/articles-by-month.ejs:12\n    10|         <div class=\"archive-main-content\">\n    11|           <article>\n >> 12|             <h1 class=\"archive-title\"><%= monthName %> <%= year %></h1>\n    13|             \n    14|             <% if (articles && articles.length > 0) { %>\n    15|               <div class=\"archive-articles\">\n\nmonthName is not defined\n    at eval (\"/home/u985847002/domains/emi-pulse.fr/nodejs/views/articles-by-month.ejs\":18:26)\n    at articles-by-month (/home/u985847002/domains/emi-pulse.fr/nodejs/node_modules/ejs/lib/ejs.js:703:17)\n    at tryHandleCache (/home/u985847002/domains/emi-pulse.fr/nodejs/node_modules/ejs/lib/ejs.js:274:36)\n    at exports.renderFile [as engine] (/home/u985847002/domains/emi-pulse.fr/nodejs/node_modules/ejs/lib/ejs.js:491:10)\n    at View.render (/home/u985847002/domains/emi-pulse.fr/nodejs/node_modules/express/lib/view.js:139:8)\n    at tryRender (/home/u985847002/domains/emi-pulse.fr/nodejs/node_modules/express/lib/application.js:627:10)\n    at Function.render (/home/u985847002/domains/emi-pulse.fr/nodejs/node_modules/express/lib/application.js:574:3)\n    at ServerResponse.render (/home/u985847002/domains/emi-pulse.fr/nodejs/node_modules/express/lib/response.js:909:7)\n    at getArticlesByMonth (file:///home/u985847002/domains/emi-pulse.fr/nodejs/controllers/home-controllers.js:151:9)\n    at process.processTicksAndRejections (node:internal/process/task_queues:105:5)"}
{"timestamp":"2026-05-02T21:53:40.130Z","level":"LOG","message":"[REQ] GET /article | user:guest | ip:2a02:4780:a:4::6"}
{"timestamp":"2026-05-02T21:53:40.131Z","level":"LOG","message":"[REQ] GET /auth/forgot | user:guest | ip:2a02:4780:a:4::6"}
{"timestamp":"2026-05-02T21:53:40.135Z","level":"LOG","message":"[REQ] GET /auth/register | user:guest | ip:2a02:4780:a:9::2"}
{"timestamp":"2026-05-02T21:53:40.135Z","level":"LOG","message":"📄 GET /auth/register"}
{"timestamp":"2026-05-02T21:53:40.184Z","level":"LOG","message":"[REQ] GET /article/ | user:guest | ip:2a02:4780:a:9::2"}
{"timestamp":"2026-05-02T23:05:27.895Z","level":"LOG","message":"[dotenv@17.2.1] injecting env (32) from .env.production -- tip: 📡 auto-backup env with Radar: https://dotenvx.com/radar"}
{"timestamp":"2026-05-02T23:05:28.138Z","level":"LOG","message":"[dotenv@17.2.1] injecting env (0) from .env -- tip: 📡 observe env with Radar: https://dotenvx.com/radar"}
{"timestamp":"2026-05-02T23:05:28.203Z","level":"LOG","message":"[dotenv@17.2.1] injecting env (0) from .env.production -- tip: ⚙️  specify custom .env file path with { path: '/custom/path/.env' }"}
{"timestamp":"2026-05-02T23:05:28.260Z","level":"LOG","message":"🚀 http://localhost:3000"}
{"timestamp":"2026-05-02T23:05:28.282Z","level":"LOG","message":"[REQ] GET /sitemap.xml | user:guest | ip:2a02:4780:2c:e::2"}
{"timestamp":"2026-05-02T23:05:28.309Z","level":"LOG","message":"✅ Connexion à la base réussie !"}
{"timestamp":"2026-05-02T23:05:28.314Z","level":"ERROR","message":"Sitemap error: Error\n    at Query.run (/home/u985847002/domains/emi-pulse.fr/nodejs/node_modules/sequelize/lib/dialects/mysql/query.js:52:25)\n    at /home/u985847002/domains/emi-pulse.fr/nodejs/node_modules/sequelize/lib/sequelize.js:315:28\n    at process.processTicksAndRejections (node:internal/process/task_queues:105:5)\n    at async MySQLQueryInterface.select (/home/u985847002/domains/emi-pulse.fr/nodejs/node_modules/sequelize/lib/dialects/abstract/query-interface.js:407:12)\n    at async Article.findAll (/home/u985847002/domains/emi-pulse.fr/nodejs/node_modules/sequelize/lib/model.js:1140:21)\n    at async generateSitemap (file:///home/u985847002/domains/emi-pulse.fr/nodejs/controllers/sitemap-rss-controller.js:11:22)"}
{"timestamp":"2026-05-02T23:05:28.344Z","level":"LOG","message":"Sample hash: $argon2id$v=19$m=65536,t=3,p=4$aygFCXElffo4k2QORkDG2w$2ChUT3gyBSobBkUWPOOc2FERq87dVTKqNrmA1FB3wQk"}
{"timestamp":"2026-05-02T23:05:28.497Z","level":"LOG","message":"✅ Email service configuré et prêt"}
{"timestamp":"2026-05-02T23:59:17.720Z","level":"LOG","message":"[dotenv@17.2.1] injecting env (32) from .env.production -- tip: ⚙️  specify custom .env file path with { path: '/custom/path/.env' }"}
{"timestamp":"2026-05-02T23:59:17.901Z","level":"LOG","message":"[dotenv@17.2.1] injecting env (0) from .env -- tip: 📡 observe env with Radar: https://dotenvx.com/radar"}
{"timestamp":"2026-05-02T23:59:17.955Z","level":"LOG","message":"[dotenv@17.2.1] injecting env (0) from .env.production -- tip: ⚙️  specify custom .env file path with { path: '/custom/path/.env' }"}
{"timestamp":"2026-05-02T23:59:18.013Z","level":"LOG","message":"🚀 http://localhost:3000"}
{"timestamp":"2026-05-02T23:59:18.032Z","level":"LOG","message":"[REQ] GET /sitemap.xml | user:guest | ip:2a02:4780:2c:1a::2"}
{"timestamp":"2026-05-02T23:59:18.074Z","level":"LOG","message":"✅ Connexion à la base réussie !"}
{"timestamp":"2026-05-02T23:59:18.079Z","level":"ERROR","message":"Sitemap error: Error\n    at Query.run (/home/u985847002/domains/emi-pulse.fr/nodejs/node_modules/sequelize/lib/dialects/mysql/query.js:52:25)\n    at /home/u985847002/domains/emi-pulse.fr/nodejs/node_modules/sequelize/lib/sequelize.js:315:28\n    at process.processTicksAndRejections (node:internal/process/task_queues:105:5)\n    at async MySQLQueryInterface.select (/home/u985847002/domains/emi-pulse.fr/nodejs/node_modules/sequelize/lib/dialects/abstract/query-interface.js:407:12)\n    at async Article.findAll (/home/u985847002/domains/emi-pulse.fr/nodejs/node_modules/sequelize/lib/model.js:1140:21)\n    at async generateSitemap (file:///home/u985847002/domains/emi-pulse.fr/nodejs/controllers/sitemap-rss-controller.js:11:22)"}
{"timestamp":"2026-05-02T23:59:18.091Z","level":"LOG","message":"Sample hash: $argon2id$v=19$m=65536,t=3,p=4$gJtgxGR2J8qUBOA7AnQe3w$zDT1f8URe9jXCZncNDI5TfBv9sciaP9LHhUggIp+baY"}
{"timestamp":"2026-05-02T23:59:18.187Z","level":"LOG","message":"✅ Email service configuré et prêt"}
{"timestamp":"2026-05-03T02:24:29.397Z","level":"LOG","message":"[dotenv@17.2.1] injecting env (32) from .env.production -- tip: ⚙️  load multiple .env files with { path: ['.env.local', '.env'] }"}
{"timestamp":"2026-05-03T02:24:29.577Z","level":"LOG","message":"[dotenv@17.2.1] injecting env (0) from .env -- tip: 🔐 encrypt with Dotenvx: https://dotenvx.com"}
{"timestamp":"2026-05-03T02:24:29.623Z","level":"LOG","message":"[dotenv@17.2.1] injecting env (0) from .env.production -- tip: 📡 observe env with Radar: https://dotenvx.com/radar"}
{"timestamp":"2026-05-03T02:24:29.670Z","level":"LOG","message":"🚀 http://localhost:3000"}
{"timestamp":"2026-05-03T02:24:29.690Z","level":"LOG","message":"[REQ] GET /sitemap.xml | user:guest | ip:2a02:4780:2c:1a::2"}
{"timestamp":"2026-05-03T02:24:29.720Z","level":"LOG","message":"✅ Connexion à la base réussie !"}
{"timestamp":"2026-05-03T02:24:29.724Z","level":"ERROR","message":"Sitemap error: Error\n    at Query.run (/home/u985847002/domains/emi-pulse.fr/nodejs/node_modules/sequelize/lib/dialects/mysql/query.js:52:25)\n    at /home/u985847002/domains/emi-pulse.fr/nodejs/node_modules/sequelize/lib/sequelize.js:315:28\n    at process.processTicksAndRejections (node:internal/process/task_queues:105:5)\n    at async MySQLQueryInterface.select (/home/u985847002/domains/emi-pulse.fr/nodejs/node_modules/sequelize/lib/dialects/abstract/query-interface.js:407:12)\n    at async Article.findAll (/home/u985847002/domains/emi-pulse.fr/nodejs/node_modules/sequelize/lib/model.js:1140:21)\n    at async generateSitemap (file:///home/u985847002/domains/emi-pulse.fr/nodejs/controllers/sitemap-rss-controller.js:11:22)"}
{"timestamp":"2026-05-03T02:24:29.754Z","level":"LOG","message":"Sample hash: $argon2id$v=19$m=65536,t=3,p=4$vVhZmg3PCnI+i6l3kkIOGA$ZqY9/6kxqzImXtZ4uh3qGabif0rIPviZtH34TtPRXBI"}
{"timestamp":"2026-05-03T02:24:29.835Z","level":"LOG","message":"✅ Email service configuré et prêt"}
{"timestamp":"2026-05-03T03:26:22.628Z","level":"LOG","message":"[dotenv@17.2.1] injecting env (32) from .env.production -- tip: ⚙️  override existing env vars with { override: true }"}
{"timestamp":"2026-05-03T03:26:22.834Z","level":"LOG","message":"[dotenv@17.2.1] injecting env (0) from .env -- tip: 📡 auto-backup env with Radar: https://dotenvx.com/radar"}
{"timestamp":"2026-05-03T03:26:22.890Z","level":"LOG","message":"[dotenv@17.2.1] injecting env (0) from .env.production -- tip: ⚙️  enable debug logging with { debug: true }"}
{"timestamp":"2026-05-03T03:26:22.944Z","level":"LOG","message":"🚀 http://localhost:3000"}
{"timestamp":"2026-05-03T03:26:22.968Z","level":"LOG","message":"[REQ] GET /sitemap.xml | user:guest | ip:2a02:4780:2c:d::3"}
{"timestamp":"2026-05-03T03:26:22.997Z","level":"LOG","message":"✅ Connexion à la base réussie !"}
{"timestamp":"2026-05-03T03:26:23.002Z","level":"ERROR","message":"Sitemap error: Error\n    at Query.run (/home/u985847002/domains/emi-pulse.fr/nodejs/node_modules/sequelize/lib/dialects/mysql/query.js:52:25)\n    at /home/u985847002/domains/emi-pulse.fr/nodejs/node_modules/sequelize/lib/sequelize.js:315:28\n    at process.processTicksAndRejections (node:internal/process/task_queues:105:5)\n    at async MySQLQueryInterface.select (/home/u985847002/domains/emi-pulse.fr/nodejs/node_modules/sequelize/lib/dialects/abstract/query-interface.js:407:12)\n    at async Article.findAll (/home/u985847002/domains/emi-pulse.fr/nodejs/node_modules/sequelize/lib/model.js:1140:21)\n    at async generateSitemap (file:///home/u985847002/domains/emi-pulse.fr/nodejs/controllers/sitemap-rss-controller.js:11:22)"}
{"timestamp":"2026-05-03T03:26:23.023Z","level":"LOG","message":"Sample hash: $argon2id$v=19$m=65536,t=3,p=4$mO/VcAxIdn2lO20KXRYPCQ$VBGdp1iQwfZNbmCif5QxlygV1uRg44O+oU2s5RtdZBw"}
{"timestamp":"2026-05-03T03:26:23.139Z","level":"LOG","message":"✅ Email service configuré et prêt"}
{"timestamp":"2026-05-03T03:44:27.670Z","level":"LOG","message":"[dotenv@17.2.1] injecting env (32) from .env.production -- tip: 🔐 encrypt with Dotenvx: https://dotenvx.com"}
{"timestamp":"2026-05-03T03:44:27.835Z","level":"LOG","message":"[dotenv@17.2.1] injecting env (0) from .env -- tip: ⚙️  override existing env vars with { override: true }"}
{"timestamp":"2026-05-03T03:44:27.882Z","level":"LOG","message":"[dotenv@17.2.1] injecting env (0) from .env.production -- tip: 🔐 prevent committing .env to code: https://dotenvx.com/precommit"}
{"timestamp":"2026-05-03T03:44:27.926Z","level":"LOG","message":"🚀 http://localhost:3000"}
{"timestamp":"2026-05-03T03:44:27.947Z","level":"LOG","message":"[REQ] GET /sitemap.xml | user:guest | ip:2a02:4780:40:11::2"}
{"timestamp":"2026-05-03T03:44:27.975Z","level":"LOG","message":"✅ Connexion à la base réussie !"}
{"timestamp":"2026-05-03T03:44:27.979Z","level":"ERROR","message":"Sitemap error: Error\n    at Query.run (/home/u985847002/domains/emi-pulse.fr/nodejs/node_modules/sequelize/lib/dialects/mysql/query.js:52:25)\n    at /home/u985847002/domains/emi-pulse.fr/nodejs/node_modules/sequelize/lib/sequelize.js:315:28\n    at process.processTicksAndRejections (node:internal/process/task_queues:105:5)\n    at async MySQLQueryInterface.select (/home/u985847002/domains/emi-pulse.fr/nodejs/node_modules/sequelize/lib/dialects/abstract/query-interface.js:407:12)\n    at async Article.findAll (/home/u985847002/domains/emi-pulse.fr/nodejs/node_modules/sequelize/lib/model.js:1140:21)\n    at async generateSitemap (file:///home/u985847002/domains/emi-pulse.fr/nodejs/controllers/sitemap-rss-controller.js:11:22)"}
{"timestamp":"2026-05-03T03:44:28.001Z","level":"LOG","message":"Sample hash: $argon2id$v=19$m=65536,t=3,p=4$v297v6FC5LN1VdeGEeHtXA$1L9pMR+SJ/rJiNmurqf8/jqDFMHr4Mxb6LHvN1b36Lk"}
{"timestamp":"2026-05-03T03:44:28.102Z","level":"LOG","message":"✅ Email service configuré et prêt"}
{"timestamp":"2026-05-03T03:44:28.536Z","level":"LOG","message":"[REQ] GET /sitemap.xml | user:guest | ip:2a02:4780:40:1::5"}
{"timestamp":"2026-05-03T03:44:28.538Z","level":"ERROR","message":"Sitemap error: Error\n    at Query.run (/home/u985847002/domains/emi-pulse.fr/nodejs/node_modules/sequelize/lib/dialects/mysql/query.js:52:25)\n    at /home/u985847002/domains/emi-pulse.fr/nodejs/node_modules/sequelize/lib/sequelize.js:315:28\n    at process.processTicksAndRejections (node:internal/process/task_queues:105:5)\n    at async MySQLQueryInterface.select (/home/u985847002/domains/emi-pulse.fr/nodejs/node_modules/sequelize/lib/dialects/abstract/query-interface.js:407:12)\n    at async Article.findAll (/home/u985847002/domains/emi-pulse.fr/nodejs/node_modules/sequelize/lib/model.js:1140:21)\n    at async generateSitemap (file:///home/u985847002/domains/emi-pulse.fr/nodejs/controllers/sitemap-rss-controller.js:11:22)"}
{"timestamp":"2026-05-03T03:44:28.909Z","level":"LOG","message":"[REQ] GET /sitemap_index.xml | user:guest | ip:2a02:4780:40:11::2"}
{"timestamp":"2026-05-03T03:44:29.498Z","level":"LOG","message":"[REQ] GET /sitemap1.xml | user:guest | ip:2a02:4780:40:3::2"}
{"timestamp":"2026-05-03T03:44:29.759Z","level":"LOG","message":"[REQ] GET /sitemap1.xml | user:guest | ip:2a02:4780:40:9::2"}
{"timestamp":"2026-05-03T03:44:29.955Z","level":"LOG","message":"[REQ] GET / | user:guest | ip:2a02:4780:40:1::5"}
{"timestamp":"2026-05-03T03:44:30.478Z","level":"LOG","message":"[REQ] GET /mentions-legales | user:guest | ip:2a02:4780:40:11::2"}
{"timestamp":"2026-05-03T03:49:45.132Z","level":"LOG","message":"[REQ] GET / | user:guest | ip:2a02:4780:11:c::2"}
{"timestamp":"2026-05-03T03:49:46.162Z","level":"LOG","message":"[REQ] GET / | user:guest | ip:2a02:4780:11:13::2"}
{"timestamp":"2026-05-03T03:49:47.126Z","level":"LOG","message":"[REQ] GET /mentions-legales | user:guest | ip:2a02:4780:11:15::2"}
{"timestamp":"2026-05-03T03:49:48.071Z","level":"LOG","message":"[REQ] GET /article/categorie/Categorie%20TEST | user:guest | ip:2a02:4780:11:3::2"}
{"timestamp":"2026-05-03T03:49:48.977Z","level":"LOG","message":"[REQ] GET /renseignements | user:guest | ip:2a02:4780:11:7::2"}
{"timestamp":"2026-05-03T03:49:49.912Z","level":"LOG","message":"[REQ] GET /article/categorie/gergergerg | user:guest | ip:2a02:4780:11:3::2"}
{"timestamp":"2026-05-03T03:49:50.855Z","level":"LOG","message":"[REQ] GET /archive/2025/1 | user:guest | ip:2a02:4780:11:5::2"}
{"timestamp":"2026-05-03T03:49:50.860Z","level":"ERROR","message":"[500] ReferenceError: /home/u985847002/domains/emi-pulse.fr/nodejs/views/articles-by-month.ejs:12\n    10|         <div class=\"archive-main-content\">\n    11|           <article>\n >> 12|             <h1 class=\"archive-title\"><%= monthName %> <%= year %></h1>\n    13|             \n    14|             <% if (articles && articles.length > 0) { %>\n    15|               <div class=\"archive-articles\">\n\nmonthName is not defined\n    at eval (\"/home/u985847002/domains/emi-pulse.fr/nodejs/views/articles-by-month.ejs\":18:26)\n    at articles-by-month (/home/u985847002/domains/emi-pulse.fr/nodejs/node_modules/ejs/lib/ejs.js:703:17)\n    at tryHandleCache (/home/u985847002/domains/emi-pulse.fr/nodejs/node_modules/ejs/lib/ejs.js:274:36)\n    at exports.renderFile [as engine] (/home/u985847002/domains/emi-pulse.fr/nodejs/node_modules/ejs/lib/ejs.js:491:10)\n    at View.render (/home/u985847002/domains/emi-pulse.fr/nodejs/node_modules/express/lib/view.js:139:8)\n    at tryRender (/home/u985847002/domains/emi-pulse.fr/nodejs/node_modules/express/lib/application.js:627:10)\n    at Function.render (/home/u985847002/domains/emi-pulse.fr/nodejs/node_modules/express/lib/application.js:574:3)\n    at ServerResponse.render (/home/u985847002/domains/emi-pulse.fr/nodejs/node_modules/express/lib/response.js:909:7)\n    at getArticlesByMonth (file:///home/u985847002/domains/emi-pulse.fr/nodejs/controllers/home-controllers.js:151:9)\n    at process.processTicksAndRejections (node:internal/process/task_queues:105:5)"}
{"timestamp":"2026-05-03T03:49:51.790Z","level":"LOG","message":"[REQ] GET /article/categorie/grztgrtgr | user:guest | ip:2a02:4780:11:15::2"}
{"timestamp":"2026-05-03T03:49:52.697Z","level":"LOG","message":"[REQ] GET /archive/2025/2 | user:guest | ip:2a02:4780:11:7::2"}
{"timestamp":"2026-05-03T03:49:52.700Z","level":"ERROR","message":"[500] ReferenceError: /home/u985847002/domains/emi-pulse.fr/nodejs/views/articles-by-month.ejs:12\n    10|         <div class=\"archive-main-content\">\n    11|           <article>\n >> 12|             <h1 class=\"archive-title\"><%= monthName %> <%= year %></h1>\n    13|             \n    14|             <% if (articles && articles.length > 0) { %>\n    15|               <div class=\"archive-articles\">\n\nmonthName is not defined\n    at eval (\"/home/u985847002/domains/emi-pulse.fr/nodejs/views/articles-by-month.ejs\":18:26)\n    at articles-by-month (/home/u985847002/domains/emi-pulse.fr/nodejs/node_modules/ejs/lib/ejs.js:703:17)\n    at tryHandleCache (/home/u985847002/domains/emi-pulse.fr/nodejs/node_modules/ejs/lib/ejs.js:274:36)\n    at exports.renderFile [as engine] (/home/u985847002/domains/emi-pulse.fr/nodejs/node_modules/ejs/lib/ejs.js:491:10)\n    at View.render (/home/u985847002/domains/emi-pulse.fr/nodejs/node_modules/express/lib/view.js:139:8)\n    at tryRender (/home/u985847002/domains/emi-pulse.fr/nodejs/node_modules/express/lib/application.js:627:10)\n    at Function.render (/home/u985847002/domains/emi-pulse.fr/nodejs/node_modules/express/lib/application.js:574:3)\n    at ServerResponse.render (/home/u985847002/domains/emi-pulse.fr/nodejs/node_modules/express/lib/response.js:909:7)\n    at getArticlesByMonth (file:///home/u985847002/domains/emi-pulse.fr/nodejs/controllers/home-controllers.js:151:9)\n    at process.processTicksAndRejections (node:internal/process/task_queues:105:5)"}
{"timestamp":"2026-05-03T03:49:53.597Z","level":"LOG","message":"[REQ] GET /article/categorie/gzertgretg | user:guest | ip:2a02:4780:11:7::2"}
{"timestamp":"2026-05-03T03:49:54.506Z","level":"LOG","message":"[REQ] GET /archive/2025/3 | user:guest | ip:2a02:4780:11:15::2"}
{"timestamp":"2026-05-03T03:49:54.508Z","level":"ERROR","message":"[500] ReferenceError: /home/u985847002/domains/emi-pulse.fr/nodejs/views/articles-by-month.ejs:12\n    10|         <div class=\"archive-main-content\">\n    11|           <article>\n >> 12|             <h1 class=\"archive-title\"><%= monthName %> <%= year %></h1>\n    13|             \n    14|             <% if (articles && articles.length > 0) { %>\n    15|               <div class=\"archive-articles\">\n\nmonthName is not defined\n    at eval (\"/home/u985847002/domains/emi-pulse.fr/nodejs/views/articles-by-month.ejs\":18:26)\n    at articles-by-month (/home/u985847002/domains/emi-pulse.fr/nodejs/node_modules/ejs/lib/ejs.js:703:17)\n    at tryHandleCache (/home/u985847002/domains/emi-pulse.fr/nodejs/node_modules/ejs/lib/ejs.js:274:36)\n    at exports.renderFile [as engine] (/home/u985847002/domains/emi-pulse.fr/nodejs/node_modules/ejs/lib/ejs.js:491:10)\n    at View.render (/home/u985847002/domains/emi-pulse.fr/nodejs/node_modules/express/lib/view.js:139:8)\n    at tryRender (/home/u985847002/domains/emi-pulse.fr/nodejs/node_modules/express/lib/application.js:627:10)\n    at Function.render (/home/u985847002/domains/emi-pulse.fr/nodejs/node_modules/express/lib/application.js:574:3)\n    at ServerResponse.render (/home/u985847002/domains/emi-pulse.fr/nodejs/node_modules/express/lib/response.js:909:7)\n    at getArticlesByMonth (file:///home/u985847002/domains/emi-pulse.fr/nodejs/controllers/home-controllers.js:151:9)\n    at process.processTicksAndRejections (node:internal/process/task_queues:105:5)"}
{"timestamp":"2026-05-03T03:49:55.408Z","level":"LOG","message":"[REQ] GET /article/categorie/gzrtgrtgrtg | user:guest | ip:2a02:4780:11:5::2"}
{"timestamp":"2026-05-03T03:49:56.339Z","level":"LOG","message":"[REQ] GET /archive/2025/4 | user:guest | ip:2a02:4780:11:5::2"}
{"timestamp":"2026-05-03T03:49:56.342Z","level":"ERROR","message":"[500] ReferenceError: /home/u985847002/domains/emi-pulse.fr/nodejs/views/articles-by-month.ejs:12\n    10|         <div class=\"archive-main-content\">\n    11|           <article>\n >> 12|             <h1 class=\"archive-title\"><%= monthName %> <%= year %></h1>\n    13|             \n    14|             <% if (articles && articles.length > 0) { %>\n    15|               <div class=\"archive-articles\">\n\nmonthName is not defined\n    at eval (\"/home/u985847002/domains/emi-pulse.fr/nodejs/views/articles-by-month.ejs\":18:26)\n    at articles-by-month (/home/u985847002/domains/emi-pulse.fr/nodejs/node_modules/ejs/lib/ejs.js:703:17)\n    at tryHandleCache (/home/u985847002/domains/emi-pulse.fr/nodejs/node_modules/ejs/lib/ejs.js:274:36)\n    at exports.renderFile [as engine] (/home/u985847002/domains/emi-pulse.fr/nodejs/node_modules/ejs/lib/ejs.js:491:10)\n    at View.render (/home/u985847002/domains/emi-pulse.fr/nodejs/node_modules/express/lib/view.js:139:8)\n    at tryRender (/home/u985847002/domains/emi-pulse.fr/nodejs/node_modules/express/lib/application.js:627:10)\n    at Function.render (/home/u985847002/domains/emi-pulse.fr/nodejs/node_modules/express/lib/application.js:574:3)\n    at ServerResponse.render (/home/u985847002/domains/emi-pulse.fr/nodejs/node_modules/express/lib/response.js:909:7)\n    at getArticlesByMonth (file:///home/u985847002/domains/emi-pulse.fr/nodejs/controllers/home-controllers.js:151:9)\n    at process.processTicksAndRejections (node:internal/process/task_queues:105:5)"}
{"timestamp":"2026-05-03T03:49:57.287Z","level":"LOG","message":"[REQ] GET /article/categorie/test | user:guest | ip:2a02:4780:11:5::2"}
{"timestamp":"2026-05-03T03:49:57.698Z","level":"LOG","message":"[REQ] GET /archive/2025/5 | user:guest | ip:2a02:4780:11:5::2"}
{"timestamp":"2026-05-03T03:49:57.700Z","level":"ERROR","message":"[500] ReferenceError: /home/u985847002/domains/emi-pulse.fr/nodejs/views/articles-by-month.ejs:12\n    10|         <div class=\"archive-main-content\">\n    11|           <article>\n >> 12|             <h1 class=\"archive-title\"><%= monthName %> <%= year %></h1>\n    13|             \n    14|             <% if (articles && articles.length > 0) { %>\n    15|               <div class=\"archive-articles\">\n\nmonthName is not defined\n    at eval (\"/home/u985847002/domains/emi-pulse.fr/nodejs/views/articles-by-month.ejs\":18:26)\n    at articles-by-month (/home/u985847002/domains/emi-pulse.fr/nodejs/node_modules/ejs/lib/ejs.js:703:17)\n    at tryHandleCache (/home/u985847002/domains/emi-pulse.fr/nodejs/node_modules/ejs/lib/ejs.js:274:36)\n    at exports.renderFile [as engine] (/home/u985847002/domains/emi-pulse.fr/nodejs/node_modules/ejs/lib/ejs.js:491:10)\n    at View.render (/home/u985847002/domains/emi-pulse.fr/nodejs/node_modules/express/lib/view.js:139:8)\n    at tryRender (/home/u985847002/domains/emi-pulse.fr/nodejs/node_modules/express/lib/application.js:627:10)\n    at Function.render (/home/u985847002/domains/emi-pulse.fr/nodejs/node_modules/express/lib/application.js:574:3)\n    at ServerResponse.render (/home/u985847002/domains/emi-pulse.fr/nodejs/node_modules/express/lib/response.js:909:7)\n    at getArticlesByMonth (file:///home/u985847002/domains/emi-pulse.fr/nodejs/controllers/home-controllers.js:151:9)\n    at process.processTicksAndRejections (node:internal/process/task_queues:105:5)"}
{"timestamp":"2026-05-03T03:49:58.687Z","level":"LOG","message":"[REQ] GET /auth | user:guest | ip:2a02:4780:11:15::2"}
{"timestamp":"2026-05-03T03:49:58.687Z","level":"LOG","message":"📄 GET /auth"}
{"timestamp":"2026-05-03T03:49:59.617Z","level":"LOG","message":"[REQ] GET /archive/2025/6 | user:guest | ip:2a02:4780:11:7::2"}
{"timestamp":"2026-05-03T03:49:59.619Z","level":"ERROR","message":"[500] ReferenceError: /home/u985847002/domains/emi-pulse.fr/nodejs/views/articles-by-month.ejs:12\n    10|         <div class=\"archive-main-content\">\n    11|           <article>\n >> 12|             <h1 class=\"archive-title\"><%= monthName %> <%= year %></h1>\n    13|             \n    14|             <% if (articles && articles.length > 0) { %>\n    15|               <div class=\"archive-articles\">\n\nmonthName is not defined\n    at eval (\"/home/u985847002/domains/emi-pulse.fr/nodejs/views/articles-by-month.ejs\":18:26)\n    at articles-by-month (/home/u985847002/domains/emi-pulse.fr/nodejs/node_modules/ejs/lib/ejs.js:703:17)\n    at tryHandleCache (/home/u985847002/domains/emi-pulse.fr/nodejs/node_modules/ejs/lib/ejs.js:274:36)\n    at exports.renderFile [as engine] (/home/u985847002/domains/emi-pulse.fr/nodejs/node_modules/ejs/lib/ejs.js:491:10)\n    at View.render (/home/u985847002/domains/emi-pulse.fr/nodejs/node_modules/express/lib/view.js:139:8)\n    at tryRender (/home/u985847002/domains/emi-pulse.fr/nodejs/node_modules/express/lib/application.js:627:10)\n    at Function.render (/home/u985847002/domains/emi-pulse.fr/nodejs/node_modules/express/lib/application.js:574:3)\n    at ServerResponse.render (/home/u985847002/domains/emi-pulse.fr/nodejs/node_modules/express/lib/response.js:909:7)\n    at getArticlesByMonth (file:///home/u985847002/domains/emi-pulse.fr/nodejs/controllers/home-controllers.js:151:9)\n    at process.processTicksAndRejections (node:internal/process/task_queues:105:5)"}
{"timestamp":"2026-05-03T03:50:00.557Z","level":"LOG","message":"[REQ] GET /article/1 | user:guest | ip:2a02:4780:11:15::2"}
{"timestamp":"2026-05-03T03:50:01.575Z","level":"LOG","message":"[REQ] GET /archive/2025/7 | user:guest | ip:2a02:4780:11:7::2"}
{"timestamp":"2026-05-03T03:50:01.577Z","level":"ERROR","message":"[500] ReferenceError: /home/u985847002/domains/emi-pulse.fr/nodejs/views/articles-by-month.ejs:12\n    10|         <div class=\"archive-main-content\">\n    11|           <article>\n >> 12|             <h1 class=\"archive-title\"><%= monthName %> <%= year %></h1>\n    13|             \n    14|             <% if (articles && articles.length > 0) { %>\n    15|               <div class=\"archive-articles\">\n\nmonthName is not defined\n    at eval (\"/home/u985847002/domains/emi-pulse.fr/nodejs/views/articles-by-month.ejs\":18:26)\n    at articles-by-month (/home/u985847002/domains/emi-pulse.fr/nodejs/node_modules/ejs/lib/ejs.js:703:17)\n    at tryHandleCache (/home/u985847002/domains/emi-pulse.fr/nodejs/node_modules/ejs/lib/ejs.js:274:36)\n    at exports.renderFile [as engine] (/home/u985847002/domains/emi-pulse.fr/nodejs/node_modules/ejs/lib/ejs.js:491:10)\n    at View.render (/home/u985847002/domains/emi-pulse.fr/nodejs/node_modules/express/lib/view.js:139:8)\n    at tryRender (/home/u985847002/domains/emi-pulse.fr/nodejs/node_modules/express/lib/application.js:627:10)\n    at Function.render (/home/u985847002/domains/emi-pulse.fr/nodejs/node_modules/express/lib/application.js:574:3)\n    at ServerResponse.render (/home/u985847002/domains/emi-pulse.fr/nodejs/node_modules/express/lib/response.js:909:7)\n    at getArticlesByMonth (file:///home/u985847002/domains/emi-pulse.fr/nodejs/controllers/home-controllers.js:151:9)\n    at process.processTicksAndRejections (node:internal/process/task_queues:105:5)"}
{"timestamp":"2026-05-03T03:50:02.513Z","level":"LOG","message":"[REQ] GET /article/4 | user:guest | ip:2a02:4780:11:13::2"}
{"timestamp":"2026-05-03T03:50:02.518Z","level":"ERROR","message":"getArticleById error: TypeError: Cannot read properties of null (reading 'includes')\n    at generateOpenGraphImage (file:///home/u985847002/domains/emi-pulse.fr/nodejs/services/imageHelper.js:293:16)\n    at getArticleById (file:///home/u985847002/domains/emi-pulse.fr/nodejs/controllers/article-controller.js:173:20)\n    at process.processTicksAndRejections (node:internal/process/task_queues:105:5)"}
{"timestamp":"2026-05-03T03:50:03.440Z","level":"LOG","message":"[REQ] GET /archive/2025/8 | user:guest | ip:2a02:4780:11:c::2"}
{"timestamp":"2026-05-03T03:50:03.442Z","level":"ERROR","message":"[500] ReferenceError: /home/u985847002/domains/emi-pulse.fr/nodejs/views/articles-by-month.ejs:12\n    10|         <div class=\"archive-main-content\">\n    11|           <article>\n >> 12|             <h1 class=\"archive-title\"><%= monthName %> <%= year %></h1>\n    13|             \n    14|             <% if (articles && articles.length > 0) { %>\n    15|               <div class=\"archive-articles\">\n\nmonthName is not defined\n    at eval (\"/home/u985847002/domains/emi-pulse.fr/nodejs/views/articles-by-month.ejs\":18:26)\n    at articles-by-month (/home/u985847002/domains/emi-pulse.fr/nodejs/node_modules/ejs/lib/ejs.js:703:17)\n    at tryHandleCache (/home/u985847002/domains/emi-pulse.fr/nodejs/node_modules/ejs/lib/ejs.js:274:36)\n    at exports.renderFile [as engine] (/home/u985847002/domains/emi-pulse.fr/nodejs/node_modules/ejs/lib/ejs.js:491:10)\n    at View.render (/home/u985847002/domains/emi-pulse.fr/nodejs/node_modules/express/lib/view.js:139:8)\n    at tryRender (/home/u985847002/domains/emi-pulse.fr/nodejs/node_modules/express/lib/application.js:627:10)\n    at Function.render (/home/u985847002/domains/emi-pulse.fr/nodejs/node_modules/express/lib/application.js:574:3)\n    at ServerResponse.render (/home/u985847002/domains/emi-pulse.fr/nodejs/node_modules/express/lib/response.js:909:7)\n    at getArticlesByMonth (file:///home/u985847002/domains/emi-pulse.fr/nodejs/controllers/home-controllers.js:151:9)\n    at process.processTicksAndRejections (node:internal/process/task_queues:105:5)"}
{"timestamp":"2026-05-03T03:50:04.441Z","level":"LOG","message":"[REQ] GET /article/3 | user:guest | ip:2a02:4780:11:13::2"}
{"timestamp":"2026-05-03T03:50:04.445Z","level":"ERROR","message":"getArticleById error: TypeError: Cannot read properties of null (reading 'includes')\n    at generateOpenGraphImage (file:///home/u985847002/domains/emi-pulse.fr/nodejs/services/imageHelper.js:293:16)\n    at getArticleById (file:///home/u985847002/domains/emi-pulse.fr/nodejs/controllers/article-controller.js:173:20)\n    at process.processTicksAndRejections (node:internal/process/task_queues:105:5)"}
{"timestamp":"2026-05-03T03:50:05.389Z","level":"LOG","message":"[REQ] GET /archive/2025/9 | user:guest | ip:2a02:4780:11:c::2"}
{"timestamp":"2026-05-03T03:50:05.391Z","level":"ERROR","message":"[500] ReferenceError: /home/u985847002/domains/emi-pulse.fr/nodejs/views/articles-by-month.ejs:12\n    10|         <div class=\"archive-main-content\">\n    11|           <article>\n >> 12|             <h1 class=\"archive-title\"><%= monthName %> <%= year %></h1>\n    13|             \n    14|             <% if (articles && articles.length > 0) { %>\n    15|               <div class=\"archive-articles\">\n\nmonthName is not defined\n    at eval (\"/home/u985847002/domains/emi-pulse.fr/nodejs/views/articles-by-month.ejs\":18:26)\n    at articles-by-month (/home/u985847002/domains/emi-pulse.fr/nodejs/node_modules/ejs/lib/ejs.js:703:17)\n    at tryHandleCache (/home/u985847002/domains/emi-pulse.fr/nodejs/node_modules/ejs/lib/ejs.js:274:36)\n    at exports.renderFile [as engine] (/home/u985847002/domains/emi-pulse.fr/nodejs/node_modules/ejs/lib/ejs.js:491:10)\n    at View.render (/home/u985847002/domains/emi-pulse.fr/nodejs/node_modules/express/lib/view.js:139:8)\n    at tryRender (/home/u985847002/domains/emi-pulse.fr/nodejs/node_modules/express/lib/application.js:627:10)\n    at Function.render (/home/u985847002/domains/emi-pulse.fr/nodejs/node_modules/express/lib/application.js:574:3)\n    at ServerResponse.render (/home/u985847002/domains/emi-pulse.fr/nodejs/node_modules/express/lib/response.js:909:7)\n    at getArticlesByMonth (file:///home/u985847002/domains/emi-pulse.fr/nodejs/controllers/home-controllers.js:151:9)\n    at process.processTicksAndRejections (node:internal/process/task_queues:105:5)"}
{"timestamp":"2026-05-03T03:50:06.339Z","level":"LOG","message":"[REQ] GET /article/2 | user:guest | ip:2a02:4780:11:5::2"}
{"timestamp":"2026-05-03T03:50:07.351Z","level":"LOG","message":"[REQ] GET /archive/2025/10 | user:guest | ip:2a02:4780:11:13::2"}
{"timestamp":"2026-05-03T03:50:07.353Z","level":"ERROR","message":"[500] ReferenceError: /home/u985847002/domains/emi-pulse.fr/nodejs/views/articles-by-month.ejs:12\n    10|         <div class=\"archive-main-content\">\n    11|           <article>\n >> 12|             <h1 class=\"archive-title\"><%= monthName %> <%= year %></h1>\n    13|             \n    14|             <% if (articles && articles.length > 0) { %>\n    15|               <div class=\"archive-articles\">\n\nmonthName is not defined\n    at eval (\"/home/u985847002/domains/emi-pulse.fr/nodejs/views/articles-by-month.ejs\":18:26)\n    at articles-by-month (/home/u985847002/domains/emi-pulse.fr/nodejs/node_modules/ejs/lib/ejs.js:703:17)\n    at tryHandleCache (/home/u985847002/domains/emi-pulse.fr/nodejs/node_modules/ejs/lib/ejs.js:274:36)\n    at exports.renderFile [as engine] (/home/u985847002/domains/emi-pulse.fr/nodejs/node_modules/ejs/lib/ejs.js:491:10)\n    at View.render (/home/u985847002/domains/emi-pulse.fr/nodejs/node_modules/express/lib/view.js:139:8)\n    at tryRender (/home/u985847002/domains/emi-pulse.fr/nodejs/node_modules/express/lib/application.js:627:10)\n    at Function.render (/home/u985847002/domains/emi-pulse.fr/nodejs/node_modules/express/lib/application.js:574:3)\n    at ServerResponse.render (/home/u985847002/domains/emi-pulse.fr/nodejs/node_modules/express/lib/response.js:909:7)\n    at getArticlesByMonth (file:///home/u985847002/domains/emi-pulse.fr/nodejs/controllers/home-controllers.js:151:9)\n    at process.processTicksAndRejections (node:internal/process/task_queues:105:5)"}
{"timestamp":"2026-05-03T03:50:08.338Z","level":"LOG","message":"[REQ] GET /archive/2025/12 | user:guest | ip:2a02:4780:11:c::2"}
{"timestamp":"2026-05-03T03:50:08.340Z","level":"ERROR","message":"[500] ReferenceError: /home/u985847002/domains/emi-pulse.fr/nodejs/views/articles-by-month.ejs:12\n    10|         <div class=\"archive-main-content\">\n    11|           <article>\n >> 12|             <h1 class=\"archive-title\"><%= monthName %> <%= year %></h1>\n    13|             \n    14|             <% if (articles && articles.length > 0) { %>\n    15|               <div class=\"archive-articles\">\n\nmonthName is not defined\n    at eval (\"/home/u985847002/domains/emi-pulse.fr/nodejs/views/articles-by-month.ejs\":18:26)\n    at articles-by-month (/home/u985847002/domains/emi-pulse.fr/nodejs/node_modules/ejs/lib/ejs.js:703:17)\n    at tryHandleCache (/home/u985847002/domains/emi-pulse.fr/nodejs/node_modules/ejs/lib/ejs.js:274:36)\n    at exports.renderFile [as engine] (/home/u985847002/domains/emi-pulse.fr/nodejs/node_modules/ejs/lib/ejs.js:491:10)\n    at View.render (/home/u985847002/domains/emi-pulse.fr/nodejs/node_modules/express/lib/view.js:139:8)\n    at tryRender (/home/u985847002/domains/emi-pulse.fr/nodejs/node_modules/express/lib/application.js:627:10)\n    at Function.render (/home/u985847002/domains/emi-pulse.fr/nodejs/node_modules/express/lib/application.js:574:3)\n    at ServerResponse.render (/home/u985847002/domains/emi-pulse.fr/nodejs/node_modules/express/lib/response.js:909:7)\n    at getArticlesByMonth (file:///home/u985847002/domains/emi-pulse.fr/nodejs/controllers/home-controllers.js:151:9)\n    at process.processTicksAndRejections (node:internal/process/task_queues:105:5)"}
{"timestamp":"2026-05-03T03:50:09.311Z","level":"LOG","message":"[REQ] GET /archive/2025/11 | user:guest | ip:2a02:4780:11:13::2"}
{"timestamp":"2026-05-03T03:50:09.313Z","level":"ERROR","message":"[500] ReferenceError: /home/u985847002/domains/emi-pulse.fr/nodejs/views/articles-by-month.ejs:12\n    10|         <div class=\"archive-main-content\">\n    11|           <article>\n >> 12|             <h1 class=\"archive-title\"><%= monthName %> <%= year %></h1>\n    13|             \n    14|             <% if (articles && articles.length > 0) { %>\n    15|               <div class=\"archive-articles\">\n\nmonthName is not defined\n    at eval (\"/home/u985847002/domains/emi-pulse.fr/nodejs/views/articles-by-month.ejs\":18:26)\n    at articles-by-month (/home/u985847002/domains/emi-pulse.fr/nodejs/node_modules/ejs/lib/ejs.js:703:17)\n    at tryHandleCache (/home/u985847002/domains/emi-pulse.fr/nodejs/node_modules/ejs/lib/ejs.js:274:36)\n    at exports.renderFile [as engine] (/home/u985847002/domains/emi-pulse.fr/nodejs/node_modules/ejs/lib/ejs.js:491:10)\n    at View.render (/home/u985847002/domains/emi-pulse.fr/nodejs/node_modules/express/lib/view.js:139:8)\n    at tryRender (/home/u985847002/domains/emi-pulse.fr/nodejs/node_modules/express/lib/application.js:627:10)\n    at Function.render (/home/u985847002/domains/emi-pulse.fr/nodejs/node_modules/express/lib/application.js:574:3)\n    at ServerResponse.render (/home/u985847002/domains/emi-pulse.fr/nodejs/node_modules/express/lib/response.js:909:7)\n    at getArticlesByMonth (file:///home/u985847002/domains/emi-pulse.fr/nodejs/controllers/home-controllers.js:151:9)\n    at process.processTicksAndRejections (node:internal/process/task_queues:105:5)"}
{"timestamp":"2026-05-03T04:12:18.009Z","level":"LOG","message":"[REQ] GET / | user:guest | ip:2a02:4780:2c:e::2"}
{"timestamp":"2026-05-03T04:12:27.017Z","level":"LOG","message":"[REQ] GET /favicon.ico | user:guest | ip:2a02:4780:2c:d::4"}
{"timestamp":"2026-05-03T04:41:20.826Z","level":"LOG","message":"[REQ] GET / | user:guest | ip:2a02:4780:1:28::3"}
{"timestamp":"2026-05-03T05:13:04.716Z","level":"LOG","message":"[dotenv@17.2.1] injecting env (32) from .env.production -- tip: ⚙️  override existing env vars with { override: true }"}
{"timestamp":"2026-05-03T05:13:04.953Z","level":"LOG","message":"[dotenv@17.2.1] injecting env (0) from .env -- tip: ⚙️  override existing env vars with { override: true }"}
{"timestamp":"2026-05-03T05:13:05.026Z","level":"LOG","message":"[dotenv@17.2.1] injecting env (0) from .env.production -- tip: ⚙️  specify custom .env file path with { path: '/custom/path/.env' }"}
{"timestamp":"2026-05-03T05:13:05.092Z","level":"LOG","message":"🚀 http://localhost:3000"}
{"timestamp":"2026-05-03T05:13:05.114Z","level":"LOG","message":"[REQ] GET /sitemap.xml | user:guest | ip:2a02:4780:2c:e::2"}
{"timestamp":"2026-05-03T05:13:05.142Z","level":"LOG","message":"✅ Connexion à la base réussie !"}
{"timestamp":"2026-05-03T05:13:05.148Z","level":"ERROR","message":"Sitemap error: Error\n    at Query.run (/home/u985847002/domains/emi-pulse.fr/nodejs/node_modules/sequelize/lib/dialects/mysql/query.js:52:25)\n    at /home/u985847002/domains/emi-pulse.fr/nodejs/node_modules/sequelize/lib/sequelize.js:315:28\n    at process.processTicksAndRejections (node:internal/process/task_queues:105:5)\n    at async MySQLQueryInterface.select (/home/u985847002/domains/emi-pulse.fr/nodejs/node_modules/sequelize/lib/dialects/abstract/query-interface.js:407:12)\n    at async Article.findAll (/home/u985847002/domains/emi-pulse.fr/nodejs/node_modules/sequelize/lib/model.js:1140:21)\n    at async generateSitemap (file:///home/u985847002/domains/emi-pulse.fr/nodejs/controllers/sitemap-rss-controller.js:11:22)"}
{"timestamp":"2026-05-03T05:13:05.173Z","level":"LOG","message":"Sample hash: $argon2id$v=19$m=65536,t=3,p=4$36+JkRSLiWZCuEWgOFk2cQ$1dbafmKDArRNflnfOGDUz9gM0VW6lYrZPee/2s4JREc"}
{"timestamp":"2026-05-03T05:13:05.269Z","level":"LOG","message":"✅ Email service configuré et prêt"}
{"timestamp":"2026-05-03T05:59:58.187Z","level":"LOG","message":"[REQ] GET / | user:guest | ip:2a02:4780:8:12::3"}
{"timestamp":"2026-05-03T06:21:14.280Z","level":"LOG","message":"[dotenv@17.2.1] injecting env (32) from .env.production -- tip: ⚙️  load multiple .env files with { path: ['.env.local', '.env'] }"}
{"timestamp":"2026-05-03T06:21:14.522Z","level":"LOG","message":"[dotenv@17.2.1] injecting env (0) from .env -- tip: 🛠️  run anywhere with `dotenvx run -- yourcommand`"}
{"timestamp":"2026-05-03T06:21:14.602Z","level":"LOG","message":"[dotenv@17.2.1] injecting env (0) from .env.production -- tip: 📡 observe env with Radar: https://dotenvx.com/radar"}
{"timestamp":"2026-05-03T06:21:14.669Z","level":"LOG","message":"🚀 http://localhost:3000"}
{"timestamp":"2026-05-03T06:21:14.691Z","level":"LOG","message":"[REQ] GET /sitemap.xml | user:guest | ip:2a02:4780:2c:e::2"}
{"timestamp":"2026-05-03T06:21:14.719Z","level":"LOG","message":"✅ Connexion à la base réussie !"}
{"timestamp":"2026-05-03T06:21:14.723Z","level":"ERROR","message":"Sitemap error: Error\n    at Query.run (/home/u985847002/domains/emi-pulse.fr/nodejs/node_modules/sequelize/lib/dialects/mysql/query.js:52:25)\n    at /home/u985847002/domains/emi-pulse.fr/nodejs/node_modules/sequelize/lib/sequelize.js:315:28\n    at process.processTicksAndRejections (node:internal/process/task_queues:105:5)\n    at async MySQLQueryInterface.select (/home/u985847002/domains/emi-pulse.fr/nodejs/node_modules/sequelize/lib/dialects/abstract/query-interface.js:407:12)\n    at async Article.findAll (/home/u985847002/domains/emi-pulse.fr/nodejs/node_modules/sequelize/lib/model.js:1140:21)\n    at async generateSitemap (file:///home/u985847002/domains/emi-pulse.fr/nodejs/controllers/sitemap-rss-controller.js:11:22)"}
{"timestamp":"2026-05-03T06:21:14.748Z","level":"LOG","message":"Sample hash: $argon2id$v=19$m=65536,t=3,p=4$55sVuGiChj5IhlcpCZFJ2g$rwmZ4qEwu0BBnZtY7Y74HkzLROFi30p/6MPSoIImSkU"}
{"timestamp":"2026-05-03T06:21:14.871Z","level":"LOG","message":"✅ Email service configuré et prêt"}
{"timestamp":"2026-05-03T06:27:44.824Z","level":"LOG","message":"[dotenv@17.2.1] injecting env (32) from .env.production -- tip: 📡 version env with Radar: https://dotenvx.com/radar"}
{"timestamp":"2026-05-03T06:27:44.992Z","level":"LOG","message":"[dotenv@17.2.1] injecting env (0) from .env -- tip: 🔐 prevent committing .env to code: https://dotenvx.com/precommit"}
{"timestamp":"2026-05-03T06:27:45.036Z","level":"LOG","message":"[dotenv@17.2.1] injecting env (0) from .env.production -- tip: 📡 version env with Radar: https://dotenvx.com/radar"}
{"timestamp":"2026-05-03T06:27:45.084Z","level":"LOG","message":"🚀 http://localhost:3000"}
{"timestamp":"2026-05-03T06:27:45.104Z","level":"LOG","message":"[REQ] GET / | user:guest | ip:2a02:4780:27:c::2"}
{"timestamp":"2026-05-03T06:27:45.131Z","level":"LOG","message":"✅ Connexion à la base réussie !"}
{"timestamp":"2026-05-03T06:27:45.161Z","level":"LOG","message":"Sample hash: $argon2id$v=19$m=65536,t=3,p=4$gKPdJIByfSsNi1aAuhLl6Q$62oB4JuRj7mJYp8ABbDgvO0dVS6izZRg4GqX4bkLmFQ"}
{"timestamp":"2026-05-03T06:27:45.272Z","level":"LOG","message":"✅ Email service configuré et prêt"}
{"timestamp":"2026-05-03T08:28:35.793Z","level":"LOG","message":"[dotenv@17.2.1] injecting env (32) from .env.production -- tip: 🔐 encrypt with Dotenvx: https://dotenvx.com"}
{"timestamp":"2026-05-03T08:28:35.972Z","level":"LOG","message":"[dotenv@17.2.1] injecting env (0) from .env -- tip: ⚙️  override existing env vars with { override: true }"}
{"timestamp":"2026-05-03T08:28:36.020Z","level":"LOG","message":"[dotenv@17.2.1] injecting env (0) from .env.production -- tip: ⚙️  enable debug logging with { debug: true }"}
{"timestamp":"2026-05-03T08:28:36.070Z","level":"LOG","message":"🚀 http://localhost:3000"}
{"timestamp":"2026-05-03T08:28:36.090Z","level":"LOG","message":"[REQ] GET /sitemap.xml | user:guest | ip:2a02:4780:2c:d::4"}
{"timestamp":"2026-05-03T08:28:36.149Z","level":"LOG","message":"Sample hash: $argon2id$v=19$m=65536,t=3,p=4$WWkHUOBc8wECYV++YfxGAQ$/IDDqKB0vCgqxcWegx5ssG9ZkJCubDWIImWeqt1DUnQ"}
{"timestamp":"2026-05-03T08:28:36.251Z","level":"LOG","message":"✅ Connexion à la base réussie !"}
{"timestamp":"2026-05-03T08:28:36.251Z","level":"LOG","message":"✅ Email service configuré et prêt"}
{"timestamp":"2026-05-03T08:28:36.256Z","level":"ERROR","message":"Sitemap error: Error\n    at Query.run (/home/u985847002/domains/emi-pulse.fr/nodejs/node_modules/sequelize/lib/dialects/mysql/query.js:52:25)\n    at /home/u985847002/domains/emi-pulse.fr/nodejs/node_modules/sequelize/lib/sequelize.js:315:28\n    at process.processTicksAndRejections (node:internal/process/task_queues:105:5)\n    at async MySQLQueryInterface.select (/home/u985847002/domains/emi-pulse.fr/nodejs/node_modules/sequelize/lib/dialects/abstract/query-interface.js:407:12)\n    at async Article.findAll (/home/u985847002/domains/emi-pulse.fr/nodejs/node_modules/sequelize/lib/model.js:1140:21)\n    at async generateSitemap (file:///home/u985847002/domains/emi-pulse.fr/nodejs/controllers/sitemap-rss-controller.js:11:22)"}
{"timestamp":"2026-05-03T09:09:45.990Z","level":"LOG","message":"[dotenv@17.2.1] injecting env (32) from .env.production -- tip: 🔐 prevent committing .env to code: https://dotenvx.com/precommit"}
{"timestamp":"2026-05-03T09:09:46.166Z","level":"LOG","message":"[dotenv@17.2.1] injecting env (0) from .env -- tip: ⚙️  write to custom object with { processEnv: myObject }"}
{"timestamp":"2026-05-03T09:09:46.216Z","level":"LOG","message":"[dotenv@17.2.1] injecting env (0) from .env.production -- tip: 📡 version env with Radar: https://dotenvx.com/radar"}
{"timestamp":"2026-05-03T09:09:46.267Z","level":"LOG","message":"🚀 http://localhost:3000"}
{"timestamp":"2026-05-03T09:09:46.287Z","level":"LOG","message":"[REQ] GET / | user:guest | ip:2a02:4780:40:1::5"}
{"timestamp":"2026-05-03T09:09:46.314Z","level":"LOG","message":"✅ Connexion à la base réussie !"}
{"timestamp":"2026-05-03T09:09:46.354Z","level":"LOG","message":"Sample hash: $argon2id$v=19$m=65536,t=3,p=4$mIAop8KynLtjvf6X3C4A8w$qoF3nuBg75SCOu89PPSsECXhSFvHRDgVzBLtPhLn48Q"}
{"timestamp":"2026-05-03T09:09:46.532Z","level":"LOG","message":"✅ Email service configuré et prêt"}
{"timestamp":"2026-05-03T09:09:47.430Z","level":"LOG","message":"[REQ] GET /favicon.ico | user:guest | ip:2a02:4780:40:9::2"}
{"timestamp":"2026-05-03T09:13:50.809Z","level":"LOG","message":"[REQ] GET /sitemap.xml | user:guest | ip:2a02:4780:2c:d::4"}
{"timestamp":"2026-05-03T09:13:50.815Z","level":"ERROR","message":"Sitemap error: Error\n    at Query.run (/home/u985847002/domains/emi-pulse.fr/nodejs/node_modules/sequelize/lib/dialects/mysql/query.js:52:25)\n    at /home/u985847002/domains/emi-pulse.fr/nodejs/node_modules/sequelize/lib/sequelize.js:315:28\n    at process.processTicksAndRejections (node:internal/process/task_queues:105:5)\n    at async MySQLQueryInterface.select (/home/u985847002/domains/emi-pulse.fr/nodejs/node_modules/sequelize/lib/dialects/abstract/query-interface.js:407:12)\n    at async Article.findAll (/home/u985847002/domains/emi-pulse.fr/nodejs/node_modules/sequelize/lib/model.js:1140:21)\n    at async generateSitemap (file:///home/u985847002/domains/emi-pulse.fr/nodejs/controllers/sitemap-rss-controller.js:11:22)"}
{"timestamp":"2026-05-03T09:28:56.837Z","level":"LOG","message":"[REQ] GET /sitemap.xml | user:guest | ip:2a02:4780:2c:d::4"}
{"timestamp":"2026-05-03T09:28:57.341Z","level":"ERROR","message":"Sitemap error: Error\n    at Query.run (/home/u985847002/domains/emi-pulse.fr/nodejs/node_modules/sequelize/lib/dialects/mysql/query.js:52:25)\n    at /home/u985847002/domains/emi-pulse.fr/nodejs/node_modules/sequelize/lib/sequelize.js:315:28\n    at process.processTicksAndRejections (node:internal/process/task_queues:105:5)\n    at async MySQLQueryInterface.select (/home/u985847002/domains/emi-pulse.fr/nodejs/node_modules/sequelize/lib/dialects/abstract/query-interface.js:407:12)\n    at async Article.findAll (/home/u985847002/domains/emi-pulse.fr/nodejs/node_modules/sequelize/lib/model.js:1140:21)\n    at async generateSitemap (file:///home/u985847002/domains/emi-pulse.fr/nodejs/controllers/sitemap-rss-controller.js:11:22)"}
{"timestamp":"2026-05-03T11:00:48.604Z","level":"LOG","message":"[dotenv@17.2.1] injecting env (32) from .env.production -- tip: 📡 version env with Radar: https://dotenvx.com/radar"}
{"timestamp":"2026-05-03T11:00:48.790Z","level":"LOG","message":"[dotenv@17.2.1] injecting env (0) from .env -- tip: ⚙️  override existing env vars with { override: true }"}
{"timestamp":"2026-05-03T11:00:48.834Z","level":"LOG","message":"[dotenv@17.2.1] injecting env (0) from .env.production -- tip: ⚙️  enable debug logging with { debug: true }"}
{"timestamp":"2026-05-03T11:00:48.880Z","level":"LOG","message":"🚀 http://localhost:3000"}
{"timestamp":"2026-05-03T11:00:48.900Z","level":"LOG","message":"[REQ] GET /sitemap.xml | user:guest | ip:2a02:4780:2c:d::4"}
{"timestamp":"2026-05-03T11:00:48.927Z","level":"LOG","message":"✅ Connexion à la base réussie !"}
{"timestamp":"2026-05-03T11:00:48.932Z","level":"ERROR","message":"Sitemap error: Error\n    at Query.run (/home/u985847002/domains/emi-pulse.fr/nodejs/node_modules/sequelize/lib/dialects/mysql/query.js:52:25)\n    at /home/u985847002/domains/emi-pulse.fr/nodejs/node_modules/sequelize/lib/sequelize.js:315:28\n    at process.processTicksAndRejections (node:internal/process/task_queues:105:5)\n    at async MySQLQueryInterface.select (/home/u985847002/domains/emi-pulse.fr/nodejs/node_modules/sequelize/lib/dialects/abstract/query-interface.js:407:12)\n    at async Article.findAll (/home/u985847002/domains/emi-pulse.fr/nodejs/node_modules/sequelize/lib/model.js:1140:21)\n    at async generateSitemap (file:///home/u985847002/domains/emi-pulse.fr/nodejs/controllers/sitemap-rss-controller.js:11:22)"}
{"timestamp":"2026-05-03T11:00:48.966Z","level":"LOG","message":"Sample hash: $argon2id$v=19$m=65536,t=3,p=4$3zwN9XrOdcje1w2dbGZL5w$0sc/Df+J/QVilPGcuklpA3w57UjJnku7LG914yGkxcs"}
{"timestamp":"2026-05-03T11:00:49.093Z","level":"LOG","message":"✅ Email service configuré et prêt"}
{"timestamp":"2026-05-03T12:20:06.232Z","level":"LOG","message":"[dotenv@17.2.1] injecting env (32) from .env.production -- tip: 🔐 encrypt with Dotenvx: https://dotenvx.com"}
{"timestamp":"2026-05-03T12:20:06.442Z","level":"LOG","message":"[dotenv@17.2.1] injecting env (0) from .env -- tip: 🛠️  run anywhere with `dotenvx run -- yourcommand`"}
{"timestamp":"2026-05-03T12:20:06.498Z","level":"LOG","message":"[dotenv@17.2.1] injecting env (0) from .env.production -- tip: ⚙️  load multiple .env files with { path: ['.env.local', '.env'] }"}
{"timestamp":"2026-05-03T12:20:06.560Z","level":"LOG","message":"🚀 http://localhost:3000"}
{"timestamp":"2026-05-03T12:20:06.585Z","level":"LOG","message":"[REQ] GET /sitemap.xml | user:guest | ip:2a02:4780:2c:d::3"}
{"timestamp":"2026-05-03T12:20:06.615Z","level":"LOG","message":"✅ Connexion à la base réussie !"}
{"timestamp":"2026-05-03T12:20:06.619Z","level":"ERROR","message":"Sitemap error: Error\n    at Query.run (/home/u985847002/domains/emi-pulse.fr/nodejs/node_modules/sequelize/lib/dialects/mysql/query.js:52:25)\n    at /home/u985847002/domains/emi-pulse.fr/nodejs/node_modules/sequelize/lib/sequelize.js:315:28\n    at process.processTicksAndRejections (node:internal/process/task_queues:105:5)\n    at async MySQLQueryInterface.select (/home/u985847002/domains/emi-pulse.fr/nodejs/node_modules/sequelize/lib/dialects/abstract/query-interface.js:407:12)\n    at async Article.findAll (/home/u985847002/domains/emi-pulse.fr/nodejs/node_modules/sequelize/lib/model.js:1140:21)\n    at async generateSitemap (file:///home/u985847002/domains/emi-pulse.fr/nodejs/controllers/sitemap-rss-controller.js:11:22)"}
{"timestamp":"2026-05-03T12:20:06.641Z","level":"LOG","message":"Sample hash: $argon2id$v=19$m=65536,t=3,p=4$KgN+TlhZBqhOobEervAhyw$e4HKp3mOMdV+GkqXpwHJVFXeG8l4IbYgpea6WqU321o"}
{"timestamp":"2026-05-03T12:20:06.741Z","level":"LOG","message":"✅ Email service configuré et prêt"}
{"timestamp":"2026-05-03T14:03:28.911Z","level":"LOG","message":"[dotenv@17.2.1] injecting env (32) from .env.production -- tip: 🛠️  run anywhere with `dotenvx run -- yourcommand`"}
{"timestamp":"2026-05-03T14:03:29.120Z","level":"LOG","message":"[dotenv@17.2.1] injecting env (0) from .env -- tip: 🔐 prevent committing .env to code: https://dotenvx.com/precommit"}
{"timestamp":"2026-05-03T14:03:29.184Z","level":"LOG","message":"[dotenv@17.2.1] injecting env (0) from .env.production -- tip: ⚙️  specify custom .env file path with { path: '/custom/path/.env' }"}
{"timestamp":"2026-05-03T14:03:29.244Z","level":"LOG","message":"🚀 http://localhost:3000"}
{"timestamp":"2026-05-03T14:03:29.269Z","level":"LOG","message":"[REQ] GET /sitemap.xml | user:guest | ip:2a02:4780:2c:b::2"}
{"timestamp":"2026-05-03T14:03:29.311Z","level":"LOG","message":"✅ Connexion à la base réussie !"}
{"timestamp":"2026-05-03T14:03:29.337Z","level":"ERROR","message":"Sitemap error: Error\n    at Query.run (/home/u985847002/domains/emi-pulse.fr/nodejs/node_modules/sequelize/lib/dialects/mysql/query.js:52:25)\n    at /home/u985847002/domains/emi-pulse.fr/nodejs/node_modules/sequelize/lib/sequelize.js:315:28\n    at process.processTicksAndRejections (node:internal/process/task_queues:105:5)\n    at async MySQLQueryInterface.select (/home/u985847002/domains/emi-pulse.fr/nodejs/node_modules/sequelize/lib/dialects/abstract/query-interface.js:407:12)\n    at async Article.findAll (/home/u985847002/domains/emi-pulse.fr/nodejs/node_modules/sequelize/lib/model.js:1140:21)\n    at async generateSitemap (file:///home/u985847002/domains/emi-pulse.fr/nodejs/controllers/sitemap-rss-controller.js:11:22)"}
{"timestamp":"2026-05-03T14:03:29.343Z","level":"LOG","message":"Sample hash: $argon2id$v=19$m=65536,t=3,p=4$JEQAClmw5MFHZUmL/3+y7w$D9H89diB7OwXCP0KyfNwaM2mGoC/bAcAkCsQzipxVqw"}
{"timestamp":"2026-05-03T14:03:29.452Z","level":"LOG","message":"✅ Email service configuré et prêt"}
{"timestamp":"2026-05-03T15:20:26.411Z","level":"LOG","message":"[dotenv@17.2.1] injecting env (32) from .env.production -- tip: 🔐 encrypt with Dotenvx: https://dotenvx.com"}
{"timestamp":"2026-05-03T15:20:26.639Z","level":"LOG","message":"[dotenv@17.2.1] injecting env (0) from .env -- tip: 🔐 encrypt with Dotenvx: https://dotenvx.com"}
{"timestamp":"2026-05-03T15:20:26.701Z","level":"LOG","message":"[dotenv@17.2.1] injecting env (0) from .env.production -- tip: 🔐 prevent building .env in docker: https://dotenvx.com/prebuild"}
{"timestamp":"2026-05-03T15:20:26.761Z","level":"LOG","message":"🚀 http://localhost:3000"}
{"timestamp":"2026-05-03T15:20:26.782Z","level":"LOG","message":"[REQ] GET /sitemap.xml | user:guest | ip:2a02:4780:2c:f::2"}
{"timestamp":"2026-05-03T15:20:26.812Z","level":"LOG","message":"✅ Connexion à la base réussie !"}
{"timestamp":"2026-05-03T15:20:26.817Z","level":"ERROR","message":"Sitemap error: Error\n    at Query.run (/home/u985847002/domains/emi-pulse.fr/nodejs/node_modules/sequelize/lib/dialects/mysql/query.js:52:25)\n    at /home/u985847002/domains/emi-pulse.fr/nodejs/node_modules/sequelize/lib/sequelize.js:315:28\n    at process.processTicksAndRejections (node:internal/process/task_queues:105:5)\n    at async MySQLQueryInterface.select (/home/u985847002/domains/emi-pulse.fr/nodejs/node_modules/sequelize/lib/dialects/abstract/query-interface.js:407:12)\n    at async Article.findAll (/home/u985847002/domains/emi-pulse.fr/nodejs/node_modules/sequelize/lib/model.js:1140:21)\n    at async generateSitemap (file:///home/u985847002/domains/emi-pulse.fr/nodejs/controllers/sitemap-rss-controller.js:11:22)"}
{"timestamp":"2026-05-03T15:20:26.852Z","level":"LOG","message":"Sample hash: $argon2id$v=19$m=65536,t=3,p=4$9rz5+zi1vcwdPEWsxrup3Q$QkgBMPuCtv8K3WxkYZCXxvnjlvwLnsXAEcI44BirPRQ"}
{"timestamp":"2026-05-03T15:20:26.947Z","level":"LOG","message":"✅ Email service configuré et prêt"}
{"timestamp":"2026-05-03T17:28:57.588Z","level":"LOG","message":"[dotenv@17.2.1] injecting env (32) from .env.production -- tip: ⚙️  specify custom .env file path with { path: '/custom/path/.env' }"}
{"timestamp":"2026-05-03T17:28:57.797Z","level":"LOG","message":"[dotenv@17.2.1] injecting env (0) from .env -- tip: ⚙️  specify custom .env file path with { path: '/custom/path/.env' }"}
{"timestamp":"2026-05-03T17:28:57.854Z","level":"LOG","message":"[dotenv@17.2.1] injecting env (0) from .env.production -- tip: 🔐 prevent building .env in docker: https://dotenvx.com/prebuild"}
{"timestamp":"2026-05-03T17:28:57.908Z","level":"LOG","message":"🚀 http://localhost:3000"}
{"timestamp":"2026-05-03T17:28:57.928Z","level":"LOG","message":"[REQ] GET /sitemap.xml | user:guest | ip:2a02:4780:2c:e::2"}
{"timestamp":"2026-05-03T17:28:57.989Z","level":"LOG","message":"Sample hash: $argon2id$v=19$m=65536,t=3,p=4$JU4LxlGcX715HAkPywAcfQ$DcZzPm4viaBijva6FIeM4BqeZGKQuO5kkFsfUPkUn8E"}
{"timestamp":"2026-05-03T17:28:58.356Z","level":"LOG","message":"✅ Email service configuré et prêt"}
{"timestamp":"2026-05-03T17:28:58.657Z","level":"LOG","message":"✅ Connexion à la base réussie !"}
{"timestamp":"2026-05-03T17:28:58.662Z","level":"ERROR","message":"Sitemap error: Error\n    at Query.run (/home/u985847002/domains/emi-pulse.fr/nodejs/node_modules/sequelize/lib/dialects/mysql/query.js:52:25)\n    at /home/u985847002/domains/emi-pulse.fr/nodejs/node_modules/sequelize/lib/sequelize.js:315:28\n    at process.processTicksAndRejections (node:internal/process/task_queues:105:5)\n    at async MySQLQueryInterface.select (/home/u985847002/domains/emi-pulse.fr/nodejs/node_modules/sequelize/lib/dialects/abstract/query-interface.js:407:12)\n    at async Article.findAll (/home/u985847002/domains/emi-pulse.fr/nodejs/node_modules/sequelize/lib/model.js:1140:21)\n    at async generateSitemap (file:///home/u985847002/domains/emi-pulse.fr/nodejs/controllers/sitemap-rss-controller.js:11:22)"}
{"timestamp":"2026-05-03T18:17:30.077Z","level":"LOG","message":"[dotenv@17.2.1] injecting env (32) from .env.production -- tip: 🔐 encrypt with Dotenvx: https://dotenvx.com"}
{"timestamp":"2026-05-03T18:17:30.266Z","level":"LOG","message":"[dotenv@17.2.1] injecting env (0) from .env -- tip: 🛠️  run anywhere with `dotenvx run -- yourcommand`"}
{"timestamp":"2026-05-03T18:17:30.321Z","level":"LOG","message":"[dotenv@17.2.1] injecting env (0) from .env.production -- tip: ⚙️  load multiple .env files with { path: ['.env.local', '.env'] }"}
{"timestamp":"2026-05-03T18:17:30.379Z","level":"LOG","message":"🚀 http://localhost:3000"}
{"timestamp":"2026-05-03T18:17:30.408Z","level":"LOG","message":"[REQ] GET /sitemap.xml | user:guest | ip:2a02:4780:2c:e::2"}
{"timestamp":"2026-05-03T18:17:30.426Z","level":"LOG","message":"✅ Connexion à la base réussie !"}
{"timestamp":"2026-05-03T18:17:30.430Z","level":"ERROR","message":"Sitemap error: Error\n    at Query.run (/home/u985847002/domains/emi-pulse.fr/nodejs/node_modules/sequelize/lib/dialects/mysql/query.js:52:25)\n    at /home/u985847002/domains/emi-pulse.fr/nodejs/node_modules/sequelize/lib/sequelize.js:315:28\n    at process.processTicksAndRejections (node:internal/process/task_queues:105:5)\n    at async MySQLQueryInterface.select (/home/u985847002/domains/emi-pulse.fr/nodejs/node_modules/sequelize/lib/dialects/abstract/query-interface.js:407:12)\n    at async Article.findAll (/home/u985847002/domains/emi-pulse.fr/nodejs/node_modules/sequelize/lib/model.js:1140:21)\n    at async generateSitemap (file:///home/u985847002/domains/emi-pulse.fr/nodejs/controllers/sitemap-rss-controller.js:11:22)"}
{"timestamp":"2026-05-03T18:17:30.457Z","level":"LOG","message":"Sample hash: $argon2id$v=19$m=65536,t=3,p=4$cz51yR6V8pIkyPXoMYsGcA$/PkYFPPtL6HCjGtYUuz6oQwUKx3sfSm1X2c+9glJqjo"}
{"timestamp":"2026-05-03T18:17:30.556Z","level":"LOG","message":"✅ Email service configuré et prêt"}
{"timestamp":"2026-05-03T20:06:48.106Z","level":"LOG","message":"[dotenv@17.2.1] injecting env (32) from .env.production -- tip: ⚙️  write to custom object with { processEnv: myObject }"}
{"timestamp":"2026-05-03T20:06:48.314Z","level":"LOG","message":"[dotenv@17.2.1] injecting env (0) from .env -- tip: 🔐 encrypt with Dotenvx: https://dotenvx.com"}
{"timestamp":"2026-05-03T20:06:48.373Z","level":"LOG","message":"[dotenv@17.2.1] injecting env (0) from .env.production -- tip: 📡 auto-backup env with Radar: https://dotenvx.com/radar"}
{"timestamp":"2026-05-03T20:06:48.432Z","level":"LOG","message":"🚀 http://localhost:3000"}
{"timestamp":"2026-05-03T20:06:48.456Z","level":"LOG","message":"[REQ] GET /sitemap.xml | user:guest | ip:2a02:4780:2c:b::2"}
{"timestamp":"2026-05-03T20:06:48.515Z","level":"LOG","message":"Sample hash: $argon2id$v=19$m=65536,t=3,p=4$oCzqoD1mOBtyUtxGn8jz7g$/zdZaIv/a+SYRlC3Sa1xe4TsKFETZYLAPGozgln1yC8"}
{"timestamp":"2026-05-03T20:06:48.609Z","level":"LOG","message":"✅ Email service configuré et prêt"}
{"timestamp":"2026-05-03T20:06:48.653Z","level":"LOG","message":"✅ Connexion à la base réussie !"}
{"timestamp":"2026-05-03T20:06:48.658Z","level":"ERROR","message":"Sitemap error: Error\n    at Query.run (/home/u985847002/domains/emi-pulse.fr/nodejs/node_modules/sequelize/lib/dialects/mysql/query.js:52:25)\n    at /home/u985847002/domains/emi-pulse.fr/nodejs/node_modules/sequelize/lib/sequelize.js:315:28\n    at process.processTicksAndRejections (node:internal/process/task_queues:105:5)\n    at async MySQLQueryInterface.select (/home/u985847002/domains/emi-pulse.fr/nodejs/node_modules/sequelize/lib/dialects/abstract/query-interface.js:407:12)\n    at async Article.findAll (/home/u985847002/domains/emi-pulse.fr/nodejs/node_modules/sequelize/lib/model.js:1140:21)\n    at async generateSitemap (file:///home/u985847002/domains/emi-pulse.fr/nodejs/controllers/sitemap-rss-controller.js:11:22)"}
{"timestamp":"2026-05-03T21:25:47.475Z","level":"LOG","message":"[dotenv@17.2.1] injecting env (32) from .env.production -- tip: ⚙️  override existing env vars with { override: true }"}
{"timestamp":"2026-05-03T21:25:47.690Z","level":"LOG","message":"[dotenv@17.2.1] injecting env (0) from .env -- tip: 📡 auto-backup env with Radar: https://dotenvx.com/radar"}
{"timestamp":"2026-05-03T21:25:47.742Z","level":"LOG","message":"[dotenv@17.2.1] injecting env (0) from .env.production -- tip: 📡 auto-backup env with Radar: https://dotenvx.com/radar"}
{"timestamp":"2026-05-03T21:25:47.804Z","level":"LOG","message":"🚀 http://localhost:3000"}
{"timestamp":"2026-05-03T21:25:47.825Z","level":"LOG","message":"[REQ] GET /sitemap.xml | user:guest | ip:2a02:4780:2c:c::2"}
{"timestamp":"2026-05-03T21:25:47.858Z","level":"LOG","message":"✅ Connexion à la base réussie !"}
{"timestamp":"2026-05-03T21:25:47.864Z","level":"ERROR","message":"Sitemap error: Error\n    at Query.run (/home/u985847002/domains/emi-pulse.fr/nodejs/node_modules/sequelize/lib/dialects/mysql/query.js:52:25)\n    at /home/u985847002/domains/emi-pulse.fr/nodejs/node_modules/sequelize/lib/sequelize.js:315:28\n    at process.processTicksAndRejections (node:internal/process/task_queues:105:5)\n    at async MySQLQueryInterface.select (/home/u985847002/domains/emi-pulse.fr/nodejs/node_modules/sequelize/lib/dialects/abstract/query-interface.js:407:12)\n    at async Article.findAll (/home/u985847002/domains/emi-pulse.fr/nodejs/node_modules/sequelize/lib/model.js:1140:21)\n    at async generateSitemap (file:///home/u985847002/domains/emi-pulse.fr/nodejs/controllers/sitemap-rss-controller.js:11:22)"}
{"timestamp":"2026-05-03T21:25:47.885Z","level":"LOG","message":"Sample hash: $argon2id$v=19$m=65536,t=3,p=4$lxeAkVhO6wkDMvmuxl0lYA$P6/a/iQRLgxpspmP9NdJ+iKQoFp6Ju2o+4+MdVStOD0"}
{"timestamp":"2026-05-03T21:25:47.980Z","level":"LOG","message":"✅ Email service configuré et prêt"}
{"timestamp":"2026-05-03T23:12:36.168Z","level":"LOG","message":"[dotenv@17.2.1] injecting env (32) from .env.production -- tip: ⚙️  write to custom object with { processEnv: myObject }"}
{"timestamp":"2026-05-03T23:12:36.345Z","level":"LOG","message":"[dotenv@17.2.1] injecting env (0) from .env -- tip: 📡 auto-backup env with Radar: https://dotenvx.com/radar"}
{"timestamp":"2026-05-03T23:12:36.394Z","level":"LOG","message":"[dotenv@17.2.1] injecting env (0) from .env.production -- tip: ⚙️  write to custom object with { processEnv: myObject }"}
{"timestamp":"2026-05-03T23:12:36.442Z","level":"LOG","message":"🚀 http://localhost:3000"}
{"timestamp":"2026-05-03T23:12:36.463Z","level":"LOG","message":"[REQ] GET /sitemap.xml | user:guest | ip:2a02:4780:2c:e::2"}
{"timestamp":"2026-05-03T23:12:36.503Z","level":"LOG","message":"✅ Connexion à la base réussie !"}
{"timestamp":"2026-05-03T23:12:36.510Z","level":"ERROR","message":"Sitemap error: Error\n    at Query.run (/home/u985847002/domains/emi-pulse.fr/nodejs/node_modules/sequelize/lib/dialects/mysql/query.js:52:25)\n    at /home/u985847002/domains/emi-pulse.fr/nodejs/node_modules/sequelize/lib/sequelize.js:315:28\n    at process.processTicksAndRejections (node:internal/process/task_queues:105:5)\n    at async MySQLQueryInterface.select (/home/u985847002/domains/emi-pulse.fr/nodejs/node_modules/sequelize/lib/dialects/abstract/query-interface.js:407:12)\n    at async Article.findAll (/home/u985847002/domains/emi-pulse.fr/nodejs/node_modules/sequelize/lib/model.js:1140:21)\n    at async generateSitemap (file:///home/u985847002/domains/emi-pulse.fr/nodejs/controllers/sitemap-rss-controller.js:11:22)"}
{"timestamp":"2026-05-03T23:12:36.536Z","level":"LOG","message":"Sample hash: $argon2id$v=19$m=65536,t=3,p=4$mWTcdtYen8GZu7Ybjy4vjw$Sce2Q5S29t9S1z5QMOkWOLhbKnxGwpkoFSUQ6uGMvAs"}
{"timestamp":"2026-05-03T23:12:36.644Z","level":"LOG","message":"✅ Email service configuré et prêt"}
{"timestamp":"2026-05-04T00:17:37.635Z","level":"LOG","message":"[dotenv@17.2.1] injecting env (32) from .env.production -- tip: 📡 auto-backup env with Radar: https://dotenvx.com/radar"}
{"timestamp":"2026-05-04T00:17:37.834Z","level":"LOG","message":"[dotenv@17.2.1] injecting env (0) from .env -- tip: ⚙️  specify custom .env file path with { path: '/custom/path/.env' }"}
{"timestamp":"2026-05-04T00:17:37.883Z","level":"LOG","message":"[dotenv@17.2.1] injecting env (0) from .env.production -- tip: ⚙️  specify custom .env file path with { path: '/custom/path/.env' }"}
{"timestamp":"2026-05-04T00:17:37.935Z","level":"LOG","message":"🚀 http://localhost:3000"}
{"timestamp":"2026-05-04T00:17:37.959Z","level":"LOG","message":"[REQ] GET /sitemap.xml | user:guest | ip:2a02:4780:2c:d::3"}
{"timestamp":"2026-05-04T00:17:37.995Z","level":"LOG","message":"✅ Connexion à la base réussie !"}
{"timestamp":"2026-05-04T00:17:38.000Z","level":"ERROR","message":"Sitemap error: Error\n    at Query.run (/home/u985847002/domains/emi-pulse.fr/nodejs/node_modules/sequelize/lib/dialects/mysql/query.js:52:25)\n    at /home/u985847002/domains/emi-pulse.fr/nodejs/node_modules/sequelize/lib/sequelize.js:315:28\n    at process.processTicksAndRejections (node:internal/process/task_queues:105:5)\n    at async MySQLQueryInterface.select (/home/u985847002/domains/emi-pulse.fr/nodejs/node_modules/sequelize/lib/dialects/abstract/query-interface.js:407:12)\n    at async Article.findAll (/home/u985847002/domains/emi-pulse.fr/nodejs/node_modules/sequelize/lib/model.js:1140:21)\n    at async generateSitemap (file:///home/u985847002/domains/emi-pulse.fr/nodejs/controllers/sitemap-rss-controller.js:11:22)"}
{"timestamp":"2026-05-04T00:17:38.020Z","level":"LOG","message":"Sample hash: $argon2id$v=19$m=65536,t=3,p=4$JBO9fWTg/S55qmT1hQ21bQ$MM1yLkcR5EhJXO2X74/1pp5gDQdr7NmHgaYZybUw+xo"}
{"timestamp":"2026-05-04T00:17:38.138Z","level":"LOG","message":"✅ Email service configuré et prêt"}
{"timestamp":"2026-05-04T02:22:10.220Z","level":"LOG","message":"[dotenv@17.2.1] injecting env (32) from .env.production -- tip: 🔐 encrypt with Dotenvx: https://dotenvx.com"}
{"timestamp":"2026-05-04T02:22:10.410Z","level":"LOG","message":"[dotenv@17.2.1] injecting env (0) from .env -- tip: 🔐 prevent committing .env to code: https://dotenvx.com/precommit"}
{"timestamp":"2026-05-04T02:22:10.458Z","level":"LOG","message":"[dotenv@17.2.1] injecting env (0) from .env.production -- tip: 🛠️  run anywhere with `dotenvx run -- yourcommand`"}
{"timestamp":"2026-05-04T02:22:10.510Z","level":"LOG","message":"🚀 http://localhost:3000"}
{"timestamp":"2026-05-04T02:22:10.531Z","level":"LOG","message":"[REQ] GET /sitemap.xml | user:guest | ip:2a02:4780:2c:1a::2"}
{"timestamp":"2026-05-04T02:22:10.568Z","level":"LOG","message":"✅ Connexion à la base réussie !"}
{"timestamp":"2026-05-04T02:22:10.574Z","level":"ERROR","message":"Sitemap error: Error\n    at Query.run (/home/u985847002/domains/emi-pulse.fr/nodejs/node_modules/sequelize/lib/dialects/mysql/query.js:52:25)\n    at /home/u985847002/domains/emi-pulse.fr/nodejs/node_modules/sequelize/lib/sequelize.js:315:28\n    at process.processTicksAndRejections (node:internal/process/task_queues:105:5)\n    at async MySQLQueryInterface.select (/home/u985847002/domains/emi-pulse.fr/nodejs/node_modules/sequelize/lib/dialects/abstract/query-interface.js:407:12)\n    at async Article.findAll (/home/u985847002/domains/emi-pulse.fr/nodejs/node_modules/sequelize/lib/model.js:1140:21)\n    at async generateSitemap (file:///home/u985847002/domains/emi-pulse.fr/nodejs/controllers/sitemap-rss-controller.js:11:22)"}
{"timestamp":"2026-05-04T02:22:10.587Z","level":"LOG","message":"Sample hash: $argon2id$v=19$m=65536,t=3,p=4$/24JmjcVLBhxkZbyTwX01g$PaoLrUzMRHyNUd1gDWeugfU3MX1FS4Q/fllxax7SjJo"}
{"timestamp":"2026-05-04T02:22:10.687Z","level":"LOG","message":"✅ Email service configuré et prêt"}
{"timestamp":"2026-05-04T03:12:44.904Z","level":"LOG","message":"[dotenv@17.2.1] injecting env (32) from .env.production -- tip: 🔐 prevent building .env in docker: https://dotenvx.com/prebuild"}
{"timestamp":"2026-05-04T03:12:45.076Z","level":"LOG","message":"[dotenv@17.2.1] injecting env (0) from .env -- tip: 🛠️  run anywhere with `dotenvx run -- yourcommand`"}
{"timestamp":"2026-05-04T03:12:45.125Z","level":"LOG","message":"[dotenv@17.2.1] injecting env (0) from .env.production -- tip: ⚙️  specify custom .env file path with { path: '/custom/path/.env' }"}
{"timestamp":"2026-05-04T03:12:45.173Z","level":"LOG","message":"🚀 http://localhost:3000"}
{"timestamp":"2026-05-04T03:12:45.195Z","level":"LOG","message":"[REQ] GET /sitemap.xml | user:guest | ip:2a02:4780:2c:d::3"}
{"timestamp":"2026-05-04T03:12:45.227Z","level":"LOG","message":"✅ Connexion à la base réussie !"}
{"timestamp":"2026-05-04T03:12:45.232Z","level":"ERROR","message":"Sitemap error: Error\n    at Query.run (/home/u985847002/domains/emi-pulse.fr/nodejs/node_modules/sequelize/lib/dialects/mysql/query.js:52:25)\n    at /home/u985847002/domains/emi-pulse.fr/nodejs/node_modules/sequelize/lib/sequelize.js:315:28\n    at process.processTicksAndRejections (node:internal/process/task_queues:105:5)\n    at async MySQLQueryInterface.select (/home/u985847002/domains/emi-pulse.fr/nodejs/node_modules/sequelize/lib/dialects/abstract/query-interface.js:407:12)\n    at async Article.findAll (/home/u985847002/domains/emi-pulse.fr/nodejs/node_modules/sequelize/lib/model.js:1140:21)\n    at async generateSitemap (file:///home/u985847002/domains/emi-pulse.fr/nodejs/controllers/sitemap-rss-controller.js:11:22)"}
{"timestamp":"2026-05-04T03:12:45.257Z","level":"LOG","message":"Sample hash: $argon2id$v=19$m=65536,t=3,p=4$WXNe9pb93R9cJ0ysTZ1Gnw$LkKvt6YiyMPWCIGtkgPo4DrCqewVE91JFFuRAZNBz2A"}
{"timestamp":"2026-05-04T03:12:45.464Z","level":"LOG","message":"✅ Email service configuré et prêt"}
{"timestamp":"2026-05-04T05:19:49.911Z","level":"LOG","message":"[dotenv@17.2.1] injecting env (32) from .env.production -- tip: 🔐 prevent committing .env to code: https://dotenvx.com/precommit"}
{"timestamp":"2026-05-04T05:19:50.146Z","level":"LOG","message":"[dotenv@17.2.1] injecting env (0) from .env -- tip: ⚙️  override existing env vars with { override: true }"}
{"timestamp":"2026-05-04T05:19:50.218Z","level":"LOG","message":"[dotenv@17.2.1] injecting env (0) from .env.production -- tip: 📡 auto-backup env with Radar: https://dotenvx.com/radar"}
{"timestamp":"2026-05-04T05:19:50.288Z","level":"LOG","message":"🚀 http://localhost:3000"}
{"timestamp":"2026-05-04T05:19:50.314Z","level":"LOG","message":"[REQ] GET /sitemap.xml | user:guest | ip:2a02:4780:2c:f::2"}
{"timestamp":"2026-05-04T05:19:50.345Z","level":"LOG","message":"✅ Connexion à la base réussie !"}
{"timestamp":"2026-05-04T05:19:50.350Z","level":"ERROR","message":"Sitemap error: Error\n    at Query.run (/home/u985847002/domains/emi-pulse.fr/nodejs/node_modules/sequelize/lib/dialects/mysql/query.js:52:25)\n    at /home/u985847002/domains/emi-pulse.fr/nodejs/node_modules/sequelize/lib/sequelize.js:315:28\n    at process.processTicksAndRejections (node:internal/process/task_queues:105:5)\n    at async MySQLQueryInterface.select (/home/u985847002/domains/emi-pulse.fr/nodejs/node_modules/sequelize/lib/dialects/abstract/query-interface.js:407:12)\n    at async Article.findAll (/home/u985847002/domains/emi-pulse.fr/nodejs/node_modules/sequelize/lib/model.js:1140:21)\n    at async generateSitemap (file:///home/u985847002/domains/emi-pulse.fr/nodejs/controllers/sitemap-rss-controller.js:11:22)"}
{"timestamp":"2026-05-04T05:19:50.371Z","level":"LOG","message":"Sample hash: $argon2id$v=19$m=65536,t=3,p=4$3dggJp1P01RSU5HsmTGS5Q$dQ4CqKJOIR9tWNDwhIes70EoyUYTzlo2nvLdE/g70XQ"}
{"timestamp":"2026-05-04T05:19:50.456Z","level":"LOG","message":"✅ Email service configuré et prêt"}
{"timestamp":"2026-05-04T05:50:35.574Z","level":"LOG","message":"[dotenv@17.2.1] injecting env (32) from .env.production -- tip: 📡 auto-backup env with Radar: https://dotenvx.com/radar"}
{"timestamp":"2026-05-04T05:50:35.813Z","level":"LOG","message":"[dotenv@17.2.1] injecting env (0) from .env -- tip: 📡 observe env with Radar: https://dotenvx.com/radar"}
{"timestamp":"2026-05-04T05:50:35.884Z","level":"LOG","message":"[dotenv@17.2.1] injecting env (0) from .env.production -- tip: 🔐 prevent building .env in docker: https://dotenvx.com/prebuild"}
{"timestamp":"2026-05-04T05:50:35.948Z","level":"LOG","message":"🚀 http://localhost:3000"}
{"timestamp":"2026-05-04T05:50:35.972Z","level":"LOG","message":"[REQ] GET / | user:guest | ip:2a02:4780:2c:f::2"}
{"timestamp":"2026-05-04T05:50:35.999Z","level":"LOG","message":"✅ Connexion à la base réussie !"}
{"timestamp":"2026-05-04T05:50:36.047Z","level":"LOG","message":"Sample hash: $argon2id$v=19$m=65536,t=3,p=4$SUidVvSGiwUYSOBTleE8rg$1XkOc+VHoS7UlC/AZh2sP8WXqBgHFK2aiu48fOIza7U"}
{"timestamp":"2026-05-04T05:50:36.140Z","level":"LOG","message":"✅ Email service configuré et prêt"}
{"timestamp":"2026-05-04T05:50:37.925Z","level":"LOG","message":"[REQ] GET /favicon.ico | user:guest | ip:2a02:4780:2c:e::2"}
{"timestamp":"2026-05-04T06:14:34.603Z","level":"LOG","message":"[REQ] GET / | user:guest | ip:2a02:4780:27:a::2"}
{"timestamp":"2026-05-04T06:21:29.122Z","level":"LOG","message":"[REQ] GET /sitemap.xml | user:guest | ip:2a02:4780:2c:b::2"}
{"timestamp":"2026-05-04T06:21:29.131Z","level":"ERROR","message":"Sitemap error: Error\n    at Query.run (/home/u985847002/domains/emi-pulse.fr/nodejs/node_modules/sequelize/lib/dialects/mysql/query.js:52:25)\n    at /home/u985847002/domains/emi-pulse.fr/nodejs/node_modules/sequelize/lib/sequelize.js:315:28\n    at process.processTicksAndRejections (node:internal/process/task_queues:105:5)\n    at async MySQLQueryInterface.select (/home/u985847002/domains/emi-pulse.fr/nodejs/node_modules/sequelize/lib/dialects/abstract/query-interface.js:407:12)\n    at async Article.findAll (/home/u985847002/domains/emi-pulse.fr/nodejs/node_modules/sequelize/lib/model.js:1140:21)\n    at async generateSitemap (file:///home/u985847002/domains/emi-pulse.fr/nodejs/controllers/sitemap-rss-controller.js:11:22)"}
{"timestamp":"2026-05-04T06:53:33.839Z","level":"LOG","message":"[dotenv@17.2.1] injecting env (32) from .env.production -- tip: 🔐 encrypt with Dotenvx: https://dotenvx.com"}
{"timestamp":"2026-05-04T06:53:34.010Z","level":"LOG","message":"[dotenv@17.2.1] injecting env (0) from .env -- tip: 📡 auto-backup env with Radar: https://dotenvx.com/radar"}
{"timestamp":"2026-05-04T06:53:34.059Z","level":"LOG","message":"[dotenv@17.2.1] injecting env (0) from .env.production -- tip: ⚙️  suppress all logs with { quiet: true }"}
{"timestamp":"2026-05-04T06:53:34.105Z","level":"LOG","message":"🚀 http://localhost:3000"}
{"timestamp":"2026-05-04T06:53:34.150Z","level":"LOG","message":"[REQ] GET /auth | user:guest | ip:2a02:4780:27:f::2"}
{"timestamp":"2026-05-04T06:53:34.161Z","level":"LOG","message":"✅ Connexion à la base réussie !"}
{"timestamp":"2026-05-04T06:53:34.164Z","level":"LOG","message":"📄 GET /auth"}
{"timestamp":"2026-05-04T06:53:34.184Z","level":"LOG","message":"Sample hash: $argon2id$v=19$m=65536,t=3,p=4$JNAQeCQwtvPVVjzeo2T7Pg$AGl5IKl0xGZAU336V25t5UvBYQPeAYE1mu6E7pKkUmM"}
{"timestamp":"2026-05-04T06:53:34.286Z","level":"LOG","message":"✅ Email service configuré et prêt"}
{"timestamp":"2026-05-04T06:53:37.435Z","level":"LOG","message":"[REQ] POST /auth | user:guest | ip:2a02:4780:27:f::2"}
{"timestamp":"2026-05-04T06:53:37.436Z","level":"LOG","message":"[RATE LIMIT] Attempt for key: delbeemilie27500@gmail.com, URL: /auth, User-Agent: Mozilla/5.0 (Macintosh; Intel Mac OS X 10_15_7) AppleWebKit/537.36 (KHTML, like Gecko) Chrome/146.0.0.0 Safari/537.36"}
{"timestamp":"2026-05-04T06:53:37.436Z","level":"LOG","message":"[RATE LIMIT] First request, count set to 1, window expires at 2026-05-04T07:08:37.436Z"}
{"timestamp":"2026-05-04T06:53:37.438Z","level":"LOG","message":"🔐 POST /auth"}
{"timestamp":"2026-05-04T06:53:37.517Z","level":"LOG","message":"✅ LOGIN SUCCESS: 5"}
{"timestamp":"2026-05-04T06:53:37.547Z","level":"LOG","message":"[REQ] GET / | user:5 | ip:2a02:4780:27:f::2"}
{"timestamp":"2026-05-04T06:53:40.705Z","level":"LOG","message":"[REQ] GET /admin/dashboard | user:5 | ip:2a02:4780:27:f::2"}
{"timestamp":"2026-05-04T06:53:40.718Z","level":"LOG","message":"📊 Dashboard stats loaded"}
{"timestamp":"2026-05-04T06:53:40.720Z","level":"LOG","message":"👤 Users loaded: 2/2"}
{"timestamp":"2026-05-04T06:53:40.722Z","level":"LOG","message":"📰 Recent articles loaded: 4"}
{"timestamp":"2026-05-04T06:53:40.725Z","level":"LOG","message":"💬 Pending comments: 0/0"}
{"timestamp":"2026-05-04T06:53:40.727Z","level":"LOG","message":"📧 Subscribers loaded: 1/1"}
{"timestamp":"2026-05-04T06:53:40.728Z","level":"LOG","message":"🔥 Top articles loaded: 4"}
{"timestamp":"2026-05-04T06:53:40.729Z","level":"LOG","message":"🏷️ Categories loaded: 5"}
{"timestamp":"2026-05-04T06:53:40.729Z","level":"LOG","message":"📄 Pagination generated"}
{"timestamp":"2026-05-04T06:54:01.554Z","level":"LOG","message":"[REQ] GET / | user:5 | ip:2a02:4780:27:f::2"}
{"timestamp":"2026-05-04T07:13:34.101Z","level":"LOG","message":"[RATE LIMIT CLEANUP] Cleared key: delbeemilie27500@gmail.com"}
{"timestamp":"2026-05-04T07:13:48.447Z","level":"LOG","message":"[dotenv@17.2.1] injecting env (32) from .env.production -- tip: ⚙️  enable debug logging with { debug: true }"}
{"timestamp":"2026-05-04T07:13:48.642Z","level":"LOG","message":"[dotenv@17.2.1] injecting env (0) from .env -- tip: ⚙️  override existing env vars with { override: true }"}
{"timestamp":"2026-05-04T07:13:48.698Z","level":"LOG","message":"[dotenv@17.2.1] injecting env (0) from .env.production -- tip: ⚙️  override existing env vars with { override: true }"}
{"timestamp":"2026-05-04T07:13:48.757Z","level":"LOG","message":"🚀 http://localhost:3000"}
{"timestamp":"2026-05-04T07:13:48.783Z","level":"LOG","message":"[REQ] GET / | user:guest | ip:2a02:4780:b:2::3"}
{"timestamp":"2026-05-04T07:13:48.820Z","level":"LOG","message":"✅ Connexion à la base réussie !"}
{"timestamp":"2026-05-04T07:13:48.869Z","level":"LOG","message":"Sample hash: $argon2id$v=19$m=65536,t=3,p=4$TYHw9Njmjiurq5jnc+YHCA$e8+rHaNCv6agDWChm4mpzBaaS3CA0+lq3ZSwjiNlBMk"}
{"timestamp":"2026-05-04T07:13:49.064Z","level":"LOG","message":"✅ Email service configuré et prêt"}
{"timestamp":"2026-05-04T07:13:49.133Z","level":"LOG","message":"[REQ] GET /app/ | user:guest | ip:2a02:4780:b:2::3"}
{"timestamp":"2026-05-04T07:13:49.388Z","level":"LOG","message":"[REQ] GET /login/ | user:guest | ip:2a02:4780:b:2::3"}
{"timestamp":"2026-05-04T07:13:49.874Z","level":"LOG","message":"[REQ] GET /app/Express.js | user:guest | ip:2a02:4780:b:2::3"}
{"timestamp":"2026-05-04T07:13:50.268Z","level":"LOG","message":"[REQ] GET /css/6-carousel.css.map | user:guest | ip:2a02:4780:b:2::3"}
{"timestamp":"2026-05-04T07:13:50.660Z","level":"LOG","message":"[REQ] GET /css/10-pages-auth.css.map | user:guest | ip:2a02:4780:b:2::3"}
{"timestamp":"2026-05-04T07:13:51.057Z","level":"LOG","message":"[REQ] GET /css/8-pages-article.css.map | user:guest | ip:2a02:4780:b:2::3"}
{"timestamp":"2026-05-04T07:13:51.464Z","level":"LOG","message":"[REQ] GET /js/color-modes.js.map | user:guest | ip:2a02:4780:b:2::3"}
{"timestamp":"2026-05-04T07:13:51.892Z","level":"LOG","message":"[REQ] GET /css/2-layout.css.map | user:guest | ip:2a02:4780:b:2::3"}
{"timestamp":"2026-05-04T07:13:52.347Z","level":"LOG","message":"[REQ] GET /css/3-components.css.map | user:guest | ip:2a02:4780:b:2::3"}
{"timestamp":"2026-05-04T07:13:52.773Z","level":"LOG","message":"[REQ] GET /css/9-pages-admin.css.map | user:guest | ip:2a02:4780:b:2::3"}
{"timestamp":"2026-05-04T07:13:52.987Z","level":"LOG","message":"[REQ] GET /login/Express.js | user:guest | ip:2a02:4780:b:2::3"}
{"timestamp":"2026-05-04T07:13:53.404Z","level":"LOG","message":"[REQ] GET /css/1-base.css.map | user:guest | ip:2a02:4780:b:2::3"}
{"timestamp":"2026-05-04T07:13:53.819Z","level":"LOG","message":"[REQ] GET /css/5-footer.css.map | user:guest | ip:2a02:4780:b:2::3"}
{"timestamp":"2026-05-04T07:13:54.226Z","level":"LOG","message":"[REQ] GET /css/11-pages-error.css.map | user:guest | ip:2a02:4780:b:2::3"}
{"timestamp":"2026-05-04T07:13:54.625Z","level":"LOG","message":"[REQ] GET /css/12-pages-other.css.map | user:guest | ip:2a02:4780:b:2::3"}
{"timestamp":"2026-05-04T07:13:55.032Z","level":"LOG","message":"[REQ] GET /css/4-header.css.map | user:guest | ip:2a02:4780:b:2::3"}
{"timestamp":"2026-05-04T07:13:55.258Z","level":"LOG","message":"[REQ] GET /Express.js | user:guest | ip:2a02:4780:b:2::3"}
{"timestamp":"2026-05-04T07:13:55.652Z","level":"LOG","message":"[REQ] GET /css/7-pages-home.css.map | user:guest | ip:2a02:4780:b:2::3"}
{"timestamp":"2026-05-04T08:03:47.038Z","level":"LOG","message":"[dotenv@17.2.1] injecting env (32) from .env.production -- tip: ⚙️  suppress all logs with { quiet: true }"}
{"timestamp":"2026-05-04T08:03:47.207Z","level":"LOG","message":"[dotenv@17.2.1] injecting env (0) from .env -- tip: 🛠️  run anywhere with `dotenvx run -- yourcommand`"}
{"timestamp":"2026-05-04T08:03:47.256Z","level":"LOG","message":"[dotenv@17.2.1] injecting env (0) from .env.production -- tip: ⚙️  suppress all logs with { quiet: true }"}
{"timestamp":"2026-05-04T08:03:47.306Z","level":"LOG","message":"🚀 http://localhost:3000"}
{"timestamp":"2026-05-04T08:03:47.325Z","level":"LOG","message":"[REQ] GET /sitemap.xml | user:guest | ip:2a02:4780:2c:e::2"}
{"timestamp":"2026-05-04T08:03:47.367Z","level":"LOG","message":"✅ Connexion à la base réussie !"}
{"timestamp":"2026-05-04T08:03:47.372Z","level":"ERROR","message":"Sitemap error: Error\n    at Query.run (/home/u985847002/domains/emi-pulse.fr/nodejs/node_modules/sequelize/lib/dialects/mysql/query.js:52:25)\n    at /home/u985847002/domains/emi-pulse.fr/nodejs/node_modules/sequelize/lib/sequelize.js:315:28\n    at process.processTicksAndRejections (node:internal/process/task_queues:105:5)\n    at async MySQLQueryInterface.select (/home/u985847002/domains/emi-pulse.fr/nodejs/node_modules/sequelize/lib/dialects/abstract/query-interface.js:407:12)\n    at async Article.findAll (/home/u985847002/domains/emi-pulse.fr/nodejs/node_modules/sequelize/lib/model.js:1140:21)\n    at async generateSitemap (file:///home/u985847002/domains/emi-pulse.fr/nodejs/controllers/sitemap-rss-controller.js:11:22)"}
{"timestamp":"2026-05-04T08:03:47.388Z","level":"LOG","message":"Sample hash: $argon2id$v=19$m=65536,t=3,p=4$JwA4BVEeyjElScMmUFa+9w$AyVA/uRzN1h8E6rnqCpXEJvVQXXhxtE7c6fQnjTQ/zo"}
{"timestamp":"2026-05-04T08:03:47.502Z","level":"LOG","message":"✅ Email service configuré et prêt"}
{"timestamp":"2026-05-04T08:32:10.236Z","level":"LOG","message":"[dotenv@17.2.1] injecting env (32) from .env.production -- tip: ⚙️  load multiple .env files with { path: ['.env.local', '.env'] }"}
{"timestamp":"2026-05-04T08:32:10.406Z","level":"LOG","message":"[dotenv@17.2.1] injecting env (0) from .env -- tip: 📡 auto-backup env with Radar: https://dotenvx.com/radar"}
{"timestamp":"2026-05-04T08:32:10.451Z","level":"LOG","message":"[dotenv@17.2.1] injecting env (0) from .env.production -- tip: ⚙️  enable debug logging with { debug: true }"}
{"timestamp":"2026-05-04T08:32:10.496Z","level":"LOG","message":"🚀 http://localhost:3000"}
{"timestamp":"2026-05-04T08:32:10.516Z","level":"LOG","message":"[REQ] GET /sitemap.xml | user:guest | ip:2a02:4780:2c:d::3"}
{"timestamp":"2026-05-04T08:32:10.574Z","level":"LOG","message":"Sample hash: $argon2id$v=19$m=65536,t=3,p=4$A4MQBfyfKxY85s0Oe32BWA$ttGjU5mglpNSpSaWfX3bV5HzLZpKooRwW3ymiW9VOhw"}
{"timestamp":"2026-05-04T08:32:10.707Z","level":"LOG","message":"✅ Email service configuré et prêt"}
{"timestamp":"2026-05-04T08:32:10.751Z","level":"LOG","message":"✅ Connexion à la base réussie !"}
{"timestamp":"2026-05-04T08:32:10.756Z","level":"ERROR","message":"Sitemap error: Error\n    at Query.run (/home/u985847002/domains/emi-pulse.fr/nodejs/node_modules/sequelize/lib/dialects/mysql/query.js:52:25)\n    at /home/u985847002/domains/emi-pulse.fr/nodejs/node_modules/sequelize/lib/sequelize.js:315:28\n    at process.processTicksAndRejections (node:internal/process/task_queues:105:5)\n    at async MySQLQueryInterface.select (/home/u985847002/domains/emi-pulse.fr/nodejs/node_modules/sequelize/lib/dialects/abstract/query-interface.js:407:12)\n    at async Article.findAll (/home/u985847002/domains/emi-pulse.fr/nodejs/node_modules/sequelize/lib/model.js:1140:21)\n    at async generateSitemap (file:///home/u985847002/domains/emi-pulse.fr/nodejs/controllers/sitemap-rss-controller.js:11:22)"}
{"timestamp":"2026-05-04T08:48:30.500Z","level":"LOG","message":"[REQ] GET / | user:guest | ip:2a02:4780:27:a::2"}
{"timestamp":"2026-05-04T09:18:00.191Z","level":"LOG","message":"[REQ] GET /sitemap.xml | user:guest | ip:2a02:4780:2c:1a::2"}
{"timestamp":"2026-05-04T09:18:00.198Z","level":"ERROR","message":"Sitemap error: Error\n    at Query.run (/home/u985847002/domains/emi-pulse.fr/nodejs/node_modules/sequelize/lib/dialects/mysql/query.js:52:25)\n    at /home/u985847002/domains/emi-pulse.fr/nodejs/node_modules/sequelize/lib/sequelize.js:315:28\n    at process.processTicksAndRejections (node:internal/process/task_queues:105:5)\n    at async MySQLQueryInterface.select (/home/u985847002/domains/emi-pulse.fr/nodejs/node_modules/sequelize/lib/dialects/abstract/query-interface.js:407:12)\n    at async Article.findAll (/home/u985847002/domains/emi-pulse.fr/nodejs/node_modules/sequelize/lib/model.js:1140:21)\n    at async generateSitemap (file:///home/u985847002/domains/emi-pulse.fr/nodejs/controllers/sitemap-rss-controller.js:11:22)"}
{"timestamp":"2026-05-04T09:38:35.252Z","level":"LOG","message":"[dotenv@17.2.1] injecting env (32) from .env.production -- tip: 🛠️  run anywhere with `dotenvx run -- yourcommand`"}
{"timestamp":"2026-05-04T09:38:35.433Z","level":"LOG","message":"[dotenv@17.2.1] injecting env (0) from .env -- tip: ⚙️  load multiple .env files with { path: ['.env.local', '.env'] }"}
{"timestamp":"2026-05-04T09:38:35.482Z","level":"LOG","message":"[dotenv@17.2.1] injecting env (0) from .env.production -- tip: 🔐 prevent committing .env to code: https://dotenvx.com/precommit"}
{"timestamp":"2026-05-04T09:38:35.531Z","level":"LOG","message":"🚀 http://localhost:3000"}
{"timestamp":"2026-05-04T09:38:35.576Z","level":"LOG","message":"[REQ] GET / | user:5 | ip:2a02:4780:27:a::2"}
{"timestamp":"2026-05-04T09:38:35.584Z","level":"LOG","message":"✅ Connexion à la base réussie !"}
{"timestamp":"2026-05-04T09:38:35.637Z","level":"LOG","message":"Sample hash: $argon2id$v=19$m=65536,t=3,p=4$exgZB2fN3H87+P8OAN/mNg$axjoZ00EeyimvxWy1l3oYzBHBgXu6ZVqd9+kb7DkxTs"}
{"timestamp":"2026-05-04T09:38:35.735Z","level":"LOG","message":"✅ Email service configuré et prêt"}
{"timestamp":"2026-05-04T09:38:55.228Z","level":"LOG","message":"[REQ] GET / | user:5 | ip:2a02:4780:27:a::2"}
{"timestamp":"2026-05-04T10:48:03.316Z","level":"LOG","message":"[dotenv@17.2.1] injecting env (32) from .env.production -- tip: 🔐 prevent committing .env to code: https://dotenvx.com/precommit"}
{"timestamp":"2026-05-04T10:48:03.557Z","level":"LOG","message":"[dotenv@17.2.1] injecting env (0) from .env -- tip: 🔐 prevent building .env in docker: https://dotenvx.com/prebuild"}
{"timestamp":"2026-05-04T10:48:03.621Z","level":"LOG","message":"[dotenv@17.2.1] injecting env (0) from .env.production -- tip: 🔐 prevent committing .env to code: https://dotenvx.com/precommit"}
{"timestamp":"2026-05-04T10:48:03.685Z","level":"LOG","message":"🚀 http://localhost:3000"}
{"timestamp":"2026-05-04T10:48:03.708Z","level":"LOG","message":"[REQ] GET / | user:guest | ip:2a02:4780:40:9::2"}
{"timestamp":"2026-05-04T10:48:03.745Z","level":"LOG","message":"✅ Connexion à la base réussie !"}
{"timestamp":"2026-05-04T10:48:03.776Z","level":"LOG","message":"Sample hash: $argon2id$v=19$m=65536,t=3,p=4$Tg+1yMgRID8DqqSyToMa5g$G51vVPjOmCAPPA7N7aomaJ97MdBFh3EW5NEyj3571ME"}
{"timestamp":"2026-05-04T10:48:03.876Z","level":"LOG","message":"✅ Email service configuré et prêt"}
{"timestamp":"2026-05-04T11:19:11.997Z","level":"LOG","message":"[REQ] GET /sitemap.xml | user:guest | ip:2a02:4780:2c:e::2"}
{"timestamp":"2026-05-04T11:19:12.004Z","level":"ERROR","message":"Sitemap error: Error\n    at Query.run (/home/u985847002/domains/emi-pulse.fr/nodejs/node_modules/sequelize/lib/dialects/mysql/query.js:52:25)\n    at /home/u985847002/domains/emi-pulse.fr/nodejs/node_modules/sequelize/lib/sequelize.js:315:28\n    at process.processTicksAndRejections (node:internal/process/task_queues:105:5)\n    at async MySQLQueryInterface.select (/home/u985847002/domains/emi-pulse.fr/nodejs/node_modules/sequelize/lib/dialects/abstract/query-interface.js:407:12)\n    at async Article.findAll (/home/u985847002/domains/emi-pulse.fr/nodejs/node_modules/sequelize/lib/model.js:1140:21)\n    at async generateSitemap (file:///home/u985847002/domains/emi-pulse.fr/nodejs/controllers/sitemap-rss-controller.js:11:22)"}
{"timestamp":"2026-05-04T12:30:15.441Z","level":"LOG","message":"[dotenv@17.2.1] injecting env (32) from .env.production -- tip: ⚙️  load multiple .env files with { path: ['.env.local', '.env'] }"}
{"timestamp":"2026-05-04T12:30:15.700Z","level":"LOG","message":"[dotenv@17.2.1] injecting env (0) from .env -- tip: 📡 auto-backup env with Radar: https://dotenvx.com/radar"}
{"timestamp":"2026-05-04T12:30:15.779Z","level":"LOG","message":"[dotenv@17.2.1] injecting env (0) from .env.production -- tip: 🔐 prevent building .env in docker: https://dotenvx.com/prebuild"}
{"timestamp":"2026-05-04T12:30:15.844Z","level":"LOG","message":"🚀 http://localhost:3000"}
{"timestamp":"2026-05-04T12:30:15.869Z","level":"LOG","message":"[REQ] GET / | user:guest | ip:2a02:4780:2c:d::4"}
{"timestamp":"2026-05-04T12:30:15.903Z","level":"LOG","message":"✅ Connexion à la base réussie !"}
{"timestamp":"2026-05-04T12:30:15.964Z","level":"LOG","message":"Sample hash: $argon2id$v=19$m=65536,t=3,p=4$P/2e8sZxb003UbjqN8sbOQ$XYrcSvupxao91nOswH+VRXI1kkc1JOzvM3iDOOK5/58"}
{"timestamp":"2026-05-04T12:30:16.020Z","level":"LOG","message":"✅ Email service configuré et prêt"}
{"timestamp":"2026-05-04T12:30:17.592Z","level":"LOG","message":"[REQ] GET /favicon.ico | user:guest | ip:2a02:4780:2c:d::3"}
{"timestamp":"2026-05-04T14:04:50.610Z","level":"LOG","message":"[dotenv@17.2.1] injecting env (32) from .env.production -- tip: ⚙️  suppress all logs with { quiet: true }"}
{"timestamp":"2026-05-04T14:04:50.862Z","level":"LOG","message":"[dotenv@17.2.1] injecting env (0) from .env -- tip: 📡 auto-backup env with Radar: https://dotenvx.com/radar"}
{"timestamp":"2026-05-04T14:04:50.928Z","level":"LOG","message":"[dotenv@17.2.1] injecting env (0) from .env.production -- tip: 🔐 encrypt with Dotenvx: https://dotenvx.com"}
{"timestamp":"2026-05-04T14:04:50.999Z","level":"LOG","message":"🚀 http://localhost:3000"}
{"timestamp":"2026-05-04T14:04:51.025Z","level":"LOG","message":"[REQ] GET /sitemap.xml | user:guest | ip:2a02:4780:2c:1a::2"}
{"timestamp":"2026-05-04T14:04:51.067Z","level":"LOG","message":"✅ Connexion à la base réussie !"}
{"timestamp":"2026-05-04T14:04:51.078Z","level":"ERROR","message":"Sitemap error: Error\n    at Query.run (/home/u985847002/domains/emi-pulse.fr/nodejs/node_modules/sequelize/lib/dialects/mysql/query.js:52:25)\n    at /home/u985847002/domains/emi-pulse.fr/nodejs/node_modules/sequelize/lib/sequelize.js:315:28\n    at process.processTicksAndRejections (node:internal/process/task_queues:105:5)\n    at async MySQLQueryInterface.select (/home/u985847002/domains/emi-pulse.fr/nodejs/node_modules/sequelize/lib/dialects/abstract/query-interface.js:407:12)\n    at async Article.findAll (/home/u985847002/domains/emi-pulse.fr/nodejs/node_modules/sequelize/lib/model.js:1140:21)\n    at async generateSitemap (file:///home/u985847002/domains/emi-pulse.fr/nodejs/controllers/sitemap-rss-controller.js:11:22)"}
{"timestamp":"2026-05-04T14:04:51.082Z","level":"LOG","message":"Sample hash: $argon2id$v=19$m=65536,t=3,p=4$yIQ1hkJA75efJndhA9mvPA$+qu1nXOjwmW9z4EvPh+x8QLjpFG/QMjSFiAJj2coEcw"}
{"timestamp":"2026-05-04T14:04:51.210Z","level":"LOG","message":"✅ Email service configuré et prêt"}
{"timestamp":"2026-05-04T16:45:59.064Z","level":"LOG","message":"[dotenv@17.2.1] injecting env (32) from .env.production -- tip: ⚙️  enable debug logging with { debug: true }"}
{"timestamp":"2026-05-04T16:45:59.295Z","level":"LOG","message":"[dotenv@17.2.1] injecting env (0) from .env -- tip: 📡 auto-backup env with Radar: https://dotenvx.com/radar"}
{"timestamp":"2026-05-04T16:45:59.364Z","level":"LOG","message":"[dotenv@17.2.1] injecting env (0) from .env.production -- tip: 🔐 encrypt with Dotenvx: https://dotenvx.com"}
{"timestamp":"2026-05-04T16:45:59.425Z","level":"LOG","message":"🚀 http://localhost:3000"}
{"timestamp":"2026-05-04T16:45:59.472Z","level":"LOG","message":"[REQ] GET / | user:5 | ip:2a02:4780:27:1::3"}
{"timestamp":"2026-05-04T16:45:59.480Z","level":"LOG","message":"✅ Connexion à la base réussie !"}
{"timestamp":"2026-05-04T16:45:59.512Z","level":"LOG","message":"Sample hash: $argon2id$v=19$m=65536,t=3,p=4$0htYRR+m9xHZZPNr05af/A$xWcNkIt11qIurICSp7P4vP5NKFMzpsfSrokDNRdpa84"}
{"timestamp":"2026-05-04T16:45:59.619Z","level":"LOG","message":"✅ Email service configuré et prêt"}
{"timestamp":"2026-05-04T16:46:02.021Z","level":"LOG","message":"[REQ] GET / | user:5 | ip:2a02:4780:27:1::3"}
{"timestamp":"2026-05-04T16:46:38.724Z","level":"LOG","message":"[REQ] GET / | user:5 | ip:2a02:4780:27:1::3"}
{"timestamp":"2026-05-04T16:53:43.669Z","level":"LOG","message":"[REQ] GET / | user:5 | ip:2a02:4780:27:f::2"}
{"timestamp":"2026-05-04T17:17:32.758Z","level":"LOG","message":"[REQ] GET /sitemap.xml | user:guest | ip:2a02:4780:2c:d::4"}
{"timestamp":"2026-05-04T17:17:32.763Z","level":"ERROR","message":"Sitemap error: Error\n    at Query.run (/home/u985847002/domains/emi-pulse.fr/nodejs/node_modules/sequelize/lib/dialects/mysql/query.js:52:25)\n    at /home/u985847002/domains/emi-pulse.fr/nodejs/node_modules/sequelize/lib/sequelize.js:315:28\n    at process.processTicksAndRejections (node:internal/process/task_queues:105:5)\n    at async MySQLQueryInterface.select (/home/u985847002/domains/emi-pulse.fr/nodejs/node_modules/sequelize/lib/dialects/abstract/query-interface.js:407:12)\n    at async Article.findAll (/home/u985847002/domains/emi-pulse.fr/nodejs/node_modules/sequelize/lib/model.js:1140:21)\n    at async generateSitemap (file:///home/u985847002/domains/emi-pulse.fr/nodejs/controllers/sitemap-rss-controller.js:11:22)"}
{"timestamp":"2026-05-04T18:53:11.033Z","level":"LOG","message":"[dotenv@17.2.1] injecting env (32) from .env.production -- tip: 📡 observe env with Radar: https://dotenvx.com/radar"}
{"timestamp":"2026-05-04T18:53:11.263Z","level":"LOG","message":"[dotenv@17.2.1] injecting env (0) from .env -- tip: 🔐 prevent building .env in docker: https://dotenvx.com/prebuild"}
{"timestamp":"2026-05-04T18:53:11.328Z","level":"LOG","message":"[dotenv@17.2.1] injecting env (0) from .env.production -- tip: 🔐 encrypt with Dotenvx: https://dotenvx.com"}
{"timestamp":"2026-05-04T18:53:11.387Z","level":"LOG","message":"🚀 http://localhost:3000"}
{"timestamp":"2026-05-04T18:53:11.436Z","level":"LOG","message":"[REQ] GET / | user:5 | ip:2a02:4780:27:a::2"}
{"timestamp":"2026-05-04T18:53:11.448Z","level":"LOG","message":"✅ Connexion à la base réussie !"}
{"timestamp":"2026-05-04T18:53:11.477Z","level":"LOG","message":"Sample hash: $argon2id$v=19$m=65536,t=3,p=4$vy5TpsvayibEAieyBgTHLQ$xQxK1fuxKnsf8BcKlagVjhIllO4YAwGrjkQip/BSoEQ"}
{"timestamp":"2026-05-04T18:53:11.589Z","level":"LOG","message":"✅ Email service configuré et prêt"}
{"timestamp":"2026-05-04T18:53:17.646Z","level":"LOG","message":"[REQ] GET /admin/dashboard | user:5 | ip:2a02:4780:27:a::2"}
{"timestamp":"2026-05-04T18:53:17.658Z","level":"LOG","message":"📊 Dashboard stats loaded"}
{"timestamp":"2026-05-04T18:53:17.661Z","level":"LOG","message":"👤 Users loaded: 2/2"}
{"timestamp":"2026-05-04T18:53:17.663Z","level":"LOG","message":"📰 Recent articles loaded: 2"}
{"timestamp":"2026-05-04T18:53:17.666Z","level":"LOG","message":"💬 Pending comments: 0/0"}
{"timestamp":"2026-05-04T18:53:17.667Z","level":"LOG","message":"📧 Subscribers loaded: 1/1"}
{"timestamp":"2026-05-04T18:53:17.668Z","level":"LOG","message":"🔥 Top articles loaded: 2"}
{"timestamp":"2026-05-04T18:53:17.669Z","level":"LOG","message":"🏷️ Categories loaded: 5"}
{"timestamp":"2026-05-04T18:53:17.669Z","level":"LOG","message":"📄 Pagination generated"}
{"timestamp":"2026-05-04T20:24:38.506Z","level":"LOG","message":"[dotenv@17.2.1] injecting env (32) from .env.production -- tip: 🔐 prevent building .env in docker: https://dotenvx.com/prebuild"}
{"timestamp":"2026-05-04T20:24:38.680Z","level":"LOG","message":"[dotenv@17.2.1] injecting env (0) from .env -- tip: 📡 auto-backup env with Radar: https://dotenvx.com/radar"}
{"timestamp":"2026-05-04T20:24:38.728Z","level":"LOG","message":"[dotenv@17.2.1] injecting env (0) from .env.production -- tip: ⚙️  suppress all logs with { quiet: true }"}
{"timestamp":"2026-05-04T20:24:38.786Z","level":"LOG","message":"🚀 http://localhost:3000"}
{"timestamp":"2026-05-04T20:24:38.808Z","level":"LOG","message":"[REQ] GET /sitemap.xml | user:guest | ip:2a02:4780:1:28::3"}
{"timestamp":"2026-05-04T20:24:38.835Z","level":"LOG","message":"✅ Connexion à la base réussie !"}
{"timestamp":"2026-05-04T20:24:38.840Z","level":"ERROR","message":"Sitemap error: Error\n    at Query.run (/home/u985847002/domains/emi-pulse.fr/nodejs/node_modules/sequelize/lib/dialects/mysql/query.js:52:25)\n    at /home/u985847002/domains/emi-pulse.fr/nodejs/node_modules/sequelize/lib/sequelize.js:315:28\n    at process.processTicksAndRejections (node:internal/process/task_queues:105:5)\n    at async MySQLQueryInterface.select (/home/u985847002/domains/emi-pulse.fr/nodejs/node_modules/sequelize/lib/dialects/abstract/query-interface.js:407:12)\n    at async Article.findAll (/home/u985847002/domains/emi-pulse.fr/nodejs/node_modules/sequelize/lib/model.js:1140:21)\n    at async generateSitemap (file:///home/u985847002/domains/emi-pulse.fr/nodejs/controllers/sitemap-rss-controller.js:11:22)"}
{"timestamp":"2026-05-04T20:24:38.865Z","level":"LOG","message":"Sample hash: $argon2id$v=19$m=65536,t=3,p=4$v7/QQWo5BzD0s/ncb/fMTQ$VFbOwHXz/K+YcIieZ1pma434CbNzkE9Aq0XxgQ5aFV4"}
{"timestamp":"2026-05-04T20:24:38.961Z","level":"LOG","message":"✅ Email service configuré et prêt"}
{"timestamp":"2026-05-04T23:03:42.611Z","level":"LOG","message":"[dotenv@17.2.1] injecting env (32) from .env.production -- tip: 📡 observe env with Radar: https://dotenvx.com/radar"}
{"timestamp":"2026-05-04T23:03:42.782Z","level":"LOG","message":"[dotenv@17.2.1] injecting env (0) from .env -- tip: ⚙️  specify custom .env file path with { path: '/custom/path/.env' }"}
{"timestamp":"2026-05-04T23:03:42.830Z","level":"LOG","message":"[dotenv@17.2.1] injecting env (0) from .env.production -- tip: 🔐 prevent building .env in docker: https://dotenvx.com/prebuild"}
{"timestamp":"2026-05-04T23:03:42.887Z","level":"LOG","message":"🚀 http://localhost:3000"}
{"timestamp":"2026-05-04T23:03:42.909Z","level":"LOG","message":"[REQ] GET /sitemap.xml | user:guest | ip:2a02:4780:2c:d::4"}
{"timestamp":"2026-05-04T23:03:42.936Z","level":"LOG","message":"✅ Connexion à la base réussie !"}
{"timestamp":"2026-05-04T23:03:42.941Z","level":"ERROR","message":"Sitemap error: Error\n    at Query.run (/home/u985847002/domains/emi-pulse.fr/nodejs/node_modules/sequelize/lib/dialects/mysql/query.js:52:25)\n    at /home/u985847002/domains/emi-pulse.fr/nodejs/node_modules/sequelize/lib/sequelize.js:315:28\n    at process.processTicksAndRejections (node:internal/process/task_queues:105:5)\n    at async MySQLQueryInterface.select (/home/u985847002/domains/emi-pulse.fr/nodejs/node_modules/sequelize/lib/dialects/abstract/query-interface.js:407:12)\n    at async Article.findAll (/home/u985847002/domains/emi-pulse.fr/nodejs/node_modules/sequelize/lib/model.js:1140:21)\n    at async generateSitemap (file:///home/u985847002/domains/emi-pulse.fr/nodejs/controllers/sitemap-rss-controller.js:11:22)"}
{"timestamp":"2026-05-04T23:03:42.974Z","level":"LOG","message":"Sample hash: $argon2id$v=19$m=65536,t=3,p=4$eiCJa+YhVzCNSzPAk8NCzQ$Kc9rqcRqeIrTtQLcNL2j7e1uVcDtT2D6eIzQAs/Fmqw"}
{"timestamp":"2026-05-04T23:03:43.081Z","level":"LOG","message":"✅ Email service configuré et prêt"}
{"timestamp":"2026-05-05T02:02:52.910Z","level":"LOG","message":"[dotenv@17.2.1] injecting env (32) from .env.production -- tip: 📡 version env with Radar: https://dotenvx.com/radar"}
{"timestamp":"2026-05-05T02:02:53.083Z","level":"LOG","message":"[dotenv@17.2.1] injecting env (0) from .env -- tip: 🔐 encrypt with Dotenvx: https://dotenvx.com"}
{"timestamp":"2026-05-05T02:02:53.133Z","level":"LOG","message":"[dotenv@17.2.1] injecting env (0) from .env.production -- tip: 🔐 prevent committing .env to code: https://dotenvx.com/precommit"}
{"timestamp":"2026-05-05T02:02:53.194Z","level":"LOG","message":"🚀 http://localhost:3000"}
{"timestamp":"2026-05-05T02:02:53.221Z","level":"LOG","message":"[REQ] GET /sitemap.xml | user:guest | ip:2a02:4780:2c:e::2"}
{"timestamp":"2026-05-05T02:02:53.256Z","level":"LOG","message":"✅ Connexion à la base réussie !"}
{"timestamp":"2026-05-05T02:02:53.260Z","level":"ERROR","message":"Sitemap error: Error\n    at Query.run (/home/u985847002/domains/emi-pulse.fr/nodejs/node_modules/sequelize/lib/dialects/mysql/query.js:52:25)\n    at /home/u985847002/domains/emi-pulse.fr/nodejs/node_modules/sequelize/lib/sequelize.js:315:28\n    at process.processTicksAndRejections (node:internal/process/task_queues:105:5)\n    at async MySQLQueryInterface.select (/home/u985847002/domains/emi-pulse.fr/nodejs/node_modules/sequelize/lib/dialects/abstract/query-interface.js:407:12)\n    at async Article.findAll (/home/u985847002/domains/emi-pulse.fr/nodejs/node_modules/sequelize/lib/model.js:1140:21)\n    at async generateSitemap (file:///home/u985847002/domains/emi-pulse.fr/nodejs/controllers/sitemap-rss-controller.js:11:22)"}
{"timestamp":"2026-05-05T02:02:53.274Z","level":"LOG","message":"Sample hash: $argon2id$v=19$m=65536,t=3,p=4$mOHyJdvXDT+x5wzYB1rJ+w$bHfmI24VLAbX4Ijj4KVqDwpNRUARgGdkTLE5bS83Ygg"}
{"timestamp":"2026-05-05T02:02:53.405Z","level":"LOG","message":"✅ Email service configuré et prêt"}
{"timestamp":"2026-05-05T03:05:07.444Z","level":"LOG","message":"[dotenv@17.2.1] injecting env (32) from .env.production -- tip: ⚙️  enable debug logging with { debug: true }"}
{"timestamp":"2026-05-05T03:05:07.651Z","level":"LOG","message":"[dotenv@17.2.1] injecting env (0) from .env -- tip: ⚙️  load multiple .env files with { path: ['.env.local', '.env'] }"}
{"timestamp":"2026-05-05T03:05:07.714Z","level":"LOG","message":"[dotenv@17.2.1] injecting env (0) from .env.production -- tip: 🛠️  run anywhere with `dotenvx run -- yourcommand`"}
{"timestamp":"2026-05-05T03:05:07.769Z","level":"LOG","message":"🚀 http://localhost:3000"}
{"timestamp":"2026-05-05T03:05:07.790Z","level":"LOG","message":"[REQ] GET / | user:guest | ip:2a02:4780:27:a::2"}
{"timestamp":"2026-05-05T03:05:07.818Z","level":"LOG","message":"✅ Connexion à la base réussie !"}
{"timestamp":"2026-05-05T03:05:07.849Z","level":"LOG","message":"Sample hash: $argon2id$v=19$m=65536,t=3,p=4$Ob8yP8czgipdlGfzMIGyJQ$xZPIo4jlgAS972qj3yD5CoWIqh8pF9uC9ByiJ1uG7Sk"}
{"timestamp":"2026-05-05T03:05:07.946Z","level":"LOG","message":"✅ Email service configuré et prêt"}
{"timestamp":"2026-05-05T05:20:16.539Z","level":"LOG","message":"[dotenv@17.2.1] injecting env (32) from .env.production -- tip: 📡 auto-backup env with Radar: https://dotenvx.com/radar"}
{"timestamp":"2026-05-05T05:20:16.789Z","level":"LOG","message":"[dotenv@17.2.1] injecting env (0) from .env -- tip: ⚙️  load multiple .env files with { path: ['.env.local', '.env'] }"}
{"timestamp":"2026-05-05T05:20:16.860Z","level":"LOG","message":"[dotenv@17.2.1] injecting env (0) from .env.production -- tip: 🔐 encrypt with Dotenvx: https://dotenvx.com"}
{"timestamp":"2026-05-05T05:20:16.919Z","level":"LOG","message":"🚀 http://localhost:3000"}
{"timestamp":"2026-05-05T05:20:16.940Z","level":"LOG","message":"[REQ] GET /sitemap.xml | user:guest | ip:2a02:4780:2c:1a::2"}
{"timestamp":"2026-05-05T05:20:16.969Z","level":"LOG","message":"✅ Connexion à la base réussie !"}
{"timestamp":"2026-05-05T05:20:16.974Z","level":"ERROR","message":"Sitemap error: Error\n    at Query.run (/home/u985847002/domains/emi-pulse.fr/nodejs/node_modules/sequelize/lib/dialects/mysql/query.js:52:25)\n    at /home/u985847002/domains/emi-pulse.fr/nodejs/node_modules/sequelize/lib/sequelize.js:315:28\n    at process.processTicksAndRejections (node:internal/process/task_queues:105:5)\n    at async MySQLQueryInterface.select (/home/u985847002/domains/emi-pulse.fr/nodejs/node_modules/sequelize/lib/dialects/abstract/query-interface.js:407:12)\n    at async Article.findAll (/home/u985847002/domains/emi-pulse.fr/nodejs/node_modules/sequelize/lib/model.js:1140:21)\n    at async generateSitemap (file:///home/u985847002/domains/emi-pulse.fr/nodejs/controllers/sitemap-rss-controller.js:11:22)"}
{"timestamp":"2026-05-05T05:20:16.997Z","level":"LOG","message":"Sample hash: $argon2id$v=19$m=65536,t=3,p=4$hSg30QRIETp1Op2zvrT43A$7Hzj6XZLtupaUqAoooB5+q0cQEuMrpdUdzqJgF6ug4E"}
{"timestamp":"2026-05-05T05:20:17.113Z","level":"LOG","message":"✅ Email service configuré et prêt"}
{"timestamp":"2026-05-05T07:32:44.274Z","level":"LOG","message":"[dotenv@17.2.1] injecting env (32) from .env.production -- tip: ⚙️  write to custom object with { processEnv: myObject }"}
{"timestamp":"2026-05-05T07:32:44.506Z","level":"LOG","message":"[dotenv@17.2.1] injecting env (0) from .env -- tip: ⚙️  specify custom .env file path with { path: '/custom/path/.env' }"}
{"timestamp":"2026-05-05T07:32:44.574Z","level":"LOG","message":"[dotenv@17.2.1] injecting env (0) from .env.production -- tip: 🛠️  run anywhere with `dotenvx run -- yourcommand`"}
{"timestamp":"2026-05-05T07:32:44.638Z","level":"LOG","message":"🚀 http://localhost:3000"}
{"timestamp":"2026-05-05T07:32:44.664Z","level":"LOG","message":"[REQ] GET / | user:guest | ip:2a02:4780:2c:e::2"}
{"timestamp":"2026-05-05T07:32:44.717Z","level":"LOG","message":"Sample hash: $argon2id$v=19$m=65536,t=3,p=4$IQ7d0lnBXfLYOMACSGezlg$xYt1uJWJ6W+lhB5XzOXAsDkqhNY/yILPK5MT42b9E+k"}
{"timestamp":"2026-05-05T07:32:44.749Z","level":"LOG","message":"✅ Connexion à la base réussie !"}
{"timestamp":"2026-05-05T07:32:44.824Z","level":"LOG","message":"✅ Email service configuré et prêt"}
{"timestamp":"2026-05-05T08:40:20.004Z","level":"LOG","message":"[dotenv@17.2.1] injecting env (32) from .env.production -- tip: 🛠️  run anywhere with `dotenvx run -- yourcommand`"}
{"timestamp":"2026-05-05T08:40:20.217Z","level":"LOG","message":"[dotenv@17.2.1] injecting env (0) from .env -- tip: ⚙️  specify custom .env file path with { path: '/custom/path/.env' }"}
{"timestamp":"2026-05-05T08:40:20.279Z","level":"LOG","message":"[dotenv@17.2.1] injecting env (0) from .env.production -- tip: ⚙️  suppress all logs with { quiet: true }"}
{"timestamp":"2026-05-05T08:40:20.341Z","level":"LOG","message":"🚀 http://localhost:3000"}
{"timestamp":"2026-05-05T08:40:20.364Z","level":"LOG","message":"[REQ] GET / | user:guest | ip:2a02:4780:8:9::3"}
{"timestamp":"2026-05-05T08:40:20.426Z","level":"LOG","message":"Sample hash: $argon2id$v=19$m=65536,t=3,p=4$ak3SitJDdeFa1q+bCIHd0Q$Lr5I8nnjovoF0WMpWrwJEi9AsZpqyeX1andbEa0U9rw"}
{"timestamp":"2026-05-05T08:40:20.454Z","level":"LOG","message":"✅ Connexion à la base réussie !"}
{"timestamp":"2026-05-05T08:40:20.536Z","level":"LOG","message":"✅ Email service configuré et prêt"}
{"timestamp":"2026-05-05T08:40:20.955Z","level":"LOG","message":"[REQ] GET /favicon.ico | user:guest | ip:2a02:4780:8:9::3"}
{"timestamp":"2026-05-05T08:41:44.614Z","level":"LOG","message":"[dotenv@17.2.1] injecting env (32) from .env.production -- tip: ⚙️  suppress all logs with { quiet: true }"}
{"timestamp":"2026-05-05T08:41:44.786Z","level":"LOG","message":"[dotenv@17.2.1] injecting env (0) from .env -- tip: 🔐 encrypt with Dotenvx: https://dotenvx.com"}
{"timestamp":"2026-05-05T08:41:44.834Z","level":"LOG","message":"[dotenv@17.2.1] injecting env (0) from .env.production -- tip: 📡 version env with Radar: https://dotenvx.com/radar"}
{"timestamp":"2026-05-05T08:41:44.881Z","level":"LOG","message":"🚀 http://localhost:3000"}
{"timestamp":"2026-05-05T08:41:44.901Z","level":"LOG","message":"[REQ] GET /sitemap.xml | user:guest | ip:2a02:4780:1:22::3"}
{"timestamp":"2026-05-05T08:41:44.928Z","level":"LOG","message":"✅ Connexion à la base réussie !"}
{"timestamp":"2026-05-05T08:41:44.932Z","level":"ERROR","message":"Sitemap error: Error\n    at Query.run (/home/u985847002/domains/emi-pulse.fr/nodejs/node_modules/sequelize/lib/dialects/mysql/query.js:52:25)\n    at /home/u985847002/domains/emi-pulse.fr/nodejs/node_modules/sequelize/lib/sequelize.js:315:28\n    at process.processTicksAndRejections (node:internal/process/task_queues:105:5)\n    at async MySQLQueryInterface.select (/home/u985847002/domains/emi-pulse.fr/nodejs/node_modules/sequelize/lib/dialects/abstract/query-interface.js:407:12)\n    at async Article.findAll (/home/u985847002/domains/emi-pulse.fr/nodejs/node_modules/sequelize/lib/model.js:1140:21)\n    at async generateSitemap (file:///home/u985847002/domains/emi-pulse.fr/nodejs/controllers/sitemap-rss-controller.js:11:22)"}
{"timestamp":"2026-05-05T08:41:44.961Z","level":"LOG","message":"Sample hash: $argon2id$v=19$m=65536,t=3,p=4$GHRdEZY6oNojUc/aDJcUcg$G2MhnDZPSvOutoNczX8FI08G05M0fbKBlIz/NJfOCxk"}
{"timestamp":"2026-05-05T08:41:45.056Z","level":"LOG","message":"✅ Email service configuré et prêt"}
{"timestamp":"2026-05-05T09:01:24.286Z","level":"LOG","message":"[REQ] GET /sitemap.xml | user:guest | ip:2a02:4780:1:22::3"}
{"timestamp":"2026-05-05T09:01:24.292Z","level":"ERROR","message":"Sitemap error: Error\n    at Query.run (/home/u985847002/domains/emi-pulse.fr/nodejs/node_modules/sequelize/lib/dialects/mysql/query.js:52:25)\n    at /home/u985847002/domains/emi-pulse.fr/nodejs/node_modules/sequelize/lib/sequelize.js:315:28\n    at process.processTicksAndRejections (node:internal/process/task_queues:105:5)\n    at async MySQLQueryInterface.select (/home/u985847002/domains/emi-pulse.fr/nodejs/node_modules/sequelize/lib/dialects/abstract/query-interface.js:407:12)\n    at async Article.findAll (/home/u985847002/domains/emi-pulse.fr/nodejs/node_modules/sequelize/lib/model.js:1140:21)\n    at async generateSitemap (file:///home/u985847002/domains/emi-pulse.fr/nodejs/controllers/sitemap-rss-controller.js:11:22)"}
{"timestamp":"2026-05-05T09:08:47.671Z","level":"LOG","message":"[REQ] GET /sitemap.xml | user:guest | ip:2a02:4780:1:22::3"}
{"timestamp":"2026-05-05T09:08:47.678Z","level":"ERROR","message":"Sitemap error: Error\n    at Query.run (/home/u985847002/domains/emi-pulse.fr/nodejs/node_modules/sequelize/lib/dialects/mysql/query.js:52:25)\n    at /home/u985847002/domains/emi-pulse.fr/nodejs/node_modules/sequelize/lib/sequelize.js:315:28\n    at process.processTicksAndRejections (node:internal/process/task_queues:105:5)\n    at async MySQLQueryInterface.select (/home/u985847002/domains/emi-pulse.fr/nodejs/node_modules/sequelize/lib/dialects/abstract/query-interface.js:407:12)\n    at async Article.findAll (/home/u985847002/domains/emi-pulse.fr/nodejs/node_modules/sequelize/lib/model.js:1140:21)\n    at async generateSitemap (file:///home/u985847002/domains/emi-pulse.fr/nodejs/controllers/sitemap-rss-controller.js:11:22)"}
{"timestamp":"2026-05-05T09:10:08.122Z","level":"LOG","message":"[REQ] GET / | user:guest | ip:2a02:4780:8:8::2"}
{"timestamp":"2026-05-05T09:29:20.306Z","level":"LOG","message":"[REQ] GET / | user:guest | ip:2a02:4780:27:c::2"}
{"timestamp":"2026-05-05T11:26:44.632Z","level":"LOG","message":"[dotenv@17.2.1] injecting env (32) from .env.production -- tip: 🔐 prevent building .env in docker: https://dotenvx.com/prebuild"}
{"timestamp":"2026-05-05T11:26:44.864Z","level":"LOG","message":"[dotenv@17.2.1] injecting env (0) from .env -- tip: 📡 observe env with Radar: https://dotenvx.com/radar"}
{"timestamp":"2026-05-05T11:26:44.919Z","level":"LOG","message":"[dotenv@17.2.1] injecting env (0) from .env.production -- tip: ⚙️  write to custom object with { processEnv: myObject }"}
{"timestamp":"2026-05-05T11:26:44.976Z","level":"LOG","message":"🚀 http://localhost:3000"}
{"timestamp":"2026-05-05T11:26:44.997Z","level":"LOG","message":"[REQ] GET /sitemap.xml | user:guest | ip:2a02:4780:1:2::2"}
{"timestamp":"2026-05-05T11:26:45.027Z","level":"LOG","message":"✅ Connexion à la base réussie !"}
{"timestamp":"2026-05-05T11:26:45.033Z","level":"ERROR","message":"Sitemap error: Error\n    at Query.run (/home/u985847002/domains/emi-pulse.fr/nodejs/node_modules/sequelize/lib/dialects/mysql/query.js:52:25)\n    at /home/u985847002/domains/emi-pulse.fr/nodejs/node_modules/sequelize/lib/sequelize.js:315:28\n    at process.processTicksAndRejections (node:internal/process/task_queues:105:5)\n    at async MySQLQueryInterface.select (/home/u985847002/domains/emi-pulse.fr/nodejs/node_modules/sequelize/lib/dialects/abstract/query-interface.js:407:12)\n    at async Article.findAll (/home/u985847002/domains/emi-pulse.fr/nodejs/node_modules/sequelize/lib/model.js:1140:21)\n    at async generateSitemap (file:///home/u985847002/domains/emi-pulse.fr/nodejs/controllers/sitemap-rss-controller.js:11:22)"}
{"timestamp":"2026-05-05T11:26:45.052Z","level":"LOG","message":"Sample hash: $argon2id$v=19$m=65536,t=3,p=4$V1rXjQXfkRYwlUgRldeqBw$5D4DupzQ4zzcLa0Bw8qoCLOe3pZygogC7LAyKuD3cfE"}
{"timestamp":"2026-05-05T11:26:45.182Z","level":"LOG","message":"✅ Email service configuré et prêt"}
{"timestamp":"2026-05-05T11:53:53.500Z","level":"LOG","message":"[dotenv@17.2.1] injecting env (32) from .env.production -- tip: 📡 observe env with Radar: https://dotenvx.com/radar"}
{"timestamp":"2026-05-05T11:53:53.706Z","level":"LOG","message":"[dotenv@17.2.1] injecting env (0) from .env -- tip: 🔐 encrypt with Dotenvx: https://dotenvx.com"}
{"timestamp":"2026-05-05T11:53:53.766Z","level":"LOG","message":"[dotenv@17.2.1] injecting env (0) from .env.production -- tip: ⚙️  enable debug logging with { debug: true }"}
{"timestamp":"2026-05-05T11:53:53.821Z","level":"LOG","message":"🚀 http://localhost:3000"}
{"timestamp":"2026-05-05T11:53:53.843Z","level":"LOG","message":"[REQ] GET / | user:guest | ip:2a02:4780:2c:f::2"}
{"timestamp":"2026-05-05T11:53:53.871Z","level":"LOG","message":"✅ Connexion à la base réussie !"}
{"timestamp":"2026-05-05T11:53:53.901Z","level":"LOG","message":"Sample hash: $argon2id$v=19$m=65536,t=3,p=4$Tq0PLdNzOyeFIufho/34Tg$KGvpau9Ni6uH9jomq9m3IUK0xtAzbbRcIvWVQBtP6+Q"}
{"timestamp":"2026-05-05T11:53:53.991Z","level":"LOG","message":"✅ Email service configuré et prêt"}
{"timestamp":"2026-05-05T12:12:29.945Z","level":"LOG","message":"[REQ] GET /sitemap.xml | user:guest | ip:2a02:4780:1:28::3"}
{"timestamp":"2026-05-05T12:12:29.953Z","level":"ERROR","message":"Sitemap error: Error\n    at Query.run (/home/u985847002/domains/emi-pulse.fr/nodejs/node_modules/sequelize/lib/dialects/mysql/query.js:52:25)\n    at /home/u985847002/domains/emi-pulse.fr/nodejs/node_modules/sequelize/lib/sequelize.js:315:28\n    at process.processTicksAndRejections (node:internal/process/task_queues:105:5)\n    at async MySQLQueryInterface.select (/home/u985847002/domains/emi-pulse.fr/nodejs/node_modules/sequelize/lib/dialects/abstract/query-interface.js:407:12)\n    at async Article.findAll (/home/u985847002/domains/emi-pulse.fr/nodejs/node_modules/sequelize/lib/model.js:1140:21)\n    at async generateSitemap (file:///home/u985847002/domains/emi-pulse.fr/nodejs/controllers/sitemap-rss-controller.js:11:22)"}
{"timestamp":"2026-05-05T14:21:51.572Z","level":"LOG","message":"[dotenv@17.2.1] injecting env (32) from .env.production -- tip: ⚙️  load multiple .env files with { path: ['.env.local', '.env'] }"}
{"timestamp":"2026-05-05T14:21:51.796Z","level":"LOG","message":"[dotenv@17.2.1] injecting env (0) from .env -- tip: ⚙️  specify custom .env file path with { path: '/custom/path/.env' }"}
{"timestamp":"2026-05-05T14:21:51.862Z","level":"LOG","message":"[dotenv@17.2.1] injecting env (0) from .env.production -- tip: 🛠️  run anywhere with `dotenvx run -- yourcommand`"}
{"timestamp":"2026-05-05T14:21:51.921Z","level":"LOG","message":"🚀 http://localhost:3000"}
{"timestamp":"2026-05-05T14:21:51.945Z","level":"LOG","message":"[REQ] GET /sitemap.xml | user:guest | ip:2a02:4780:1:2::2"}
{"timestamp":"2026-05-05T14:21:51.985Z","level":"LOG","message":"✅ Connexion à la base réussie !"}
{"timestamp":"2026-05-05T14:21:51.991Z","level":"ERROR","message":"Sitemap error: Error\n    at Query.run (/home/u985847002/domains/emi-pulse.fr/nodejs/node_modules/sequelize/lib/dialects/mysql/query.js:52:25)\n    at /home/u985847002/domains/emi-pulse.fr/nodejs/node_modules/sequelize/lib/sequelize.js:315:28\n    at process.processTicksAndRejections (node:internal/process/task_queues:105:5)\n    at async MySQLQueryInterface.select (/home/u985847002/domains/emi-pulse.fr/nodejs/node_modules/sequelize/lib/dialects/abstract/query-interface.js:407:12)\n    at async Article.findAll (/home/u985847002/domains/emi-pulse.fr/nodejs/node_modules/sequelize/lib/model.js:1140:21)\n    at async generateSitemap (file:///home/u985847002/domains/emi-pulse.fr/nodejs/controllers/sitemap-rss-controller.js:11:22)"}
{"timestamp":"2026-05-05T14:21:52.002Z","level":"LOG","message":"Sample hash: $argon2id$v=19$m=65536,t=3,p=4$kxU7WDAfUOd6b0vK/f0xpw$wVdU89KkmMdffEvSfYD5RuUgqIoT6M6EPVVMd6qbR5E"}
{"timestamp":"2026-05-05T14:21:52.122Z","level":"LOG","message":"✅ Email service configuré et prêt"}
{"timestamp":"2026-05-05T14:53:02.568Z","level":"LOG","message":"[REQ] GET / | user:guest | ip:2a02:6ea0:d314::2"}
{"timestamp":"2026-05-05T14:53:03.691Z","level":"LOG","message":"[REQ] GET /secrets.json | user:guest | ip:2a02:6ea0:d314::2"}
{"timestamp":"2026-05-05T14:53:03.974Z","level":"LOG","message":"[REQ] GET / | user:guest | ip:2a02:6ea0:d314::2"}
{"timestamp":"2026-05-05T14:53:04.095Z","level":"LOG","message":"[REQ] GET /.env | user:guest | ip:2a02:6ea0:d314::2"}
{"timestamp":"2026-05-05T14:53:04.559Z","level":"LOG","message":"[REQ] GET /api/.env | user:guest | ip:2a02:6ea0:d314::1"}
{"timestamp":"2026-05-05T14:53:04.567Z","level":"LOG","message":"[REQ] GET /app/.env | user:guest | ip:2a02:6ea0:d314::2"}
{"timestamp":"2026-05-05T14:53:04.569Z","level":"LOG","message":"[REQ] GET /.aws/credentials | user:guest | ip:2a02:6ea0:d314::2"}
{"timestamp":"2026-05-05T14:53:04.571Z","level":"LOG","message":"[REQ] GET /.env.local | user:guest | ip:2a02:6ea0:d314::2"}
{"timestamp":"2026-05-05T14:53:04.574Z","level":"LOG","message":"[REQ] GET /credentials.json | user:guest | ip:2a02:6ea0:d314::2"}
{"timestamp":"2026-05-05T14:53:04.577Z","level":"LOG","message":"[REQ] GET /backend/.env | user:guest | ip:2a02:6ea0:d314::2"}
{"timestamp":"2026-05-05T14:53:04.579Z","level":"LOG","message":"[REQ] GET /serviceAccountKey.json | user:guest | ip:2a02:6ea0:d314::2"}
{"timestamp":"2026-05-05T14:53:04.580Z","level":"LOG","message":"[REQ] GET /.env.production | user:guest | ip:2a02:6ea0:d314::2"}
{"timestamp":"2026-05-05T14:53:05.141Z","level":"LOG","message":"[REQ] GET / | user:guest | ip:2a02:6ea0:d314::2"}
{"timestamp":"2026-05-05T14:53:05.598Z","level":"LOG","message":"[REQ] GET /config/production.json | user:guest | ip:2a02:6ea0:d314::2"}
{"timestamp":"2026-05-05T14:53:05.675Z","level":"LOG","message":"[REQ] GET /.npmrc | user:guest | ip:2a02:6ea0:d314::2"}
{"timestamp":"2026-05-05T14:53:05.684Z","level":"LOG","message":"[REQ] GET /node_modules/.env | user:guest | ip:2a02:6ea0:d314::1"}
{"timestamp":"2026-05-05T14:53:05.686Z","level":"LOG","message":"[REQ] GET /package.json | user:guest | ip:2a02:6ea0:d314::2"}
{"timestamp":"2026-05-05T14:53:06.515Z","level":"LOG","message":"[REQ] GET /config/default.json | user:guest | ip:2a02:6ea0:d314::2"}
{"timestamp":"2026-05-05T14:53:07.430Z","level":"LOG","message":"[REQ] GET / | user:guest | ip:2a02:6ea0:d314::2"}
{"timestamp":"2026-05-05T14:55:41.864Z","level":"LOG","message":"[dotenv@17.2.1] injecting env (32) from .env.production -- tip: 🛠️  run anywhere with `dotenvx run -- yourcommand`"}
{"timestamp":"2026-05-05T14:55:42.035Z","level":"LOG","message":"[dotenv@17.2.1] injecting env (0) from .env -- tip: 🔐 encrypt with Dotenvx: https://dotenvx.com"}
{"timestamp":"2026-05-05T14:55:42.085Z","level":"LOG","message":"[dotenv@17.2.1] injecting env (0) from .env.production -- tip: ⚙️  override existing env vars with { override: true }"}
{"timestamp":"2026-05-05T14:55:42.132Z","level":"LOG","message":"🚀 http://localhost:3000"}
{"timestamp":"2026-05-05T14:55:42.153Z","level":"LOG","message":"[REQ] GET /sitemap.xml | user:guest | ip:2a02:4780:1:28::3"}
{"timestamp":"2026-05-05T14:55:42.189Z","level":"LOG","message":"✅ Connexion à la base réussie !"}
{"timestamp":"2026-05-05T14:55:42.195Z","level":"ERROR","message":"Sitemap error: Error\n    at Query.run (/home/u985847002/domains/emi-pulse.fr/nodejs/node_modules/sequelize/lib/dialects/mysql/query.js:52:25)\n    at /home/u985847002/domains/emi-pulse.fr/nodejs/node_modules/sequelize/lib/sequelize.js:315:28\n    at process.processTicksAndRejections (node:internal/process/task_queues:105:5)\n    at async MySQLQueryInterface.select (/home/u985847002/domains/emi-pulse.fr/nodejs/node_modules/sequelize/lib/dialects/abstract/query-interface.js:407:12)\n    at async Article.findAll (/home/u985847002/domains/emi-pulse.fr/nodejs/node_modules/sequelize/lib/model.js:1140:21)\n    at async generateSitemap (file:///home/u985847002/domains/emi-pulse.fr/nodejs/controllers/sitemap-rss-controller.js:11:22)"}
{"timestamp":"2026-05-05T14:55:42.210Z","level":"LOG","message":"Sample hash: $argon2id$v=19$m=65536,t=3,p=4$fuvuX/lpzcBRaEkkiKXCRA$HvauUVx+4F6lsdv/GHQToecI5xzcmhWc4cuHPfORfyY"}
{"timestamp":"2026-05-05T14:55:42.322Z","level":"LOG","message":"✅ Email service configuré et prêt"}
{"timestamp":"2026-05-05T16:52:15.603Z","level":"LOG","message":"[dotenv@17.2.1] injecting env (32) from .env.production -- tip: 📡 auto-backup env with Radar: https://dotenvx.com/radar"}
{"timestamp":"2026-05-05T16:52:15.678Z","level":"LOG","message":"[dotenv@17.2.1] injecting env (32) from .env.production -- tip: ⚙️  suppress all logs with { quiet: true }"}
{"timestamp":"2026-05-05T16:52:15.821Z","level":"LOG","message":"[dotenv@17.2.1] injecting env (0) from .env -- tip: ⚙️  override existing env vars with { override: true }"}
{"timestamp":"2026-05-05T16:52:15.867Z","level":"LOG","message":"[dotenv@17.2.1] injecting env (0) from .env -- tip: 📡 observe env with Radar: https://dotenvx.com/radar"}
{"timestamp":"2026-05-05T16:52:15.881Z","level":"LOG","message":"[dotenv@17.2.1] injecting env (0) from .env.production -- tip: ⚙️  enable debug logging with { debug: true }"}
{"timestamp":"2026-05-05T16:52:15.913Z","level":"LOG","message":"[dotenv@17.2.1] injecting env (0) from .env.production -- tip: ⚙️  specify custom .env file path with { path: '/custom/path/.env' }"}
{"timestamp":"2026-05-05T16:52:15.937Z","level":"LOG","message":"🚀 http://localhost:3000"}
{"timestamp":"2026-05-05T16:52:15.959Z","level":"LOG","message":"🚀 http://localhost:3000"}
{"timestamp":"2026-05-05T16:52:15.961Z","level":"LOG","message":"[REQ] GET / | user:guest | ip:2a02:4780:2c:d::4"}
{"timestamp":"2026-05-05T16:52:15.981Z","level":"LOG","message":"[REQ] GET / | user:guest | ip:2a02:4780:2c:f::2"}
{"timestamp":"2026-05-05T16:52:16.048Z","level":"LOG","message":"✅ Connexion à la base réussie !"}
{"timestamp":"2026-05-05T16:52:16.073Z","level":"LOG","message":"✅ Connexion à la base réussie !"}
{"timestamp":"2026-05-05T16:52:16.077Z","level":"LOG","message":"Sample hash: $argon2id$v=19$m=65536,t=3,p=4$8d8twgGHmvS/GcjmLCwiqg$/FMkGLmiKYTfoqynXSt3gFcx2Hh3KcJhQ+ZGD3e2o2A"}
{"timestamp":"2026-05-05T16:52:16.150Z","level":"LOG","message":"Sample hash: $argon2id$v=19$m=65536,t=3,p=4$Ffr2Kv9Z9MM2UoBYfWDZ9g$/0+lP0Id4m9wCCcW9EPjyCSHJIJY5CY9k7sk4hL9vO4"}
{"timestamp":"2026-05-05T16:52:16.180Z","level":"LOG","message":"✅ Email service configuré et prêt"}
{"timestamp":"2026-05-05T16:52:16.208Z","level":"LOG","message":"✅ Email service configuré et prêt"}
{"timestamp":"2026-05-05T17:14:16.748Z","level":"LOG","message":"[REQ] GET /sitemap.xml | user:guest | ip:2a02:4780:1:22::3"}
{"timestamp":"2026-05-05T17:14:16.755Z","level":"ERROR","message":"Sitemap error: Error\n    at Query.run (/home/u985847002/domains/emi-pulse.fr/nodejs/node_modules/sequelize/lib/dialects/mysql/query.js:52:25)\n    at /home/u985847002/domains/emi-pulse.fr/nodejs/node_modules/sequelize/lib/sequelize.js:315:28\n    at process.processTicksAndRejections (node:internal/process/task_queues:105:5)\n    at async MySQLQueryInterface.select (/home/u985847002/domains/emi-pulse.fr/nodejs/node_modules/sequelize/lib/dialects/abstract/query-interface.js:407:12)\n    at async Article.findAll (/home/u985847002/domains/emi-pulse.fr/nodejs/node_modules/sequelize/lib/model.js:1140:21)\n    at async generateSitemap (file:///home/u985847002/domains/emi-pulse.fr/nodejs/controllers/sitemap-rss-controller.js:11:22)"}
{"timestamp":"2026-05-05T18:58:50.134Z","level":"LOG","message":"[dotenv@17.2.1] injecting env (32) from .env.production -- tip: 📡 auto-backup env with Radar: https://dotenvx.com/radar"}
{"timestamp":"2026-05-05T18:58:50.361Z","level":"LOG","message":"[dotenv@17.2.1] injecting env (0) from .env -- tip: 🔐 prevent committing .env to code: https://dotenvx.com/precommit"}
{"timestamp":"2026-05-05T18:58:50.425Z","level":"LOG","message":"[dotenv@17.2.1] injecting env (0) from .env.production -- tip: 🔐 prevent building .env in docker: https://dotenvx.com/prebuild"}
{"timestamp":"2026-05-05T18:58:50.491Z","level":"LOG","message":"🚀 http://localhost:3000"}
{"timestamp":"2026-05-05T18:58:50.523Z","level":"LOG","message":"[REQ] GET /sitemap.xml | user:guest | ip:2a02:4780:1:25::2"}
{"timestamp":"2026-05-05T18:58:50.562Z","level":"LOG","message":"✅ Connexion à la base réussie !"}
{"timestamp":"2026-05-05T18:58:50.568Z","level":"ERROR","message":"Sitemap error: Error\n    at Query.run (/home/u985847002/domains/emi-pulse.fr/nodejs/node_modules/sequelize/lib/dialects/mysql/query.js:52:25)\n    at /home/u985847002/domains/emi-pulse.fr/nodejs/node_modules/sequelize/lib/sequelize.js:315:28\n    at process.processTicksAndRejections (node:internal/process/task_queues:105:5)\n    at async MySQLQueryInterface.select (/home/u985847002/domains/emi-pulse.fr/nodejs/node_modules/sequelize/lib/dialects/abstract/query-interface.js:407:12)\n    at async Article.findAll (/home/u985847002/domains/emi-pulse.fr/nodejs/node_modules/sequelize/lib/model.js:1140:21)\n    at async generateSitemap (file:///home/u985847002/domains/emi-pulse.fr/nodejs/controllers/sitemap-rss-controller.js:11:22)"}
{"timestamp":"2026-05-05T18:58:50.574Z","level":"LOG","message":"Sample hash: $argon2id$v=19$m=65536,t=3,p=4$N7rqSvveTHPfFoHGwHN5dg$+2GTO2YYxpJXsuWj+IoJhW1bkCbGF+1LyJ6BN6pVgsE"}
{"timestamp":"2026-05-05T18:58:50.693Z","level":"LOG","message":"✅ Email service configuré et prêt"}
{"timestamp":"2026-05-05T19:23:17.804Z","level":"LOG","message":"[dotenv@17.2.1] injecting env (32) from .env.production -- tip: 📡 auto-backup env with Radar: https://dotenvx.com/radar"}
{"timestamp":"2026-05-05T19:23:17.998Z","level":"LOG","message":"[dotenv@17.2.1] injecting env (0) from .env -- tip: ⚙️  enable debug logging with { debug: true }"}
{"timestamp":"2026-05-05T19:23:18.044Z","level":"LOG","message":"[dotenv@17.2.1] injecting env (0) from .env.production -- tip: 📡 observe env with Radar: https://dotenvx.com/radar"}
{"timestamp":"2026-05-05T19:23:18.096Z","level":"LOG","message":"🚀 http://localhost:3000"}
{"timestamp":"2026-05-05T19:23:18.116Z","level":"LOG","message":"[REQ] GET / | user:guest | ip:2a02:4780:8:9::3"}
{"timestamp":"2026-05-05T19:23:18.144Z","level":"LOG","message":"✅ Connexion à la base réussie !"}
{"timestamp":"2026-05-05T19:23:18.174Z","level":"LOG","message":"Sample hash: $argon2id$v=19$m=65536,t=3,p=4$5ZED2PtPsINqv54r4D9bqw$LulfN+OIEkoiboWLF6mzNXumA1WvwDbB5m+COjV7jPA"}
{"timestamp":"2026-05-05T19:23:18.290Z","level":"LOG","message":"✅ Email service configuré et prêt"}
{"timestamp":"2026-05-05T20:04:08.275Z","level":"LOG","message":"[REQ] GET /sitemap.xml | user:guest | ip:2a02:4780:1:25::2"}
{"timestamp":"2026-05-05T20:04:08.457Z","level":"ERROR","message":"Sitemap error: Error\n    at Query.run (/home/u985847002/domains/emi-pulse.fr/nodejs/node_modules/sequelize/lib/dialects/mysql/query.js:52:25)\n    at /home/u985847002/domains/emi-pulse.fr/nodejs/node_modules/sequelize/lib/sequelize.js:315:28\n    at process.processTicksAndRejections (node:internal/process/task_queues:105:5)\n    at async MySQLQueryInterface.select (/home/u985847002/domains/emi-pulse.fr/nodejs/node_modules/sequelize/lib/dialects/abstract/query-interface.js:407:12)\n    at async Article.findAll (/home/u985847002/domains/emi-pulse.fr/nodejs/node_modules/sequelize/lib/model.js:1140:21)\n    at async generateSitemap (file:///home/u985847002/domains/emi-pulse.fr/nodejs/controllers/sitemap-rss-controller.js:11:22)"}
{"timestamp":"2026-05-05T21:16:58.228Z","level":"LOG","message":"[dotenv@17.2.1] injecting env (32) from .env.production -- tip: 📡 observe env with Radar: https://dotenvx.com/radar"}
{"timestamp":"2026-05-05T21:16:58.428Z","level":"LOG","message":"[dotenv@17.2.1] injecting env (0) from .env -- tip: ⚙️  override existing env vars with { override: true }"}
{"timestamp":"2026-05-05T21:16:58.483Z","level":"LOG","message":"[dotenv@17.2.1] injecting env (0) from .env.production -- tip: 🔐 encrypt with Dotenvx: https://dotenvx.com"}
{"timestamp":"2026-05-05T21:16:58.537Z","level":"LOG","message":"🚀 http://localhost:3000"}
{"timestamp":"2026-05-05T21:16:58.558Z","level":"LOG","message":"[REQ] GET /sitemap.xml | user:guest | ip:2a02:4780:1:22::3"}
{"timestamp":"2026-05-05T21:16:58.585Z","level":"LOG","message":"✅ Connexion à la base réussie !"}
{"timestamp":"2026-05-05T21:16:58.590Z","level":"ERROR","message":"Sitemap error: Error\n    at Query.run (/home/u985847002/domains/emi-pulse.fr/nodejs/node_modules/sequelize/lib/dialects/mysql/query.js:52:25)\n    at /home/u985847002/domains/emi-pulse.fr/nodejs/node_modules/sequelize/lib/sequelize.js:315:28\n    at process.processTicksAndRejections (node:internal/process/task_queues:105:5)\n    at async MySQLQueryInterface.select (/home/u985847002/domains/emi-pulse.fr/nodejs/node_modules/sequelize/lib/dialects/abstract/query-interface.js:407:12)\n    at async Article.findAll (/home/u985847002/domains/emi-pulse.fr/nodejs/node_modules/sequelize/lib/model.js:1140:21)\n    at async generateSitemap (file:///home/u985847002/domains/emi-pulse.fr/nodejs/controllers/sitemap-rss-controller.js:11:22)"}
{"timestamp":"2026-05-05T21:16:58.620Z","level":"LOG","message":"Sample hash: $argon2id$v=19$m=65536,t=3,p=4$JzmjFZBJ+jXodxP7WWqWcw$EFxAWM44uaTd1jCsfgU7pdjRttl6/ViwiG/dXZ1aDb8"}
{"timestamp":"2026-05-05T21:16:58.718Z","level":"LOG","message":"✅ Email service configuré et prêt"}
{"timestamp":"2026-05-05T22:16:49.871Z","level":"LOG","message":"[REQ] GET /sitemap.xml | user:guest | ip:2a02:4780:1:28::3"}
{"timestamp":"2026-05-05T22:16:49.877Z","level":"ERROR","message":"Sitemap error: Error\n    at Query.run (/home/u985847002/domains/emi-pulse.fr/nodejs/node_modules/sequelize/lib/dialects/mysql/query.js:52:25)\n    at /home/u985847002/domains/emi-pulse.fr/nodejs/node_modules/sequelize/lib/sequelize.js:315:28\n    at process.processTicksAndRejections (node:internal/process/task_queues:105:5)\n    at async MySQLQueryInterface.select (/home/u985847002/domains/emi-pulse.fr/nodejs/node_modules/sequelize/lib/dialects/abstract/query-interface.js:407:12)\n    at async Article.findAll (/home/u985847002/domains/emi-pulse.fr/nodejs/node_modules/sequelize/lib/model.js:1140:21)\n    at async generateSitemap (file:///home/u985847002/domains/emi-pulse.fr/nodejs/controllers/sitemap-rss-controller.js:11:22)"}
{"timestamp":"2026-05-05T23:26:28.013Z","level":"LOG","message":"[dotenv@17.2.1] injecting env (32) from .env.production -- tip: 📡 version env with Radar: https://dotenvx.com/radar"}
{"timestamp":"2026-05-05T23:26:28.235Z","level":"LOG","message":"[dotenv@17.2.1] injecting env (0) from .env -- tip: ⚙️  enable debug logging with { debug: true }"}
{"timestamp":"2026-05-05T23:26:28.297Z","level":"LOG","message":"[dotenv@17.2.1] injecting env (0) from .env.production -- tip: 🔐 encrypt with Dotenvx: https://dotenvx.com"}
{"timestamp":"2026-05-05T23:26:28.356Z","level":"LOG","message":"🚀 http://localhost:3000"}
{"timestamp":"2026-05-05T23:26:28.378Z","level":"LOG","message":"[REQ] GET /sitemap.xml | user:guest | ip:2a02:4780:1:22::3"}
{"timestamp":"2026-05-05T23:26:28.408Z","level":"LOG","message":"✅ Connexion à la base réussie !"}
{"timestamp":"2026-05-05T23:26:28.413Z","level":"ERROR","message":"Sitemap error: Error\n    at Query.run (/home/u985847002/domains/emi-pulse.fr/nodejs/node_modules/sequelize/lib/dialects/mysql/query.js:52:25)\n    at /home/u985847002/domains/emi-pulse.fr/nodejs/node_modules/sequelize/lib/sequelize.js:315:28\n    at process.processTicksAndRejections (node:internal/process/task_queues:105:5)\n    at async MySQLQueryInterface.select (/home/u985847002/domains/emi-pulse.fr/nodejs/node_modules/sequelize/lib/dialects/abstract/query-interface.js:407:12)\n    at async Article.findAll (/home/u985847002/domains/emi-pulse.fr/nodejs/node_modules/sequelize/lib/model.js:1140:21)\n    at async generateSitemap (file:///home/u985847002/domains/emi-pulse.fr/nodejs/controllers/sitemap-rss-controller.js:11:22)"}
{"timestamp":"2026-05-05T23:26:28.439Z","level":"LOG","message":"Sample hash: $argon2id$v=19$m=65536,t=3,p=4$JkBouOWPYPF544w+s0wKuw$OMQyUf/1PW7MicCV5dA9Y51f2eiUcvMRAZFsbirU9UY"}
{"timestamp":"2026-05-05T23:26:28.580Z","level":"LOG","message":"✅ Email service configuré et prêt"}
{"timestamp":"2026-05-06T00:00:24.095Z","level":"LOG","message":"[dotenv@17.2.1] injecting env (32) from .env.production -- tip: 🔐 encrypt with Dotenvx: https://dotenvx.com"}
{"timestamp":"2026-05-06T00:00:24.267Z","level":"LOG","message":"[dotenv@17.2.1] injecting env (0) from .env -- tip: ⚙️  write to custom object with { processEnv: myObject }"}
{"timestamp":"2026-05-06T00:00:24.311Z","level":"LOG","message":"[dotenv@17.2.1] injecting env (0) from .env.production -- tip: 🔐 prevent building .env in docker: https://dotenvx.com/prebuild"}
{"timestamp":"2026-05-06T00:00:24.358Z","level":"LOG","message":"🚀 http://localhost:3000"}
{"timestamp":"2026-05-06T00:00:24.377Z","level":"LOG","message":"[REQ] GET /sitemap.xml | user:guest | ip:2a02:4780:1:28::3"}
{"timestamp":"2026-05-06T00:00:24.420Z","level":"LOG","message":"✅ Connexion à la base réussie !"}
{"timestamp":"2026-05-06T00:00:24.425Z","level":"ERROR","message":"Sitemap error: Error\n    at Query.run (/home/u985847002/domains/emi-pulse.fr/nodejs/node_modules/sequelize/lib/dialects/mysql/query.js:52:25)\n    at /home/u985847002/domains/emi-pulse.fr/nodejs/node_modules/sequelize/lib/sequelize.js:315:28\n    at process.processTicksAndRejections (node:internal/process/task_queues:105:5)\n    at async MySQLQueryInterface.select (/home/u985847002/domains/emi-pulse.fr/nodejs/node_modules/sequelize/lib/dialects/abstract/query-interface.js:407:12)\n    at async Article.findAll (/home/u985847002/domains/emi-pulse.fr/nodejs/node_modules/sequelize/lib/model.js:1140:21)\n    at async generateSitemap (file:///home/u985847002/domains/emi-pulse.fr/nodejs/controllers/sitemap-rss-controller.js:11:22)"}
{"timestamp":"2026-05-06T00:00:24.438Z","level":"LOG","message":"Sample hash: $argon2id$v=19$m=65536,t=3,p=4$5Ex4aHCGj5EZ0CTKBJNOCQ$tZg8KyFoX+CLX6fWHIojnDAoXDj8WKkFtk63wHmdasQ"}
{"timestamp":"2026-05-06T00:00:24.536Z","level":"LOG","message":"✅ Email service configuré et prêt"}
{"timestamp":"2026-05-06T00:44:40.818Z","level":"LOG","message":"[dotenv@17.2.1] injecting env (32) from .env.production -- tip: ⚙️  enable debug logging with { debug: true }"}
{"timestamp":"2026-05-06T00:44:41.020Z","level":"LOG","message":"[dotenv@17.2.1] injecting env (0) from .env -- tip: 📡 version env with Radar: https://dotenvx.com/radar"}
{"timestamp":"2026-05-06T00:44:41.077Z","level":"LOG","message":"[dotenv@17.2.1] injecting env (0) from .env.production -- tip: 📡 auto-backup env with Radar: https://dotenvx.com/radar"}
{"timestamp":"2026-05-06T00:44:41.131Z","level":"LOG","message":"🚀 http://localhost:3000"}
{"timestamp":"2026-05-06T00:44:41.155Z","level":"LOG","message":"[REQ] GET / | user:guest | ip:2a02:4780:40:9::2"}
{"timestamp":"2026-05-06T00:44:41.212Z","level":"LOG","message":"Sample hash: $argon2id$v=19$m=65536,t=3,p=4$3brvyoTVZvwKjoIsIrC7PQ$FaItYpnpbtfhKTqkwIYvobMf7IHTutxNRlwLrnkCpMw"}
{"timestamp":"2026-05-06T00:44:41.266Z","level":"LOG","message":"✅ Connexion à la base réussie !"}
{"timestamp":"2026-05-06T00:44:41.333Z","level":"LOG","message":"✅ Email service configuré et prêt"}
{"timestamp":"2026-05-06T01:43:01.920Z","level":"LOG","message":"[REQ] GET /sitemap.xml | user:guest | ip:2a02:4780:1:22::3"}
{"timestamp":"2026-05-06T01:43:01.927Z","level":"ERROR","message":"Sitemap error: Error\n    at Query.run (/home/u985847002/domains/emi-pulse.fr/nodejs/node_modules/sequelize/lib/dialects/mysql/query.js:52:25)\n    at /home/u985847002/domains/emi-pulse.fr/nodejs/node_modules/sequelize/lib/sequelize.js:315:28\n    at process.processTicksAndRejections (node:internal/process/task_queues:105:5)\n    at async MySQLQueryInterface.select (/home/u985847002/domains/emi-pulse.fr/nodejs/node_modules/sequelize/lib/dialects/abstract/query-interface.js:407:12)\n    at async Article.findAll (/home/u985847002/domains/emi-pulse.fr/nodejs/node_modules/sequelize/lib/model.js:1140:21)\n    at async generateSitemap (file:///home/u985847002/domains/emi-pulse.fr/nodejs/controllers/sitemap-rss-controller.js:11:22)"}
{"timestamp":"2026-05-06T02:44:35.523Z","level":"LOG","message":"[dotenv@17.2.1] injecting env (32) from .env.production -- tip: ⚙️  override existing env vars with { override: true }"}
{"timestamp":"2026-05-06T02:44:35.721Z","level":"LOG","message":"[dotenv@17.2.1] injecting env (0) from .env -- tip: 🔐 encrypt with Dotenvx: https://dotenvx.com"}
{"timestamp":"2026-05-06T02:44:35.775Z","level":"LOG","message":"[dotenv@17.2.1] injecting env (0) from .env.production -- tip: 🔐 encrypt with Dotenvx: https://dotenvx.com"}
{"timestamp":"2026-05-06T02:44:35.830Z","level":"LOG","message":"🚀 http://localhost:3000"}
{"timestamp":"2026-05-06T02:44:35.850Z","level":"LOG","message":"[REQ] GET /sitemap.xml | user:guest | ip:2a02:4780:1:22::3"}
{"timestamp":"2026-05-06T02:44:35.880Z","level":"LOG","message":"✅ Connexion à la base réussie !"}
{"timestamp":"2026-05-06T02:44:35.884Z","level":"ERROR","message":"Sitemap error: Error\n    at Query.run (/home/u985847002/domains/emi-pulse.fr/nodejs/node_modules/sequelize/lib/dialects/mysql/query.js:52:25)\n    at /home/u985847002/domains/emi-pulse.fr/nodejs/node_modules/sequelize/lib/sequelize.js:315:28\n    at process.processTicksAndRejections (node:internal/process/task_queues:105:5)\n    at async MySQLQueryInterface.select (/home/u985847002/domains/emi-pulse.fr/nodejs/node_modules/sequelize/lib/dialects/abstract/query-interface.js:407:12)\n    at async Article.findAll (/home/u985847002/domains/emi-pulse.fr/nodejs/node_modules/sequelize/lib/model.js:1140:21)\n    at async generateSitemap (file:///home/u985847002/domains/emi-pulse.fr/nodejs/controllers/sitemap-rss-controller.js:11:22)"}
{"timestamp":"2026-05-06T02:44:35.912Z","level":"LOG","message":"Sample hash: $argon2id$v=19$m=65536,t=3,p=4$tXoVpCh4zxLo7gkMQD+VLg$f84Q+c0PTmTrpSakB71I2gePIdK/DkdWVWJ4n2Eep3E"}
{"timestamp":"2026-05-06T02:44:36.015Z","level":"LOG","message":"✅ Email service configuré et prêt"}
{"timestamp":"2026-05-06T03:43:31.746Z","level":"LOG","message":"[dotenv@17.2.1] injecting env (32) from .env.production -- tip: 🛠️  run anywhere with `dotenvx run -- yourcommand`"}
{"timestamp":"2026-05-06T03:43:31.956Z","level":"LOG","message":"[dotenv@17.2.1] injecting env (0) from .env -- tip: 🛠️  run anywhere with `dotenvx run -- yourcommand`"}
{"timestamp":"2026-05-06T03:43:32.011Z","level":"LOG","message":"[dotenv@17.2.1] injecting env (0) from .env.production -- tip: 🔐 prevent building .env in docker: https://dotenvx.com/prebuild"}
{"timestamp":"2026-05-06T03:43:32.066Z","level":"LOG","message":"🚀 http://localhost:3000"}
{"timestamp":"2026-05-06T03:43:32.086Z","level":"LOG","message":"[REQ] GET /sitemap.xml | user:guest | ip:2a02:4780:1:2::2"}
{"timestamp":"2026-05-06T03:43:32.114Z","level":"LOG","message":"✅ Connexion à la base réussie !"}
{"timestamp":"2026-05-06T03:43:32.119Z","level":"ERROR","message":"Sitemap error: Error\n    at Query.run (/home/u985847002/domains/emi-pulse.fr/nodejs/node_modules/sequelize/lib/dialects/mysql/query.js:52:25)\n    at /home/u985847002/domains/emi-pulse.fr/nodejs/node_modules/sequelize/lib/sequelize.js:315:28\n    at process.processTicksAndRejections (node:internal/process/task_queues:105:5)\n    at async MySQLQueryInterface.select (/home/u985847002/domains/emi-pulse.fr/nodejs/node_modules/sequelize/lib/dialects/abstract/query-interface.js:407:12)\n    at async Article.findAll (/home/u985847002/domains/emi-pulse.fr/nodejs/node_modules/sequelize/lib/model.js:1140:21)\n    at async generateSitemap (file:///home/u985847002/domains/emi-pulse.fr/nodejs/controllers/sitemap-rss-controller.js:11:22)"}
{"timestamp":"2026-05-06T03:43:32.150Z","level":"LOG","message":"Sample hash: $argon2id$v=19$m=65536,t=3,p=4$ymYsgdNZQzGYZrWIEEFpjA$RRhOc2l3etqCjeHOh5DDJ/3nPrcBKD1kgoPyVsVibLo"}
{"timestamp":"2026-05-06T03:43:32.263Z","level":"LOG","message":"✅ Email service configuré et prêt"}
{"timestamp":"2026-05-06T03:47:08.783Z","level":"LOG","message":"[REQ] GET / | user:guest | ip:2a02:4780:8:8::2"}
{"timestamp":"2026-05-06T04:49:48.645Z","level":"LOG","message":"[dotenv@17.2.1] injecting env (32) from .env.production -- tip: ⚙️  write to custom object with { processEnv: myObject }"}
{"timestamp":"2026-05-06T04:49:48.845Z","level":"LOG","message":"[dotenv@17.2.1] injecting env (0) from .env -- tip: ⚙️  load multiple .env files with { path: ['.env.local', '.env'] }"}
{"timestamp":"2026-05-06T04:49:48.900Z","level":"LOG","message":"[dotenv@17.2.1] injecting env (0) from .env.production -- tip: ⚙️  load multiple .env files with { path: ['.env.local', '.env'] }"}
{"timestamp":"2026-05-06T04:49:48.955Z","level":"LOG","message":"🚀 http://localhost:3000"}
{"timestamp":"2026-05-06T04:49:48.976Z","level":"LOG","message":"[REQ] GET /sitemap.xml | user:guest | ip:2a02:4780:1:25::2"}
{"timestamp":"2026-05-06T04:49:49.006Z","level":"LOG","message":"✅ Connexion à la base réussie !"}
{"timestamp":"2026-05-06T04:49:49.011Z","level":"ERROR","message":"Sitemap error: Error\n    at Query.run (/home/u985847002/domains/emi-pulse.fr/nodejs/node_modules/sequelize/lib/dialects/mysql/query.js:52:25)\n    at /home/u985847002/domains/emi-pulse.fr/nodejs/node_modules/sequelize/lib/sequelize.js:315:28\n    at process.processTicksAndRejections (node:internal/process/task_queues:105:5)\n    at async MySQLQueryInterface.select (/home/u985847002/domains/emi-pulse.fr/nodejs/node_modules/sequelize/lib/dialects/abstract/query-interface.js:407:12)\n    at async Article.findAll (/home/u985847002/domains/emi-pulse.fr/nodejs/node_modules/sequelize/lib/model.js:1140:21)\n    at async generateSitemap (file:///home/u985847002/domains/emi-pulse.fr/nodejs/controllers/sitemap-rss-controller.js:11:22)"}
{"timestamp":"2026-05-06T04:49:49.035Z","level":"LOG","message":"Sample hash: $argon2id$v=19$m=65536,t=3,p=4$D2P73aldZs0b1+xmJL7q4w$pBh5a7ASuCAma6XPKCbyUZuS/Hlv8r5jqMcRkYll5Bs"}
{"timestamp":"2026-05-06T04:49:49.146Z","level":"LOG","message":"✅ Email service configuré et prêt"}
{"timestamp":"2026-05-06T05:03:04.526Z","level":"LOG","message":"[dotenv@17.2.1] injecting env (32) from .env.production -- tip: ⚙️  write to custom object with { processEnv: myObject }"}
{"timestamp":"2026-05-06T05:03:04.699Z","level":"LOG","message":"[dotenv@17.2.1] injecting env (0) from .env -- tip: 🔐 prevent committing .env to code: https://dotenvx.com/precommit"}
{"timestamp":"2026-05-06T05:03:04.744Z","level":"LOG","message":"[dotenv@17.2.1] injecting env (0) from .env.production -- tip: 📡 observe env with Radar: https://dotenvx.com/radar"}
{"timestamp":"2026-05-06T05:03:04.790Z","level":"LOG","message":"🚀 http://localhost:3000"}
{"timestamp":"2026-05-06T05:03:04.809Z","level":"LOG","message":"[REQ] GET / | user:guest | ip:2a02:4780:27:a::2"}
{"timestamp":"2026-05-06T05:03:04.836Z","level":"LOG","message":"✅ Connexion à la base réussie !"}
{"timestamp":"2026-05-06T05:03:04.871Z","level":"LOG","message":"Sample hash: $argon2id$v=19$m=65536,t=3,p=4$/j4kBK4ejSxGiv8Cb9/g/w$eprcGeEFK+grBHGY06ym949dOVvOedY9iQzZIIG/d0E"}
{"timestamp":"2026-05-06T05:03:05.012Z","level":"LOG","message":"✅ Email service configuré et prêt"}
{"timestamp":"2026-05-06T05:42:20.341Z","level":"LOG","message":"[REQ] GET /sitemap.xml | user:guest | ip:2a02:4780:1:25::2"}
{"timestamp":"2026-05-06T05:42:20.452Z","level":"ERROR","message":"Sitemap error: Error\n    at Query.run (/home/u985847002/domains/emi-pulse.fr/nodejs/node_modules/sequelize/lib/dialects/mysql/query.js:52:25)\n    at /home/u985847002/domains/emi-pulse.fr/nodejs/node_modules/sequelize/lib/sequelize.js:315:28\n    at process.processTicksAndRejections (node:internal/process/task_queues:105:5)\n    at async MySQLQueryInterface.select (/home/u985847002/domains/emi-pulse.fr/nodejs/node_modules/sequelize/lib/dialects/abstract/query-interface.js:407:12)\n    at async Article.findAll (/home/u985847002/domains/emi-pulse.fr/nodejs/node_modules/sequelize/lib/model.js:1140:21)\n    at async generateSitemap (file:///home/u985847002/domains/emi-pulse.fr/nodejs/controllers/sitemap-rss-controller.js:11:22)"}
{"timestamp":"2026-05-06T06:44:34.502Z","level":"LOG","message":"[dotenv@17.2.1] injecting env (32) from .env.production -- tip: 📡 auto-backup env with Radar: https://dotenvx.com/radar"}
{"timestamp":"2026-05-06T06:44:34.744Z","level":"LOG","message":"[dotenv@17.2.1] injecting env (0) from .env -- tip: 🛠️  run anywhere with `dotenvx run -- yourcommand`"}
{"timestamp":"2026-05-06T06:44:34.805Z","level":"LOG","message":"[dotenv@17.2.1] injecting env (0) from .env.production -- tip: ⚙️  load multiple .env files with { path: ['.env.local', '.env'] }"}
{"timestamp":"2026-05-06T06:44:34.869Z","level":"LOG","message":"🚀 http://localhost:3000"}
{"timestamp":"2026-05-06T06:44:34.891Z","level":"LOG","message":"[REQ] GET /sitemap.xml | user:guest | ip:2a02:4780:1:22::3"}
{"timestamp":"2026-05-06T06:44:34.919Z","level":"LOG","message":"✅ Connexion à la base réussie !"}
{"timestamp":"2026-05-06T06:44:34.924Z","level":"ERROR","message":"Sitemap error: Error\n    at Query.run (/home/u985847002/domains/emi-pulse.fr/nodejs/node_modules/sequelize/lib/dialects/mysql/query.js:52:25)\n    at /home/u985847002/domains/emi-pulse.fr/nodejs/node_modules/sequelize/lib/sequelize.js:315:28\n    at process.processTicksAndRejections (node:internal/process/task_queues:105:5)\n    at async MySQLQueryInterface.select (/home/u985847002/domains/emi-pulse.fr/nodejs/node_modules/sequelize/lib/dialects/abstract/query-interface.js:407:12)\n    at async Article.findAll (/home/u985847002/domains/emi-pulse.fr/nodejs/node_modules/sequelize/lib/model.js:1140:21)\n    at async generateSitemap (file:///home/u985847002/domains/emi-pulse.fr/nodejs/controllers/sitemap-rss-controller.js:11:22)"}
{"timestamp":"2026-05-06T06:44:34.949Z","level":"LOG","message":"Sample hash: $argon2id$v=19$m=65536,t=3,p=4$4PQaur0CJqo27lYVw01D9A$sP8MOLsmKt+AYgEZTfSx3tqqmpX/SP88hCj5vo5trjU"}
{"timestamp":"2026-05-06T06:44:35.038Z","level":"LOG","message":"✅ Email service configuré et prêt"}
{"timestamp":"2026-05-06T08:25:42.596Z","level":"LOG","message":"[dotenv@17.2.1] injecting env (32) from .env.production -- tip: 📡 observe env with Radar: https://dotenvx.com/radar"}
{"timestamp":"2026-05-06T08:25:42.798Z","level":"LOG","message":"[dotenv@17.2.1] injecting env (0) from .env -- tip: ⚙️  write to custom object with { processEnv: myObject }"}
{"timestamp":"2026-05-06T08:25:42.854Z","level":"LOG","message":"[dotenv@17.2.1] injecting env (0) from .env.production -- tip: 📡 auto-backup env with Radar: https://dotenvx.com/radar"}
{"timestamp":"2026-05-06T08:25:42.909Z","level":"LOG","message":"🚀 http://localhost:3000"}
{"timestamp":"2026-05-06T08:25:42.929Z","level":"LOG","message":"[REQ] GET /sitemap.xml | user:guest | ip:2a02:4780:1:25::2"}
{"timestamp":"2026-05-06T08:25:42.958Z","level":"LOG","message":"✅ Connexion à la base réussie !"}
{"timestamp":"2026-05-06T08:25:42.963Z","level":"ERROR","message":"Sitemap error: Error\n    at Query.run (/home/u985847002/domains/emi-pulse.fr/nodejs/node_modules/sequelize/lib/dialects/mysql/query.js:52:25)\n    at /home/u985847002/domains/emi-pulse.fr/nodejs/node_modules/sequelize/lib/sequelize.js:315:28\n    at process.processTicksAndRejections (node:internal/process/task_queues:105:5)\n    at async MySQLQueryInterface.select (/home/u985847002/domains/emi-pulse.fr/nodejs/node_modules/sequelize/lib/dialects/abstract/query-interface.js:407:12)\n    at async Article.findAll (/home/u985847002/domains/emi-pulse.fr/nodejs/node_modules/sequelize/lib/model.js:1140:21)\n    at async generateSitemap (file:///home/u985847002/domains/emi-pulse.fr/nodejs/controllers/sitemap-rss-controller.js:11:22)"}
{"timestamp":"2026-05-06T08:25:42.986Z","level":"LOG","message":"Sample hash: $argon2id$v=19$m=65536,t=3,p=4$GK3DhhZHXs+kX6XeUIAveg$jWB/Sz+twukY8h3xAQapjqrxxf2WBh2Fd9scsvd4kBw"}
{"timestamp":"2026-05-06T08:25:43.079Z","level":"LOG","message":"✅ Email service configuré et prêt"}
{"timestamp":"2026-05-06T08:37:32.134Z","level":"LOG","message":"[dotenv@17.2.1] injecting env (32) from .env.production -- tip: ⚙️  enable debug logging with { debug: true }"}
{"timestamp":"2026-05-06T08:37:32.310Z","level":"LOG","message":"[dotenv@17.2.1] injecting env (0) from .env -- tip: ⚙️  enable debug logging with { debug: true }"}
{"timestamp":"2026-05-06T08:37:32.360Z","level":"LOG","message":"[dotenv@17.2.1] injecting env (0) from .env.production -- tip: ⚙️  write to custom object with { processEnv: myObject }"}
{"timestamp":"2026-05-06T08:37:32.413Z","level":"LOG","message":"🚀 http://localhost:3000"}
{"timestamp":"2026-05-06T08:37:32.434Z","level":"LOG","message":"[REQ] GET /sitemap.xml | user:guest | ip:2a02:4780:1:25::2"}
{"timestamp":"2026-05-06T08:37:32.468Z","level":"LOG","message":"✅ Connexion à la base réussie !"}
{"timestamp":"2026-05-06T08:37:32.473Z","level":"ERROR","message":"Sitemap error: Error\n    at Query.run (/home/u985847002/domains/emi-pulse.fr/nodejs/node_modules/sequelize/lib/dialects/mysql/query.js:52:25)\n    at /home/u985847002/domains/emi-pulse.fr/nodejs/node_modules/sequelize/lib/sequelize.js:315:28\n    at process.processTicksAndRejections (node:internal/process/task_queues:105:5)\n    at async MySQLQueryInterface.select (/home/u985847002/domains/emi-pulse.fr/nodejs/node_modules/sequelize/lib/dialects/abstract/query-interface.js:407:12)\n    at async Article.findAll (/home/u985847002/domains/emi-pulse.fr/nodejs/node_modules/sequelize/lib/model.js:1140:21)\n    at async generateSitemap (file:///home/u985847002/domains/emi-pulse.fr/nodejs/controllers/sitemap-rss-controller.js:11:22)"}
{"timestamp":"2026-05-06T08:37:32.497Z","level":"LOG","message":"Sample hash: $argon2id$v=19$m=65536,t=3,p=4$wlTRqkeaZvmUQZqn9mDwYw$26274Hyt5MouFd9I4kNp/5RZSXtwf72hd495VW44048"}
{"timestamp":"2026-05-06T08:37:32.593Z","level":"LOG","message":"✅ Email service configuré et prêt"}
{"timestamp":"2026-05-06T09:06:42.504Z","level":"LOG","message":"[REQ] GET /sitemap.xml | user:guest | ip:2a02:4780:1:2::2"}
{"timestamp":"2026-05-06T09:06:42.510Z","level":"ERROR","message":"Sitemap error: Error\n    at Query.run (/home/u985847002/domains/emi-pulse.fr/nodejs/node_modules/sequelize/lib/dialects/mysql/query.js:52:25)\n    at /home/u985847002/domains/emi-pulse.fr/nodejs/node_modules/sequelize/lib/sequelize.js:315:28\n    at process.processTicksAndRejections (node:internal/process/task_queues:105:5)\n    at async MySQLQueryInterface.select (/home/u985847002/domains/emi-pulse.fr/nodejs/node_modules/sequelize/lib/dialects/abstract/query-interface.js:407:12)\n    at async Article.findAll (/home/u985847002/domains/emi-pulse.fr/nodejs/node_modules/sequelize/lib/model.js:1140:21)\n    at async generateSitemap (file:///home/u985847002/domains/emi-pulse.fr/nodejs/controllers/sitemap-rss-controller.js:11:22)"}
{"timestamp":"2026-05-06T10:36:47.080Z","level":"LOG","message":"[dotenv@17.2.1] injecting env (32) from .env.production -- tip: 📡 observe env with Radar: https://dotenvx.com/radar"}
{"timestamp":"2026-05-06T10:36:47.293Z","level":"LOG","message":"[dotenv@17.2.1] injecting env (0) from .env -- tip: ⚙️  enable debug logging with { debug: true }"}
{"timestamp":"2026-05-06T10:36:47.357Z","level":"LOG","message":"[dotenv@17.2.1] injecting env (0) from .env.production -- tip: 🛠️  run anywhere with `dotenvx run -- yourcommand`"}
{"timestamp":"2026-05-06T10:36:47.413Z","level":"LOG","message":"🚀 http://localhost:3000"}
{"timestamp":"2026-05-06T10:36:47.434Z","level":"LOG","message":"[REQ] GET /sitemap.xml | user:guest | ip:2a02:4780:1:22::3"}
{"timestamp":"2026-05-06T10:36:47.464Z","level":"LOG","message":"✅ Connexion à la base réussie !"}
{"timestamp":"2026-05-06T10:36:47.469Z","level":"ERROR","message":"Sitemap error: Error\n    at Query.run (/home/u985847002/domains/emi-pulse.fr/nodejs/node_modules/sequelize/lib/dialects/mysql/query.js:52:25)\n    at /home/u985847002/domains/emi-pulse.fr/nodejs/node_modules/sequelize/lib/sequelize.js:315:28\n    at process.processTicksAndRejections (node:internal/process/task_queues:105:5)\n    at async MySQLQueryInterface.select (/home/u985847002/domains/emi-pulse.fr/nodejs/node_modules/sequelize/lib/dialects/abstract/query-interface.js:407:12)\n    at async Article.findAll (/home/u985847002/domains/emi-pulse.fr/nodejs/node_modules/sequelize/lib/model.js:1140:21)\n    at async generateSitemap (file:///home/u985847002/domains/emi-pulse.fr/nodejs/controllers/sitemap-rss-controller.js:11:22)"}
{"timestamp":"2026-05-06T10:36:47.494Z","level":"LOG","message":"Sample hash: $argon2id$v=19$m=65536,t=3,p=4$lrpUqxU9W68AFx6j4fsLuw$phoEvd+PyTwxMLCcs5fkX4bk82a8FV25icnhLDq1e68"}
{"timestamp":"2026-05-06T10:36:47.589Z","level":"LOG","message":"✅ Email service configuré et prêt"}
{"timestamp":"2026-05-06T12:05:07.985Z","level":"LOG","message":"[dotenv@17.2.1] injecting env (32) from .env.production -- tip: 📡 observe env with Radar: https://dotenvx.com/radar"}
{"timestamp":"2026-05-06T12:05:08.217Z","level":"LOG","message":"[dotenv@17.2.1] injecting env (0) from .env -- tip: 🔐 prevent committing .env to code: https://dotenvx.com/precommit"}
{"timestamp":"2026-05-06T12:05:08.280Z","level":"LOG","message":"[dotenv@17.2.1] injecting env (0) from .env.production -- tip: 📡 version env with Radar: https://dotenvx.com/radar"}
{"timestamp":"2026-05-06T12:05:08.339Z","level":"LOG","message":"🚀 http://localhost:3000"}
{"timestamp":"2026-05-06T12:05:08.367Z","level":"LOG","message":"[REQ] GET /sitemap.xml | user:guest | ip:2a02:4780:1:25::2"}
{"timestamp":"2026-05-06T12:05:08.401Z","level":"LOG","message":"✅ Connexion à la base réussie !"}
{"timestamp":"2026-05-06T12:05:08.407Z","level":"ERROR","message":"Sitemap error: Error\n    at Query.run (/home/u985847002/domains/emi-pulse.fr/nodejs/node_modules/sequelize/lib/dialects/mysql/query.js:52:25)\n    at /home/u985847002/domains/emi-pulse.fr/nodejs/node_modules/sequelize/lib/sequelize.js:315:28\n    at process.processTicksAndRejections (node:internal/process/task_queues:105:5)\n    at async MySQLQueryInterface.select (/home/u985847002/domains/emi-pulse.fr/nodejs/node_modules/sequelize/lib/dialects/abstract/query-interface.js:407:12)\n    at async Article.findAll (/home/u985847002/domains/emi-pulse.fr/nodejs/node_modules/sequelize/lib/model.js:1140:21)\n    at async generateSitemap (file:///home/u985847002/domains/emi-pulse.fr/nodejs/controllers/sitemap-rss-controller.js:11:22)"}
{"timestamp":"2026-05-06T12:05:08.437Z","level":"LOG","message":"Sample hash: $argon2id$v=19$m=65536,t=3,p=4$8iBDaDbM1RM3MRkFaNvOjA$pG6vI7iMPm2yG3Xgoy9M9RhaI7EHMxvlbZtE7jrWxIc"}
{"timestamp":"2026-05-06T12:05:08.516Z","level":"LOG","message":"✅ Email service configuré et prêt"}
{"timestamp":"2026-05-06T12:34:52.552Z","level":"LOG","message":"[dotenv@17.2.1] injecting env (32) from .env.production -- tip: 📡 auto-backup env with Radar: https://dotenvx.com/radar"}
{"timestamp":"2026-05-06T12:34:52.743Z","level":"LOG","message":"[dotenv@17.2.1] injecting env (0) from .env -- tip: 🔐 prevent committing .env to code: https://dotenvx.com/precommit"}
{"timestamp":"2026-05-06T12:34:52.792Z","level":"LOG","message":"[dotenv@17.2.1] injecting env (0) from .env.production -- tip: ⚙️  override existing env vars with { override: true }"}
{"timestamp":"2026-05-06T12:34:52.841Z","level":"LOG","message":"🚀 http://localhost:3000"}
{"timestamp":"2026-05-06T12:34:52.862Z","level":"LOG","message":"[REQ] GET /sitemap.xml | user:guest | ip:2a02:4780:1:28::3"}
{"timestamp":"2026-05-06T12:34:52.918Z","level":"LOG","message":"Sample hash: $argon2id$v=19$m=65536,t=3,p=4$FhoASEt18bReTEiufO9NqQ$ziRfYWElQlshirm6f3rUiHCTulwAaprOKHcklzqHxHc"}
{"timestamp":"2026-05-06T12:34:52.938Z","level":"LOG","message":"✅ Connexion à la base réussie !"}
{"timestamp":"2026-05-06T12:34:52.943Z","level":"ERROR","message":"Sitemap error: Error\n    at Query.run (/home/u985847002/domains/emi-pulse.fr/nodejs/node_modules/sequelize/lib/dialects/mysql/query.js:52:25)\n    at /home/u985847002/domains/emi-pulse.fr/nodejs/node_modules/sequelize/lib/sequelize.js:315:28\n    at process.processTicksAndRejections (node:internal/process/task_queues:105:5)\n    at async MySQLQueryInterface.select (/home/u985847002/domains/emi-pulse.fr/nodejs/node_modules/sequelize/lib/dialects/abstract/query-interface.js:407:12)\n    at async Article.findAll (/home/u985847002/domains/emi-pulse.fr/nodejs/node_modules/sequelize/lib/model.js:1140:21)\n    at async generateSitemap (file:///home/u985847002/domains/emi-pulse.fr/nodejs/controllers/sitemap-rss-controller.js:11:22)"}
{"timestamp":"2026-05-06T12:34:53.040Z","level":"LOG","message":"✅ Email service configuré et prêt"}
{"timestamp":"2026-05-06T14:38:15.362Z","level":"LOG","message":"[dotenv@17.2.1] injecting env (32) from .env.production -- tip: ⚙️  suppress all logs with { quiet: true }"}
{"timestamp":"2026-05-06T14:38:15.601Z","level":"LOG","message":"[dotenv@17.2.1] injecting env (0) from .env -- tip: ⚙️  load multiple .env files with { path: ['.env.local', '.env'] }"}
{"timestamp":"2026-05-06T14:38:15.670Z","level":"LOG","message":"[dotenv@17.2.1] injecting env (0) from .env.production -- tip: 🔐 prevent building .env in docker: https://dotenvx.com/prebuild"}
{"timestamp":"2026-05-06T14:38:15.731Z","level":"LOG","message":"🚀 http://localhost:3000"}
{"timestamp":"2026-05-06T14:38:15.757Z","level":"LOG","message":"[REQ] GET /sitemap.xml | user:guest | ip:2a02:4780:1:28::3"}
{"timestamp":"2026-05-06T14:38:15.788Z","level":"LOG","message":"✅ Connexion à la base réussie !"}
{"timestamp":"2026-05-06T14:38:15.793Z","level":"ERROR","message":"Sitemap error: Error\n    at Query.run (/home/u985847002/domains/emi-pulse.fr/nodejs/node_modules/sequelize/lib/dialects/mysql/query.js:52:25)\n    at /home/u985847002/domains/emi-pulse.fr/nodejs/node_modules/sequelize/lib/sequelize.js:315:28\n    at process.processTicksAndRejections (node:internal/process/task_queues:105:5)\n    at async MySQLQueryInterface.select (/home/u985847002/domains/emi-pulse.fr/nodejs/node_modules/sequelize/lib/dialects/abstract/query-interface.js:407:12)\n    at async Article.findAll (/home/u985847002/domains/emi-pulse.fr/nodejs/node_modules/sequelize/lib/model.js:1140:21)\n    at async generateSitemap (file:///home/u985847002/domains/emi-pulse.fr/nodejs/controllers/sitemap-rss-controller.js:11:22)"}
{"timestamp":"2026-05-06T14:38:15.807Z","level":"LOG","message":"Sample hash: $argon2id$v=19$m=65536,t=3,p=4$MjpKKzdPPEvwTx5YQfaLPg$y2ceqeTQnoQ7xoFb3huAjhimADrIov5yv7DzPGK2tuc"}
{"timestamp":"2026-05-06T14:38:15.941Z","level":"LOG","message":"✅ Email service configuré et prêt"}
{"timestamp":"2026-05-06T14:55:04.549Z","level":"LOG","message":"[dotenv@17.2.1] injecting env (32) from .env.production -- tip: ⚙️  suppress all logs with { quiet: true }"}
{"timestamp":"2026-05-06T14:55:04.717Z","level":"LOG","message":"[dotenv@17.2.1] injecting env (0) from .env -- tip: 🔐 encrypt with Dotenvx: https://dotenvx.com"}
{"timestamp":"2026-05-06T14:55:04.762Z","level":"LOG","message":"[dotenv@17.2.1] injecting env (0) from .env.production -- tip: 🔐 prevent building .env in docker: https://dotenvx.com/prebuild"}
{"timestamp":"2026-05-06T14:55:04.807Z","level":"LOG","message":"🚀 http://localhost:3000"}
{"timestamp":"2026-05-06T14:55:04.827Z","level":"LOG","message":"[REQ] GET /sitemap.xml | user:guest | ip:2a02:4780:1:28::3"}
{"timestamp":"2026-05-06T14:55:04.856Z","level":"LOG","message":"✅ Connexion à la base réussie !"}
{"timestamp":"2026-05-06T14:55:04.861Z","level":"ERROR","message":"Sitemap error: Error\n    at Query.run (/home/u985847002/domains/emi-pulse.fr/nodejs/node_modules/sequelize/lib/dialects/mysql/query.js:52:25)\n    at /home/u985847002/domains/emi-pulse.fr/nodejs/node_modules/sequelize/lib/sequelize.js:315:28\n    at process.processTicksAndRejections (node:internal/process/task_queues:105:5)\n    at async MySQLQueryInterface.select (/home/u985847002/domains/emi-pulse.fr/nodejs/node_modules/sequelize/lib/dialects/abstract/query-interface.js:407:12)\n    at async Article.findAll (/home/u985847002/domains/emi-pulse.fr/nodejs/node_modules/sequelize/lib/model.js:1140:21)\n    at async generateSitemap (file:///home/u985847002/domains/emi-pulse.fr/nodejs/controllers/sitemap-rss-controller.js:11:22)"}
{"timestamp":"2026-05-06T14:55:04.885Z","level":"LOG","message":"Sample hash: $argon2id$v=19$m=65536,t=3,p=4$aonQ6qJnQ11jI6PGMmFZfw$XOdyqrRdqiIxweD3VwOKrvZfkHazIAOQBbKXqKjoWts"}
{"timestamp":"2026-05-06T14:55:05.016Z","level":"LOG","message":"✅ Email service configuré et prêt"}
{"timestamp":"2026-05-06T16:33:52.105Z","level":"LOG","message":"[dotenv@17.2.1] injecting env (32) from .env.production -- tip: ⚙️  suppress all logs with { quiet: true }"}
{"timestamp":"2026-05-06T16:33:52.309Z","level":"LOG","message":"[dotenv@17.2.1] injecting env (0) from .env -- tip: 🔐 encrypt with Dotenvx: https://dotenvx.com"}
{"timestamp":"2026-05-06T16:33:52.366Z","level":"LOG","message":"[dotenv@17.2.1] injecting env (0) from .env.production -- tip: ⚙️  suppress all logs with { quiet: true }"}
{"timestamp":"2026-05-06T16:33:52.419Z","level":"LOG","message":"🚀 http://localhost:3000"}
{"timestamp":"2026-05-06T16:33:52.441Z","level":"LOG","message":"[REQ] GET /sitemap.xml | user:guest | ip:2a02:4780:1:28::3"}
{"timestamp":"2026-05-06T16:33:52.495Z","level":"LOG","message":"Sample hash: $argon2id$v=19$m=65536,t=3,p=4$gYTkb9SG58MrEps+m+O3wg$X/+mG1YuFOlPTdU39gyt/K1tfi4DJAu3q9TUcADMkRs"}
{"timestamp":"2026-05-06T16:33:52.548Z","level":"LOG","message":"✅ Connexion à la base réussie !"}
{"timestamp":"2026-05-06T16:33:52.554Z","level":"ERROR","message":"Sitemap error: Error\n    at Query.run (/home/u985847002/domains/emi-pulse.fr/nodejs/node_modules/sequelize/lib/dialects/mysql/query.js:52:25)\n    at /home/u985847002/domains/emi-pulse.fr/nodejs/node_modules/sequelize/lib/sequelize.js:315:28\n    at process.processTicksAndRejections (node:internal/process/task_queues:105:5)\n    at async MySQLQueryInterface.select (/home/u985847002/domains/emi-pulse.fr/nodejs/node_modules/sequelize/lib/dialects/abstract/query-interface.js:407:12)\n    at async Article.findAll (/home/u985847002/domains/emi-pulse.fr/nodejs/node_modules/sequelize/lib/model.js:1140:21)\n    at async generateSitemap (file:///home/u985847002/domains/emi-pulse.fr/nodejs/controllers/sitemap-rss-controller.js:11:22)"}
{"timestamp":"2026-05-06T16:33:52.599Z","level":"LOG","message":"✅ Email service configuré et prêt"}
{"timestamp":"2026-05-06T17:05:52.515Z","level":"LOG","message":"[dotenv@17.2.1] injecting env (32) from .env.production -- tip: ⚙️  override existing env vars with { override: true }"}
{"timestamp":"2026-05-06T17:05:52.694Z","level":"LOG","message":"[dotenv@17.2.1] injecting env (0) from .env -- tip: 🛠️  run anywhere with `dotenvx run -- yourcommand`"}
{"timestamp":"2026-05-06T17:05:52.739Z","level":"LOG","message":"[dotenv@17.2.1] injecting env (0) from .env.production -- tip: ⚙️  write to custom object with { processEnv: myObject }"}
{"timestamp":"2026-05-06T17:05:52.786Z","level":"LOG","message":"🚀 http://localhost:3000"}
{"timestamp":"2026-05-06T17:05:52.806Z","level":"LOG","message":"[REQ] GET /sitemap.xml | user:guest | ip:2a02:4780:1:22::3"}
{"timestamp":"2026-05-06T17:05:52.832Z","level":"LOG","message":"✅ Connexion à la base réussie !"}
{"timestamp":"2026-05-06T17:05:52.837Z","level":"ERROR","message":"Sitemap error: Error\n    at Query.run (/home/u985847002/domains/emi-pulse.fr/nodejs/node_modules/sequelize/lib/dialects/mysql/query.js:52:25)\n    at /home/u985847002/domains/emi-pulse.fr/nodejs/node_modules/sequelize/lib/sequelize.js:315:28\n    at process.processTicksAndRejections (node:internal/process/task_queues:105:5)\n    at async MySQLQueryInterface.select (/home/u985847002/domains/emi-pulse.fr/nodejs/node_modules/sequelize/lib/dialects/abstract/query-interface.js:407:12)\n    at async Article.findAll (/home/u985847002/domains/emi-pulse.fr/nodejs/node_modules/sequelize/lib/model.js:1140:21)\n    at async generateSitemap (file:///home/u985847002/domains/emi-pulse.fr/nodejs/controllers/sitemap-rss-controller.js:11:22)"}
{"timestamp":"2026-05-06T17:05:52.865Z","level":"LOG","message":"Sample hash: $argon2id$v=19$m=65536,t=3,p=4$GBZJ32tkVdWDW5FQ921ejA$VLG3yQuL1Eh6Egb5GtvEUbtnDqGOMLjW7KL24Skgydw"}
{"timestamp":"2026-05-06T17:05:52.981Z","level":"LOG","message":"✅ Email service configuré et prêt"}
{"timestamp":"2026-05-06T18:38:34.924Z","level":"LOG","message":"[dotenv@17.2.1] injecting env (32) from .env.production -- tip: 📡 auto-backup env with Radar: https://dotenvx.com/radar"}
{"timestamp":"2026-05-06T18:38:35.133Z","level":"LOG","message":"[dotenv@17.2.1] injecting env (0) from .env -- tip: 🔐 prevent building .env in docker: https://dotenvx.com/prebuild"}
{"timestamp":"2026-05-06T18:38:35.189Z","level":"LOG","message":"[dotenv@17.2.1] injecting env (0) from .env.production -- tip: ⚙️  load multiple .env files with { path: ['.env.local', '.env'] }"}
{"timestamp":"2026-05-06T18:38:35.243Z","level":"LOG","message":"🚀 http://localhost:3000"}
{"timestamp":"2026-05-06T18:38:35.265Z","level":"LOG","message":"[REQ] GET /sitemap.xml | user:guest | ip:2a02:4780:2c:d::3"}
{"timestamp":"2026-05-06T18:38:35.293Z","level":"LOG","message":"✅ Connexion à la base réussie !"}
{"timestamp":"2026-05-06T18:38:35.298Z","level":"ERROR","message":"Sitemap error: Error\n    at Query.run (/home/u985847002/domains/emi-pulse.fr/nodejs/node_modules/sequelize/lib/dialects/mysql/query.js:52:25)\n    at /home/u985847002/domains/emi-pulse.fr/nodejs/node_modules/sequelize/lib/sequelize.js:315:28\n    at process.processTicksAndRejections (node:internal/process/task_queues:105:5)\n    at async MySQLQueryInterface.select (/home/u985847002/domains/emi-pulse.fr/nodejs/node_modules/sequelize/lib/dialects/abstract/query-interface.js:407:12)\n    at async Article.findAll (/home/u985847002/domains/emi-pulse.fr/nodejs/node_modules/sequelize/lib/model.js:1140:21)\n    at async generateSitemap (file:///home/u985847002/domains/emi-pulse.fr/nodejs/controllers/sitemap-rss-controller.js:11:22)"}
{"timestamp":"2026-05-06T18:38:35.323Z","level":"LOG","message":"Sample hash: $argon2id$v=19$m=65536,t=3,p=4$ftp0N6t6aimmAlYBvEPoKw$gewl/6G5+IR5ZJBNobmkdWx6AA2r14Njze/G/zzPCss"}
{"timestamp":"2026-05-06T18:38:35.441Z","level":"LOG","message":"✅ Email service configuré et prêt"}
{"timestamp":"2026-05-06T20:31:46.761Z","level":"LOG","message":"[dotenv@17.2.1] injecting env (32) from .env.production -- tip: ⚙️  suppress all logs with { quiet: true }"}
{"timestamp":"2026-05-06T20:31:46.981Z","level":"LOG","message":"[dotenv@17.2.1] injecting env (0) from .env -- tip: 🔐 encrypt with Dotenvx: https://dotenvx.com"}
{"timestamp":"2026-05-06T20:31:47.047Z","level":"LOG","message":"[dotenv@17.2.1] injecting env (0) from .env.production -- tip: 📡 auto-backup env with Radar: https://dotenvx.com/radar"}
{"timestamp":"2026-05-06T20:31:47.114Z","level":"LOG","message":"🚀 http://localhost:3000"}
{"timestamp":"2026-05-06T20:31:47.146Z","level":"LOG","message":"[REQ] GET /sitemap.xml | user:guest | ip:2a02:4780:2c:f::2"}
{"timestamp":"2026-05-06T20:31:47.192Z","level":"LOG","message":"✅ Connexion à la base réussie !"}
{"timestamp":"2026-05-06T20:31:47.192Z","level":"LOG","message":"Sample hash: $argon2id$v=19$m=65536,t=3,p=4$ky7WIt4SntoWmXvUyRsXoA$Fv5fpJ/KT1LybZVn+9PQz+46kvcqxt4pVGqHItO+bvk"}
{"timestamp":"2026-05-06T20:31:47.197Z","level":"ERROR","message":"Sitemap error: Error\n    at Query.run (/home/u985847002/domains/emi-pulse.fr/nodejs/node_modules/sequelize/lib/dialects/mysql/query.js:52:25)\n    at /home/u985847002/domains/emi-pulse.fr/nodejs/node_modules/sequelize/lib/sequelize.js:315:28\n    at process.processTicksAndRejections (node:internal/process/task_queues:105:5)\n    at async MySQLQueryInterface.select (/home/u985847002/domains/emi-pulse.fr/nodejs/node_modules/sequelize/lib/dialects/abstract/query-interface.js:407:12)\n    at async Article.findAll (/home/u985847002/domains/emi-pulse.fr/nodejs/node_modules/sequelize/lib/model.js:1140:21)\n    at async generateSitemap (file:///home/u985847002/domains/emi-pulse.fr/nodejs/controllers/sitemap-rss-controller.js:11:22)"}
{"timestamp":"2026-05-06T20:31:47.320Z","level":"LOG","message":"✅ Email service configuré et prêt"}
{"timestamp":"2026-05-06T22:34:19.918Z","level":"LOG","message":"[dotenv@17.2.1] injecting env (32) from .env.production -- tip: ⚙️  enable debug logging with { debug: true }"}
{"timestamp":"2026-05-06T22:34:20.137Z","level":"LOG","message":"[dotenv@17.2.1] injecting env (0) from .env -- tip: 🔐 prevent committing .env to code: https://dotenvx.com/precommit"}
{"timestamp":"2026-05-06T22:34:20.280Z","level":"LOG","message":"[dotenv@17.2.1] injecting env (0) from .env.production -- tip: 🔐 encrypt with Dotenvx: https://dotenvx.com"}
{"timestamp":"2026-05-06T22:34:20.337Z","level":"LOG","message":"🚀 http://localhost:3000"}
{"timestamp":"2026-05-06T22:34:20.359Z","level":"LOG","message":"[REQ] GET /sitemap.xml | user:guest | ip:2a02:4780:2c:b::2"}
{"timestamp":"2026-05-06T22:34:20.419Z","level":"LOG","message":"Sample hash: $argon2id$v=19$m=65536,t=3,p=4$l13AYPyarkNX3cfXaL47HQ$eR6rSCYcXA5C4bliU1mzZ1/0+PzyQdNwSMawzVYk180"}
{"timestamp":"2026-05-06T22:34:20.475Z","level":"LOG","message":"✅ Connexion à la base réussie !"}
{"timestamp":"2026-05-06T22:34:20.482Z","level":"ERROR","message":"Sitemap error: Error\n    at Query.run (/home/u985847002/domains/emi-pulse.fr/nodejs/node_modules/sequelize/lib/dialects/mysql/query.js:52:25)\n    at /home/u985847002/domains/emi-pulse.fr/nodejs/node_modules/sequelize/lib/sequelize.js:315:28\n    at process.processTicksAndRejections (node:internal/process/task_queues:105:5)\n    at async MySQLQueryInterface.select (/home/u985847002/domains/emi-pulse.fr/nodejs/node_modules/sequelize/lib/dialects/abstract/query-interface.js:407:12)\n    at async Article.findAll (/home/u985847002/domains/emi-pulse.fr/nodejs/node_modules/sequelize/lib/model.js:1140:21)\n    at async generateSitemap (file:///home/u985847002/domains/emi-pulse.fr/nodejs/controllers/sitemap-rss-controller.js:11:22)"}
{"timestamp":"2026-05-06T22:34:20.518Z","level":"LOG","message":"✅ Email service configuré et prêt"}
{"timestamp":"2026-05-06T23:34:06.311Z","level":"LOG","message":"[dotenv@17.2.1] injecting env (32) from .env.production -- tip: 🔐 encrypt with Dotenvx: https://dotenvx.com"}
{"timestamp":"2026-05-06T23:34:06.519Z","level":"LOG","message":"[dotenv@17.2.1] injecting env (0) from .env -- tip: ⚙️  load multiple .env files with { path: ['.env.local', '.env'] }"}
{"timestamp":"2026-05-06T23:34:06.577Z","level":"LOG","message":"[dotenv@17.2.1] injecting env (0) from .env.production -- tip: ⚙️  specify custom .env file path with { path: '/custom/path/.env' }"}
{"timestamp":"2026-05-06T23:34:06.636Z","level":"LOG","message":"🚀 http://localhost:3000"}
{"timestamp":"2026-05-06T23:34:06.657Z","level":"LOG","message":"[REQ] GET /sitemap.xml | user:guest | ip:2a02:4780:2c:b::2"}
{"timestamp":"2026-05-06T23:34:06.686Z","level":"LOG","message":"✅ Connexion à la base réussie !"}
{"timestamp":"2026-05-06T23:34:06.691Z","level":"ERROR","message":"Sitemap error: Error\n    at Query.run (/home/u985847002/domains/emi-pulse.fr/nodejs/node_modules/sequelize/lib/dialects/mysql/query.js:52:25)\n    at /home/u985847002/domains/emi-pulse.fr/nodejs/node_modules/sequelize/lib/sequelize.js:315:28\n    at process.processTicksAndRejections (node:internal/process/task_queues:105:5)\n    at async MySQLQueryInterface.select (/home/u985847002/domains/emi-pulse.fr/nodejs/node_modules/sequelize/lib/dialects/abstract/query-interface.js:407:12)\n    at async Article.findAll (/home/u985847002/domains/emi-pulse.fr/nodejs/node_modules/sequelize/lib/model.js:1140:21)\n    at async generateSitemap (file:///home/u985847002/domains/emi-pulse.fr/nodejs/controllers/sitemap-rss-controller.js:11:22)"}
{"timestamp":"2026-05-06T23:34:06.715Z","level":"LOG","message":"Sample hash: $argon2id$v=19$m=65536,t=3,p=4$1NQo9BhOQTnUI8YXMqT73w$pMp1+uBfM9GKgkkDEBx3tdn2puRP+I4JbryqHDnHzis"}
{"timestamp":"2026-05-06T23:34:06.811Z","level":"LOG","message":"✅ Email service configuré et prêt"}
{"timestamp":"2026-05-07T00:46:11.111Z","level":"LOG","message":"[dotenv@17.2.1] injecting env (32) from .env.production -- tip: 🔐 encrypt with Dotenvx: https://dotenvx.com"}
{"timestamp":"2026-05-07T00:46:11.302Z","level":"LOG","message":"[dotenv@17.2.1] injecting env (0) from .env -- tip: 🔐 prevent committing .env to code: https://dotenvx.com/precommit"}
{"timestamp":"2026-05-07T00:46:11.357Z","level":"LOG","message":"[dotenv@17.2.1] injecting env (0) from .env.production -- tip: ⚙️  override existing env vars with { override: true }"}
{"timestamp":"2026-05-07T00:46:11.412Z","level":"LOG","message":"🚀 http://localhost:3000"}
{"timestamp":"2026-05-07T00:46:11.432Z","level":"LOG","message":"[REQ] GET /sitemap.xml | user:guest | ip:2a02:4780:2c:c::2"}
{"timestamp":"2026-05-07T00:46:11.463Z","level":"LOG","message":"✅ Connexion à la base réussie !"}
{"timestamp":"2026-05-07T00:46:11.468Z","level":"ERROR","message":"Sitemap error: Error\n    at Query.run (/home/u985847002/domains/emi-pulse.fr/nodejs/node_modules/sequelize/lib/dialects/mysql/query.js:52:25)\n    at /home/u985847002/domains/emi-pulse.fr/nodejs/node_modules/sequelize/lib/sequelize.js:315:28\n    at process.processTicksAndRejections (node:internal/process/task_queues:105:5)\n    at async MySQLQueryInterface.select (/home/u985847002/domains/emi-pulse.fr/nodejs/node_modules/sequelize/lib/dialects/abstract/query-interface.js:407:12)\n    at async Article.findAll (/home/u985847002/domains/emi-pulse.fr/nodejs/node_modules/sequelize/lib/model.js:1140:21)\n    at async generateSitemap (file:///home/u985847002/domains/emi-pulse.fr/nodejs/controllers/sitemap-rss-controller.js:11:22)"}
{"timestamp":"2026-05-07T00:46:11.491Z","level":"LOG","message":"Sample hash: $argon2id$v=19$m=65536,t=3,p=4$sSa+/0jD8nWLWkp/k0ezXQ$iy9u8BQiirIo9GfZZeU9iVvby77BFq5A1AWxVNOCtQs"}
{"timestamp":"2026-05-07T00:46:11.579Z","level":"LOG","message":"✅ Email service configuré et prêt"}
{"timestamp":"2026-05-07T01:06:32.369Z","level":"LOG","message":"[REQ] GET / | user:guest | ip:2a02:4780:9:2::3"}
{"timestamp":"2026-05-07T01:06:34.287Z","level":"LOG","message":"[REQ] GET / | user:guest | ip:2a02:4780:9:b::3"}
{"timestamp":"2026-05-07T01:06:35.828Z","level":"LOG","message":"[REQ] GET /favicon.ico | user:guest | ip:2a02:4780:9:b::3"}
{"timestamp":"2026-05-07T01:06:40.494Z","level":"LOG","message":"[REQ] GET /favicon.ico | user:guest | ip:2a02:4780:9:b::3"}
{"timestamp":"2026-05-07T01:06:46.814Z","level":"LOG","message":"[REQ] GET /ads.txt | user:guest | ip:2a02:4780:9:b::3"}
{"timestamp":"2026-05-07T01:06:46.983Z","level":"LOG","message":"[REQ] GET /app-ads.txt | user:guest | ip:2a02:4780:9:b::3"}
{"timestamp":"2026-05-07T01:06:47.161Z","level":"LOG","message":"[REQ] GET /sellers.json | user:guest | ip:2a02:4780:9:b::3"}
{"timestamp":"2026-05-07T01:47:05.837Z","level":"LOG","message":"[dotenv@17.2.1] injecting env (32) from .env.production -- tip: ⚙️  write to custom object with { processEnv: myObject }"}
{"timestamp":"2026-05-07T01:47:06.022Z","level":"LOG","message":"[dotenv@17.2.1] injecting env (0) from .env -- tip: ⚙️  override existing env vars with { override: true }"}
{"timestamp":"2026-05-07T01:47:06.072Z","level":"LOG","message":"[dotenv@17.2.1] injecting env (0) from .env.production -- tip: 📡 observe env with Radar: https://dotenvx.com/radar"}
{"timestamp":"2026-05-07T01:47:06.119Z","level":"LOG","message":"🚀 http://localhost:3000"}
{"timestamp":"2026-05-07T01:47:06.140Z","level":"LOG","message":"[REQ] GET /sitemap.xml | user:guest | ip:2a02:4780:2c:b::2"}
{"timestamp":"2026-05-07T01:47:06.170Z","level":"LOG","message":"✅ Connexion à la base réussie !"}
{"timestamp":"2026-05-07T01:47:06.175Z","level":"ERROR","message":"Sitemap error: Error\n    at Query.run (/home/u985847002/domains/emi-pulse.fr/nodejs/node_modules/sequelize/lib/dialects/mysql/query.js:52:25)\n    at /home/u985847002/domains/emi-pulse.fr/nodejs/node_modules/sequelize/lib/sequelize.js:315:28\n    at process.processTicksAndRejections (node:internal/process/task_queues:105:5)\n    at async MySQLQueryInterface.select (/home/u985847002/domains/emi-pulse.fr/nodejs/node_modules/sequelize/lib/dialects/abstract/query-interface.js:407:12)\n    at async Article.findAll (/home/u985847002/domains/emi-pulse.fr/nodejs/node_modules/sequelize/lib/model.js:1140:21)\n    at async generateSitemap (file:///home/u985847002/domains/emi-pulse.fr/nodejs/controllers/sitemap-rss-controller.js:11:22)"}
{"timestamp":"2026-05-07T01:47:06.199Z","level":"LOG","message":"Sample hash: $argon2id$v=19$m=65536,t=3,p=4$KFSM/xvfPNrdYcicF3af5g$uGL46oVIXemsKtZ6Tdv2KvVvzrNLd2TLtF40gIupYRw"}
{"timestamp":"2026-05-07T01:47:06.306Z","level":"LOG","message":"✅ Email service configuré et prêt"}
{"timestamp":"2026-05-07T02:29:47.481Z","level":"LOG","message":"[dotenv@17.2.1] injecting env (32) from .env.production -- tip: 📡 auto-backup env with Radar: https://dotenvx.com/radar"}
{"timestamp":"2026-05-07T02:29:47.672Z","level":"LOG","message":"[dotenv@17.2.1] injecting env (0) from .env -- tip: ⚙️  specify custom .env file path with { path: '/custom/path/.env' }"}
{"timestamp":"2026-05-07T02:29:47.725Z","level":"LOG","message":"[dotenv@17.2.1] injecting env (0) from .env.production -- tip: ⚙️  enable debug logging with { debug: true }"}
{"timestamp":"2026-05-07T02:29:47.779Z","level":"LOG","message":"🚀 http://localhost:3000"}
{"timestamp":"2026-05-07T02:29:47.808Z","level":"LOG","message":"[REQ] GET / | user:guest | ip:2a02:4780:27:a::2"}
{"timestamp":"2026-05-07T02:29:47.827Z","level":"LOG","message":"✅ Connexion à la base réussie !"}
{"timestamp":"2026-05-07T02:29:47.857Z","level":"LOG","message":"Sample hash: $argon2id$v=19$m=65536,t=3,p=4$/0PFCig1Br0tplwLp3sonA$1j4WkeNgTIfS1w8aw6XNDKVhZOiWjr421Fzu4suYCVA"}
{"timestamp":"2026-05-07T02:29:47.936Z","level":"LOG","message":"✅ Email service configuré et prêt"}
{"timestamp":"2026-05-07T02:50:10.926Z","level":"LOG","message":"[REQ] GET /sitemap.xml | user:guest | ip:2a02:4780:2c:d::3"}
{"timestamp":"2026-05-07T02:50:10.954Z","level":"ERROR","message":"Sitemap error: Error\n    at Query.run (/home/u985847002/domains/emi-pulse.fr/nodejs/node_modules/sequelize/lib/dialects/mysql/query.js:52:25)\n    at /home/u985847002/domains/emi-pulse.fr/nodejs/node_modules/sequelize/lib/sequelize.js:315:28\n    at process.processTicksAndRejections (node:internal/process/task_queues:105:5)\n    at async MySQLQueryInterface.select (/home/u985847002/domains/emi-pulse.fr/nodejs/node_modules/sequelize/lib/dialects/abstract/query-interface.js:407:12)\n    at async Article.findAll (/home/u985847002/domains/emi-pulse.fr/nodejs/node_modules/sequelize/lib/model.js:1140:21)\n    at async generateSitemap (file:///home/u985847002/domains/emi-pulse.fr/nodejs/controllers/sitemap-rss-controller.js:11:22)"}
{"timestamp":"2026-05-07T03:49:49.762Z","level":"LOG","message":"[dotenv@17.2.1] injecting env (32) from .env.production -- tip: 📡 version env with Radar: https://dotenvx.com/radar"}
{"timestamp":"2026-05-07T03:49:49.964Z","level":"LOG","message":"[dotenv@17.2.1] injecting env (0) from .env -- tip: 📡 observe env with Radar: https://dotenvx.com/radar"}
{"timestamp":"2026-05-07T03:49:50.017Z","level":"LOG","message":"[dotenv@17.2.1] injecting env (0) from .env.production -- tip: ⚙️  override existing env vars with { override: true }"}
{"timestamp":"2026-05-07T03:49:50.073Z","level":"LOG","message":"🚀 http://localhost:3000"}
{"timestamp":"2026-05-07T03:49:50.094Z","level":"LOG","message":"[REQ] GET /sitemap.xml | user:guest | ip:2a02:4780:2c:f::2"}
{"timestamp":"2026-05-07T03:49:50.122Z","level":"LOG","message":"✅ Connexion à la base réussie !"}
{"timestamp":"2026-05-07T03:49:50.127Z","level":"ERROR","message":"Sitemap error: Error\n    at Query.run (/home/u985847002/domains/emi-pulse.fr/nodejs/node_modules/sequelize/lib/dialects/mysql/query.js:52:25)\n    at /home/u985847002/domains/emi-pulse.fr/nodejs/node_modules/sequelize/lib/sequelize.js:315:28\n    at process.processTicksAndRejections (node:internal/process/task_queues:105:5)\n    at async MySQLQueryInterface.select (/home/u985847002/domains/emi-pulse.fr/nodejs/node_modules/sequelize/lib/dialects/abstract/query-interface.js:407:12)\n    at async Article.findAll (/home/u985847002/domains/emi-pulse.fr/nodejs/node_modules/sequelize/lib/model.js:1140:21)\n    at async generateSitemap (file:///home/u985847002/domains/emi-pulse.fr/nodejs/controllers/sitemap-rss-controller.js:11:22)"}
{"timestamp":"2026-05-07T03:49:50.150Z","level":"LOG","message":"Sample hash: $argon2id$v=19$m=65536,t=3,p=4$NnwsAYsNOZHbkO1sIR/KSQ$KB+A1mjN/fDTHI/+hO1QzNf8bJy5mtv6KOfJk8p4hec"}
{"timestamp":"2026-05-07T03:49:50.275Z","level":"LOG","message":"✅ Email service configuré et prêt"}
{"timestamp":"2026-05-07T04:44:11.305Z","level":"LOG","message":"[dotenv@17.2.1] injecting env (32) from .env.production -- tip: 🔐 prevent committing .env to code: https://dotenvx.com/precommit"}
{"timestamp":"2026-05-07T04:44:11.475Z","level":"LOG","message":"[dotenv@17.2.1] injecting env (0) from .env -- tip: 🔐 prevent building .env in docker: https://dotenvx.com/prebuild"}
{"timestamp":"2026-05-07T04:44:11.520Z","level":"LOG","message":"[dotenv@17.2.1] injecting env (0) from .env.production -- tip: ⚙️  write to custom object with { processEnv: myObject }"}
{"timestamp":"2026-05-07T04:44:11.564Z","level":"LOG","message":"🚀 http://localhost:3000"}
{"timestamp":"2026-05-07T04:44:11.583Z","level":"LOG","message":"[REQ] GET /sitemap.xml | user:guest | ip:2a02:4780:2c:1a::2"}
{"timestamp":"2026-05-07T04:44:11.627Z","level":"LOG","message":"✅ Connexion à la base réussie !"}
{"timestamp":"2026-05-07T04:44:11.632Z","level":"ERROR","message":"Sitemap error: Error\n    at Query.run (/home/u985847002/domains/emi-pulse.fr/nodejs/node_modules/sequelize/lib/dialects/mysql/query.js:52:25)\n    at /home/u985847002/domains/emi-pulse.fr/nodejs/node_modules/sequelize/lib/sequelize.js:315:28\n    at process.processTicksAndRejections (node:internal/process/task_queues:105:5)\n    at async MySQLQueryInterface.select (/home/u985847002/domains/emi-pulse.fr/nodejs/node_modules/sequelize/lib/dialects/abstract/query-interface.js:407:12)\n    at async Article.findAll (/home/u985847002/domains/emi-pulse.fr/nodejs/node_modules/sequelize/lib/model.js:1140:21)\n    at async generateSitemap (file:///home/u985847002/domains/emi-pulse.fr/nodejs/controllers/sitemap-rss-controller.js:11:22)"}
{"timestamp":"2026-05-07T04:44:11.646Z","level":"LOG","message":"Sample hash: $argon2id$v=19$m=65536,t=3,p=4$/7jBuDXdFD0bb1JeV58eaA$87j376UdzKuVyqzqqZCp1Z90PU4pkOIbVqRN5SQEUF0"}
{"timestamp":"2026-05-07T04:44:11.745Z","level":"LOG","message":"✅ Email service configuré et prêt"}
{"timestamp":"2026-05-07T05:28:54.220Z","level":"LOG","message":"[dotenv@17.2.1] injecting env (32) from .env.production -- tip: 📡 version env with Radar: https://dotenvx.com/radar"}
{"timestamp":"2026-05-07T05:28:54.417Z","level":"LOG","message":"[dotenv@17.2.1] injecting env (0) from .env -- tip: ⚙️  enable debug logging with { debug: true }"}
{"timestamp":"2026-05-07T05:28:54.472Z","level":"LOG","message":"[dotenv@17.2.1] injecting env (0) from .env.production -- tip: 🛠️  run anywhere with `dotenvx run -- yourcommand`"}
{"timestamp":"2026-05-07T05:28:54.524Z","level":"LOG","message":"🚀 http://localhost:3000"}
{"timestamp":"2026-05-07T05:28:54.545Z","level":"LOG","message":"[REQ] GET /sitemap.xml | user:guest | ip:2a02:4780:2c:c::2"}
{"timestamp":"2026-05-07T05:28:54.605Z","level":"LOG","message":"Sample hash: $argon2id$v=19$m=65536,t=3,p=4$wNNqYSPDzl0cnTC4n6BhVw$sSDxrfeCO/Yib72zL1MSVegS5C88pG/iLPK8CB4aNww"}
{"timestamp":"2026-05-07T05:28:54.649Z","level":"LOG","message":"✅ Connexion à la base réussie !"}
{"timestamp":"2026-05-07T05:28:54.655Z","level":"ERROR","message":"Sitemap error: Error\n    at Query.run (/home/u985847002/domains/emi-pulse.fr/nodejs/node_modules/sequelize/lib/dialects/mysql/query.js:52:25)\n    at /home/u985847002/domains/emi-pulse.fr/nodejs/node_modules/sequelize/lib/sequelize.js:315:28\n    at process.processTicksAndRejections (node:internal/process/task_queues:105:5)\n    at async MySQLQueryInterface.select (/home/u985847002/domains/emi-pulse.fr/nodejs/node_modules/sequelize/lib/dialects/abstract/query-interface.js:407:12)\n    at async Article.findAll (/home/u985847002/domains/emi-pulse.fr/nodejs/node_modules/sequelize/lib/model.js:1140:21)\n    at async generateSitemap (file:///home/u985847002/domains/emi-pulse.fr/nodejs/controllers/sitemap-rss-controller.js:11:22)"}
{"timestamp":"2026-05-07T05:28:54.698Z","level":"LOG","message":"✅ Email service configuré et prêt"}
{"timestamp":"2026-05-07T06:38:40.157Z","level":"LOG","message":"[dotenv@17.2.1] injecting env (32) from .env.production -- tip: ⚙️  override existing env vars with { override: true }"}
{"timestamp":"2026-05-07T06:38:40.398Z","level":"LOG","message":"[dotenv@17.2.1] injecting env (0) from .env -- tip: ⚙️  suppress all logs with { quiet: true }"}
{"timestamp":"2026-05-07T06:38:40.472Z","level":"LOG","message":"[dotenv@17.2.1] injecting env (0) from .env.production -- tip: 📡 auto-backup env with Radar: https://dotenvx.com/radar"}
{"timestamp":"2026-05-07T06:38:40.540Z","level":"LOG","message":"🚀 http://localhost:3000"}
{"timestamp":"2026-05-07T06:38:40.565Z","level":"LOG","message":"[REQ] GET /sitemap.xml | user:guest | ip:2a02:4780:2c:f::2"}
{"timestamp":"2026-05-07T06:38:40.592Z","level":"LOG","message":"✅ Connexion à la base réussie !"}
{"timestamp":"2026-05-07T06:38:40.597Z","level":"ERROR","message":"Sitemap error: Error\n    at Query.run (/home/u985847002/domains/emi-pulse.fr/nodejs/node_modules/sequelize/lib/dialects/mysql/query.js:52:25)\n    at /home/u985847002/domains/emi-pulse.fr/nodejs/node_modules/sequelize/lib/sequelize.js:315:28\n    at process.processTicksAndRejections (node:internal/process/task_queues:105:5)\n    at async MySQLQueryInterface.select (/home/u985847002/domains/emi-pulse.fr/nodejs/node_modules/sequelize/lib/dialects/abstract/query-interface.js:407:12)\n    at async Article.findAll (/home/u985847002/domains/emi-pulse.fr/nodejs/node_modules/sequelize/lib/model.js:1140:21)\n    at async generateSitemap (file:///home/u985847002/domains/emi-pulse.fr/nodejs/controllers/sitemap-rss-controller.js:11:22)"}
{"timestamp":"2026-05-07T06:38:40.618Z","level":"LOG","message":"Sample hash: $argon2id$v=19$m=65536,t=3,p=4$h2Fh1VAZRk+oMkmlFmrVvQ$GSqdRCAE0h8oFexeEacAu9RERnPlsewoEc27N/sV6HA"}
{"timestamp":"2026-05-07T06:38:40.720Z","level":"LOG","message":"✅ Email service configuré et prêt"}
{"timestamp":"2026-05-07T07:02:16.802Z","level":"LOG","message":"[REQ] GET /wp-admin/install.php | user:guest | ip:2a02:6ea0:db19::2"}
{"timestamp":"2026-05-07T07:02:18.269Z","level":"LOG","message":"[REQ] GET /wp/wp-admin/install.php | user:guest | ip:2a02:6ea0:db19::1"}
{"timestamp":"2026-05-07T07:02:19.532Z","level":"LOG","message":"[REQ] GET /new/wp-admin/install.php | user:guest | ip:2a02:6ea0:db19::2"}
{"timestamp":"2026-05-07T07:02:20.798Z","level":"LOG","message":"[REQ] GET /old/wp-admin/install.php | user:guest | ip:2a02:6ea0:db19::2"}
{"timestamp":"2026-05-07T07:02:22.058Z","level":"LOG","message":"[REQ] GET /wordpress/wp-admin/install.php | user:guest | ip:2a02:6ea0:db19::2"}
{"timestamp":"2026-05-07T07:02:23.309Z","level":"LOG","message":"[REQ] GET /test/wp-admin/install.php | user:guest | ip:2a02:6ea0:db19::2"}
{"timestamp":"2026-05-07T07:02:24.592Z","level":"LOG","message":"[REQ] GET /blog/wp-admin/install.php | user:guest | ip:2a02:6ea0:db19::2"}
{"timestamp":"2026-05-07T07:02:25.848Z","level":"LOG","message":"[REQ] GET /cms/wp-admin/install.php | user:guest | ip:2a02:6ea0:db19::1"}
{"timestamp":"2026-05-07T07:02:27.098Z","level":"LOG","message":"[REQ] GET /web/wp-admin/install.php | user:guest | ip:2a02:6ea0:db19::1"}
{"timestamp":"2026-05-07T07:02:28.355Z","level":"LOG","message":"[REQ] GET /backup/wp-admin/install.php | user:guest | ip:2a02:6ea0:db19::1"}
{"timestamp":"2026-05-07T07:02:29.613Z","level":"LOG","message":"[REQ] GET /site/wp-admin/install.php | user:guest | ip:2a02:6ea0:db19::2"}
{"timestamp":"2026-05-07T07:02:30.864Z","level":"LOG","message":"[REQ] GET /oldsite/wp-admin/install.php | user:guest | ip:2a02:6ea0:db19::2"}
{"timestamp":"2026-05-07T07:02:32.323Z","level":"LOG","message":"[REQ] GET /shop/wp-admin/install.php | user:guest | ip:2a02:6ea0:db19::1"}
{"timestamp":"2026-05-07T07:53:08.723Z","level":"LOG","message":"[dotenv@17.2.1] injecting env (32) from .env.production -- tip: 📡 version env with Radar: https://dotenvx.com/radar"}
{"timestamp":"2026-05-07T07:53:08.933Z","level":"LOG","message":"[dotenv@17.2.1] injecting env (0) from .env -- tip: ⚙️  write to custom object with { processEnv: myObject }"}
{"timestamp":"2026-05-07T07:53:08.992Z","level":"LOG","message":"[dotenv@17.2.1] injecting env (0) from .env.production -- tip: 🔐 encrypt with Dotenvx: https://dotenvx.com"}
{"timestamp":"2026-05-07T07:53:09.049Z","level":"LOG","message":"🚀 http://localhost:3000"}
{"timestamp":"2026-05-07T07:53:09.072Z","level":"LOG","message":"[REQ] GET /sitemap.xml | user:guest | ip:2a02:4780:2c:c::2"}
{"timestamp":"2026-05-07T07:53:09.099Z","level":"LOG","message":"✅ Connexion à la base réussie !"}
{"timestamp":"2026-05-07T07:53:09.104Z","level":"ERROR","message":"Sitemap error: Error\n    at Query.run (/home/u985847002/domains/emi-pulse.fr/nodejs/node_modules/sequelize/lib/dialects/mysql/query.js:52:25)\n    at /home/u985847002/domains/emi-pulse.fr/nodejs/node_modules/sequelize/lib/sequelize.js:315:28\n    at process.processTicksAndRejections (node:internal/process/task_queues:105:5)\n    at async MySQLQueryInterface.select (/home/u985847002/domains/emi-pulse.fr/nodejs/node_modules/sequelize/lib/dialects/abstract/query-interface.js:407:12)\n    at async Article.findAll (/home/u985847002/domains/emi-pulse.fr/nodejs/node_modules/sequelize/lib/model.js:1140:21)\n    at async generateSitemap (file:///home/u985847002/domains/emi-pulse.fr/nodejs/controllers/sitemap-rss-controller.js:11:22)"}
{"timestamp":"2026-05-07T07:53:09.142Z","level":"LOG","message":"Sample hash: $argon2id$v=19$m=65536,t=3,p=4$PR6dQrk5txKSjCyLZDdrTw$3I0K5J/c8bQU6icVqDBrcAHWaV8y9g5hkZogCSiJLfA"}
{"timestamp":"2026-05-07T07:53:09.237Z","level":"LOG","message":"✅ Email service configuré et prêt"}
{"timestamp":"2026-05-07T08:08:46.814Z","level":"LOG","message":"[REQ] GET /sitemap.xml | user:guest | ip:2a02:4780:2c:c::2"}
{"timestamp":"2026-05-07T08:08:46.820Z","level":"ERROR","message":"Sitemap error: Error\n    at Query.run (/home/u985847002/domains/emi-pulse.fr/nodejs/node_modules/sequelize/lib/dialects/mysql/query.js:52:25)\n    at /home/u985847002/domains/emi-pulse.fr/nodejs/node_modules/sequelize/lib/sequelize.js:315:28\n    at process.processTicksAndRejections (node:internal/process/task_queues:105:5)\n    at async MySQLQueryInterface.select (/home/u985847002/domains/emi-pulse.fr/nodejs/node_modules/sequelize/lib/dialects/abstract/query-interface.js:407:12)\n    at async Article.findAll (/home/u985847002/domains/emi-pulse.fr/nodejs/node_modules/sequelize/lib/model.js:1140:21)\n    at async generateSitemap (file:///home/u985847002/domains/emi-pulse.fr/nodejs/controllers/sitemap-rss-controller.js:11:22)"}
{"timestamp":"2026-05-07T08:13:53.817Z","level":"LOG","message":"[dotenv@17.2.1] injecting env (32) from .env.production -- tip: ⚙️  override existing env vars with { override: true }"}
{"timestamp":"2026-05-07T08:13:53.999Z","level":"LOG","message":"[dotenv@17.2.1] injecting env (0) from .env -- tip: ⚙️  specify custom .env file path with { path: '/custom/path/.env' }"}
{"timestamp":"2026-05-07T08:13:54.049Z","level":"LOG","message":"[dotenv@17.2.1] injecting env (0) from .env.production -- tip: 📡 auto-backup env with Radar: https://dotenvx.com/radar"}
{"timestamp":"2026-05-07T08:13:54.094Z","level":"LOG","message":"🚀 http://localhost:3000"}
{"timestamp":"2026-05-07T08:13:54.114Z","level":"LOG","message":"[REQ] GET /sitemap.xml | user:guest | ip:2a02:4780:2c:e::2"}
{"timestamp":"2026-05-07T08:13:54.142Z","level":"LOG","message":"✅ Connexion à la base réussie !"}
{"timestamp":"2026-05-07T08:13:54.147Z","level":"ERROR","message":"Sitemap error: Error\n    at Query.run (/home/u985847002/domains/emi-pulse.fr/nodejs/node_modules/sequelize/lib/dialects/mysql/query.js:52:25)\n    at /home/u985847002/domains/emi-pulse.fr/nodejs/node_modules/sequelize/lib/sequelize.js:315:28\n    at process.processTicksAndRejections (node:internal/process/task_queues:105:5)\n    at async MySQLQueryInterface.select (/home/u985847002/domains/emi-pulse.fr/nodejs/node_modules/sequelize/lib/dialects/abstract/query-interface.js:407:12)\n    at async Article.findAll (/home/u985847002/domains/emi-pulse.fr/nodejs/node_modules/sequelize/lib/model.js:1140:21)\n    at async generateSitemap (file:///home/u985847002/domains/emi-pulse.fr/nodejs/controllers/sitemap-rss-controller.js:11:22)"}
{"timestamp":"2026-05-07T08:13:54.176Z","level":"LOG","message":"Sample hash: $argon2id$v=19$m=65536,t=3,p=4$tcHZI72hdV+On+9IncbU3A$iAV2w9a5tX1Gqo7nTRMloxoYZJQDRVPSUDe7ewYD5tQ"}
{"timestamp":"2026-05-07T08:13:54.265Z","level":"LOG","message":"✅ Email service configuré et prêt"}
{"timestamp":"2026-05-07T08:47:38.460Z","level":"LOG","message":"[REQ] GET /sitemap.xml | user:guest | ip:2a02:4780:2c:c::2"}
{"timestamp":"2026-05-07T08:47:38.466Z","level":"ERROR","message":"Sitemap error: Error\n    at Query.run (/home/u985847002/domains/emi-pulse.fr/nodejs/node_modules/sequelize/lib/dialects/mysql/query.js:52:25)\n    at /home/u985847002/domains/emi-pulse.fr/nodejs/node_modules/sequelize/lib/sequelize.js:315:28\n    at process.processTicksAndRejections (node:internal/process/task_queues:105:5)\n    at async MySQLQueryInterface.select (/home/u985847002/domains/emi-pulse.fr/nodejs/node_modules/sequelize/lib/dialects/abstract/query-interface.js:407:12)\n    at async Article.findAll (/home/u985847002/domains/emi-pulse.fr/nodejs/node_modules/sequelize/lib/model.js:1140:21)\n    at async generateSitemap (file:///home/u985847002/domains/emi-pulse.fr/nodejs/controllers/sitemap-rss-controller.js:11:22)"}
{"timestamp":"2026-05-07T09:38:10.602Z","level":"LOG","message":"[dotenv@17.2.1] injecting env (32) from .env.production -- tip: 🔐 prevent committing .env to code: https://dotenvx.com/precommit"}
{"timestamp":"2026-05-07T09:38:10.833Z","level":"LOG","message":"[dotenv@17.2.1] injecting env (0) from .env -- tip: 📡 observe env with Radar: https://dotenvx.com/radar"}
{"timestamp":"2026-05-07T09:38:10.900Z","level":"LOG","message":"[dotenv@17.2.1] injecting env (0) from .env.production -- tip: ⚙️  enable debug logging with { debug: true }"}
{"timestamp":"2026-05-07T09:38:10.964Z","level":"LOG","message":"🚀 http://localhost:3000"}
{"timestamp":"2026-05-07T09:38:10.987Z","level":"LOG","message":"[REQ] GET /sitemap.xml | user:guest | ip:2a02:4780:2c:f::2"}
{"timestamp":"2026-05-07T09:38:11.020Z","level":"LOG","message":"✅ Connexion à la base réussie !"}
{"timestamp":"2026-05-07T09:38:11.026Z","level":"ERROR","message":"Sitemap error: Error\n    at Query.run (/home/u985847002/domains/emi-pulse.fr/nodejs/node_modules/sequelize/lib/dialects/mysql/query.js:52:25)\n    at /home/u985847002/domains/emi-pulse.fr/nodejs/node_modules/sequelize/lib/sequelize.js:315:28\n    at process.processTicksAndRejections (node:internal/process/task_queues:105:5)\n    at async MySQLQueryInterface.select (/home/u985847002/domains/emi-pulse.fr/nodejs/node_modules/sequelize/lib/dialects/abstract/query-interface.js:407:12)\n    at async Article.findAll (/home/u985847002/domains/emi-pulse.fr/nodejs/node_modules/sequelize/lib/model.js:1140:21)\n    at async generateSitemap (file:///home/u985847002/domains/emi-pulse.fr/nodejs/controllers/sitemap-rss-controller.js:11:22)"}
{"timestamp":"2026-05-07T09:38:11.045Z","level":"LOG","message":"Sample hash: $argon2id$v=19$m=65536,t=3,p=4$zesU0i32EsHfSEqINPjuvA$LXGCNZ2jPKwu+gbX2GucOApUiy1Wm7TOi8LOiTITiso"}
{"timestamp":"2026-05-07T09:38:11.161Z","level":"LOG","message":"✅ Email service configuré et prêt"}
{"timestamp":"2026-05-07T10:40:28.968Z","level":"LOG","message":"[dotenv@17.2.1] injecting env (32) from .env.production -- tip: ⚙️  write to custom object with { processEnv: myObject }"}
{"timestamp":"2026-05-07T10:40:29.180Z","level":"LOG","message":"[dotenv@17.2.1] injecting env (0) from .env -- tip: 📡 version env with Radar: https://dotenvx.com/radar"}
{"timestamp":"2026-05-07T10:40:29.245Z","level":"LOG","message":"[dotenv@17.2.1] injecting env (0) from .env.production -- tip: 🔐 encrypt with Dotenvx: https://dotenvx.com"}
{"timestamp":"2026-05-07T10:40:29.303Z","level":"LOG","message":"🚀 http://localhost:3000"}
{"timestamp":"2026-05-07T10:40:29.325Z","level":"LOG","message":"[REQ] GET /sitemap.xml | user:guest | ip:2a02:4780:2c:e::2"}
{"timestamp":"2026-05-07T10:40:29.387Z","level":"LOG","message":"Sample hash: $argon2id$v=19$m=65536,t=3,p=4$10dpG5CCJvhkwQtdfQ5Caw$Fig4RDKdnwtb3AwG6TjGIWWf7KNzVaELMEX+9ZI7PPc"}
{"timestamp":"2026-05-07T10:40:29.517Z","level":"LOG","message":"✅ Email service configuré et prêt"}
{"timestamp":"2026-05-07T10:40:29.657Z","level":"LOG","message":"✅ Connexion à la base réussie !"}
{"timestamp":"2026-05-07T10:40:29.664Z","level":"ERROR","message":"Sitemap error: Error\n    at Query.run (/home/u985847002/domains/emi-pulse.fr/nodejs/node_modules/sequelize/lib/dialects/mysql/query.js:52:25)\n    at /home/u985847002/domains/emi-pulse.fr/nodejs/node_modules/sequelize/lib/sequelize.js:315:28\n    at process.processTicksAndRejections (node:internal/process/task_queues:105:5)\n    at async MySQLQueryInterface.select (/home/u985847002/domains/emi-pulse.fr/nodejs/node_modules/sequelize/lib/dialects/abstract/query-interface.js:407:12)\n    at async Article.findAll (/home/u985847002/domains/emi-pulse.fr/nodejs/node_modules/sequelize/lib/model.js:1140:21)\n    at async generateSitemap (file:///home/u985847002/domains/emi-pulse.fr/nodejs/controllers/sitemap-rss-controller.js:11:22)"}
{"timestamp":"2026-05-07T11:40:08.640Z","level":"LOG","message":"[dotenv@17.2.1] injecting env (32) from .env.production -- tip: 🔐 encrypt with Dotenvx: https://dotenvx.com"}
{"timestamp":"2026-05-07T11:40:08.862Z","level":"LOG","message":"[dotenv@17.2.1] injecting env (0) from .env -- tip: ⚙️  override existing env vars with { override: true }"}
{"timestamp":"2026-05-07T11:40:08.923Z","level":"LOG","message":"[dotenv@17.2.1] injecting env (0) from .env.production -- tip: ⚙️  write to custom object with { processEnv: myObject }"}
{"timestamp":"2026-05-07T11:40:08.989Z","level":"LOG","message":"🚀 http://localhost:3000"}
{"timestamp":"2026-05-07T11:40:09.011Z","level":"LOG","message":"[REQ] GET /sitemap.xml | user:guest | ip:2a02:4780:2c:d::4"}
{"timestamp":"2026-05-07T11:40:09.061Z","level":"LOG","message":"✅ Connexion à la base réussie !"}
{"timestamp":"2026-05-07T11:40:09.066Z","level":"ERROR","message":"Sitemap error: Error\n    at Query.run (/home/u985847002/domains/emi-pulse.fr/nodejs/node_modules/sequelize/lib/dialects/mysql/query.js:52:25)\n    at /home/u985847002/domains/emi-pulse.fr/nodejs/node_modules/sequelize/lib/sequelize.js:315:28\n    at process.processTicksAndRejections (node:internal/process/task_queues:105:5)\n    at async MySQLQueryInterface.select (/home/u985847002/domains/emi-pulse.fr/nodejs/node_modules/sequelize/lib/dialects/abstract/query-interface.js:407:12)\n    at async Article.findAll (/home/u985847002/domains/emi-pulse.fr/nodejs/node_modules/sequelize/lib/model.js:1140:21)\n    at async generateSitemap (file:///home/u985847002/domains/emi-pulse.fr/nodejs/controllers/sitemap-rss-controller.js:11:22)"}
{"timestamp":"2026-05-07T11:40:09.070Z","level":"LOG","message":"Sample hash: $argon2id$v=19$m=65536,t=3,p=4$6lpN/EbIVOHsruQfYaDPPg$CDJfLToOfuRXKDLMtCeFsjjocYyWU0mcDar7zXmAOsU"}
{"timestamp":"2026-05-07T11:40:09.177Z","level":"LOG","message":"✅ Email service configuré et prêt"}
{"timestamp":"2026-05-07T12:43:11.852Z","level":"LOG","message":"[dotenv@17.2.1] injecting env (32) from .env.production -- tip: ⚙️  suppress all logs with { quiet: true }"}
{"timestamp":"2026-05-07T12:43:12.030Z","level":"LOG","message":"[dotenv@17.2.1] injecting env (0) from .env -- tip: 🔐 encrypt with Dotenvx: https://dotenvx.com"}
{"timestamp":"2026-05-07T12:43:12.080Z","level":"LOG","message":"[dotenv@17.2.1] injecting env (0) from .env.production -- tip: 🔐 encrypt with Dotenvx: https://dotenvx.com"}
{"timestamp":"2026-05-07T12:43:12.133Z","level":"LOG","message":"🚀 http://localhost:3000"}
{"timestamp":"2026-05-07T12:43:12.154Z","level":"LOG","message":"[REQ] GET /sitemap.xml | user:guest | ip:2a02:4780:2c:b::2"}
{"timestamp":"2026-05-07T12:43:12.185Z","level":"LOG","message":"✅ Connexion à la base réussie !"}
{"timestamp":"2026-05-07T12:43:12.190Z","level":"ERROR","message":"Sitemap error: Error\n    at Query.run (/home/u985847002/domains/emi-pulse.fr/nodejs/node_modules/sequelize/lib/dialects/mysql/query.js:52:25)\n    at /home/u985847002/domains/emi-pulse.fr/nodejs/node_modules/sequelize/lib/sequelize.js:315:28\n    at process.processTicksAndRejections (node:internal/process/task_queues:105:5)\n    at async MySQLQueryInterface.select (/home/u985847002/domains/emi-pulse.fr/nodejs/node_modules/sequelize/lib/dialects/abstract/query-interface.js:407:12)\n    at async Article.findAll (/home/u985847002/domains/emi-pulse.fr/nodejs/node_modules/sequelize/lib/model.js:1140:21)\n    at async generateSitemap (file:///home/u985847002/domains/emi-pulse.fr/nodejs/controllers/sitemap-rss-controller.js:11:22)"}
{"timestamp":"2026-05-07T12:43:12.214Z","level":"LOG","message":"Sample hash: $argon2id$v=19$m=65536,t=3,p=4$shyRG8e5uPEEmE1AKOa5Vg$wC8z+wa/4AVRCEtJJYzoNHrO7gv4z8EFI3pV6RGPaT8"}
{"timestamp":"2026-05-07T12:43:12.305Z","level":"LOG","message":"✅ Email service configuré et prêt"}
{"timestamp":"2026-05-07T13:36:16.007Z","level":"LOG","message":"[dotenv@17.2.1] injecting env (32) from .env.production -- tip: 📡 version env with Radar: https://dotenvx.com/radar"}
{"timestamp":"2026-05-07T13:36:16.219Z","level":"LOG","message":"[dotenv@17.2.1] injecting env (0) from .env -- tip: 📡 observe env with Radar: https://dotenvx.com/radar"}
{"timestamp":"2026-05-07T13:36:16.277Z","level":"LOG","message":"[dotenv@17.2.1] injecting env (0) from .env.production -- tip: ⚙️  enable debug logging with { debug: true }"}
{"timestamp":"2026-05-07T13:36:16.331Z","level":"LOG","message":"🚀 http://localhost:3000"}
{"timestamp":"2026-05-07T13:36:16.357Z","level":"LOG","message":"[REQ] GET /sitemap.xml | user:guest | ip:2a02:4780:2c:f::2"}
{"timestamp":"2026-05-07T13:36:16.411Z","level":"LOG","message":"Sample hash: $argon2id$v=19$m=65536,t=3,p=4$hPQb9RU9IbMyq6YdT5MT3A$9875zvwX1D4MyksNrElyAY63A18YT54T/HPv9w8EkHI"}
{"timestamp":"2026-05-07T13:36:16.454Z","level":"LOG","message":"✅ Connexion à la base réussie !"}
{"timestamp":"2026-05-07T13:36:16.460Z","level":"ERROR","message":"Sitemap error: Error\n    at Query.run (/home/u985847002/domains/emi-pulse.fr/nodejs/node_modules/sequelize/lib/dialects/mysql/query.js:52:25)\n    at /home/u985847002/domains/emi-pulse.fr/nodejs/node_modules/sequelize/lib/sequelize.js:315:28\n    at process.processTicksAndRejections (node:internal/process/task_queues:105:5)\n    at async MySQLQueryInterface.select (/home/u985847002/domains/emi-pulse.fr/nodejs/node_modules/sequelize/lib/dialects/abstract/query-interface.js:407:12)\n    at async Article.findAll (/home/u985847002/domains/emi-pulse.fr/nodejs/node_modules/sequelize/lib/model.js:1140:21)\n    at async generateSitemap (file:///home/u985847002/domains/emi-pulse.fr/nodejs/controllers/sitemap-rss-controller.js:11:22)"}
{"timestamp":"2026-05-07T13:36:16.527Z","level":"LOG","message":"✅ Email service configuré et prêt"}
{"timestamp":"2026-05-07T14:33:44.575Z","level":"LOG","message":"[dotenv@17.2.1] injecting env (32) from .env.production -- tip: 🛠️  run anywhere with `dotenvx run -- yourcommand`"}
{"timestamp":"2026-05-07T14:33:44.803Z","level":"LOG","message":"[dotenv@17.2.1] injecting env (0) from .env -- tip: 📡 observe env with Radar: https://dotenvx.com/radar"}
{"timestamp":"2026-05-07T14:33:44.858Z","level":"LOG","message":"[dotenv@17.2.1] injecting env (0) from .env.production -- tip: ⚙️  load multiple .env files with { path: ['.env.local', '.env'] }"}
{"timestamp":"2026-05-07T14:33:44.913Z","level":"LOG","message":"🚀 http://localhost:3000"}
{"timestamp":"2026-05-07T14:33:44.935Z","level":"LOG","message":"[REQ] GET /sitemap.xml | user:guest | ip:2a02:4780:2c:f::2"}
{"timestamp":"2026-05-07T14:33:44.996Z","level":"LOG","message":"Sample hash: $argon2id$v=19$m=65536,t=3,p=4$J+Pw3dZ+tA07cFyzY0x6ZA$YF0NkBb84QKLOkL+l1UxnLRbVawSiXjBb68Ydepu7QM"}
{"timestamp":"2026-05-07T14:33:45.066Z","level":"LOG","message":"✅ Connexion à la base réussie !"}
{"timestamp":"2026-05-07T14:33:45.072Z","level":"ERROR","message":"Sitemap error: Error\n    at Query.run (/home/u985847002/domains/emi-pulse.fr/nodejs/node_modules/sequelize/lib/dialects/mysql/query.js:52:25)\n    at /home/u985847002/domains/emi-pulse.fr/nodejs/node_modules/sequelize/lib/sequelize.js:315:28\n    at process.processTicksAndRejections (node:internal/process/task_queues:105:5)\n    at async MySQLQueryInterface.select (/home/u985847002/domains/emi-pulse.fr/nodejs/node_modules/sequelize/lib/dialects/abstract/query-interface.js:407:12)\n    at async Article.findAll (/home/u985847002/domains/emi-pulse.fr/nodejs/node_modules/sequelize/lib/model.js:1140:21)\n    at async generateSitemap (file:///home/u985847002/domains/emi-pulse.fr/nodejs/controllers/sitemap-rss-controller.js:11:22)"}
{"timestamp":"2026-05-07T14:33:45.108Z","level":"LOG","message":"✅ Email service configuré et prêt"}
{"timestamp":"2026-05-07T15:34:16.011Z","level":"LOG","message":"[dotenv@17.2.1] injecting env (32) from .env.production -- tip: 🔐 encrypt with Dotenvx: https://dotenvx.com"}
{"timestamp":"2026-05-07T15:34:16.227Z","level":"LOG","message":"[dotenv@17.2.1] injecting env (0) from .env -- tip: 📡 observe env with Radar: https://dotenvx.com/radar"}
{"timestamp":"2026-05-07T15:34:16.284Z","level":"LOG","message":"[dotenv@17.2.1] injecting env (0) from .env.production -- tip: ⚙️  override existing env vars with { override: true }"}
{"timestamp":"2026-05-07T15:34:16.339Z","level":"LOG","message":"🚀 http://localhost:3000"}
{"timestamp":"2026-05-07T15:34:16.368Z","level":"LOG","message":"[REQ] GET / | user:guest | ip:2a02:4780:27:1::3"}
{"timestamp":"2026-05-07T15:34:16.407Z","level":"LOG","message":"✅ Connexion à la base réussie !"}
{"timestamp":"2026-05-07T15:34:16.443Z","level":"LOG","message":"Sample hash: $argon2id$v=19$m=65536,t=3,p=4$o/fvBd3np83jHOqkF0wqOQ$FkkTixkKvDVILPf5EL7N5LwmFuDT1wckYPghHYkfYUA"}
{"timestamp":"2026-05-07T15:34:16.549Z","level":"LOG","message":"✅ Email service configuré et prêt"}
{"timestamp":"2026-05-07T15:34:16.720Z","level":"LOG","message":"[REQ] GET /favicon.ico | user:guest | ip:2a02:4780:27:a::2"}
{"timestamp":"2026-05-07T15:42:57.139Z","level":"LOG","message":"[dotenv@17.2.1] injecting env (32) from .env.production -- tip: ⚙️  write to custom object with { processEnv: myObject }"}
{"timestamp":"2026-05-07T15:42:57.309Z","level":"LOG","message":"[dotenv@17.2.1] injecting env (0) from .env -- tip: ⚙️  specify custom .env file path with { path: '/custom/path/.env' }"}
{"timestamp":"2026-05-07T15:42:57.355Z","level":"LOG","message":"[dotenv@17.2.1] injecting env (0) from .env.production -- tip: 📡 version env with Radar: https://dotenvx.com/radar"}
{"timestamp":"2026-05-07T15:42:57.401Z","level":"LOG","message":"🚀 http://localhost:3000"}
{"timestamp":"2026-05-07T15:42:57.421Z","level":"LOG","message":"[REQ] GET /sitemap.xml | user:guest | ip:2a02:4780:2c:d::3"}
{"timestamp":"2026-05-07T15:42:57.470Z","level":"LOG","message":"✅ Connexion à la base réussie !"}
{"timestamp":"2026-05-07T15:42:57.481Z","level":"ERROR","message":"Sitemap error: Error\n    at Query.run (/home/u985847002/domains/emi-pulse.fr/nodejs/node_modules/sequelize/lib/dialects/mysql/query.js:52:25)\n    at /home/u985847002/domains/emi-pulse.fr/nodejs/node_modules/sequelize/lib/sequelize.js:315:28\n    at process.processTicksAndRejections (node:internal/process/task_queues:105:5)\n    at async MySQLQueryInterface.select (/home/u985847002/domains/emi-pulse.fr/nodejs/node_modules/sequelize/lib/dialects/abstract/query-interface.js:407:12)\n    at async Article.findAll (/home/u985847002/domains/emi-pulse.fr/nodejs/node_modules/sequelize/lib/model.js:1140:21)\n    at async generateSitemap (file:///home/u985847002/domains/emi-pulse.fr/nodejs/controllers/sitemap-rss-controller.js:11:22)"}
{"timestamp":"2026-05-07T15:42:57.487Z","level":"LOG","message":"Sample hash: $argon2id$v=19$m=65536,t=3,p=4$BhNA18pgaCJREZF0guTG/g$dLgHzM8v7J62O9TEReuArEvNIFYcUx3UZzEQ9NLEhDU"}
{"timestamp":"2026-05-07T15:42:57.582Z","level":"LOG","message":"✅ Email service configuré et prêt"}
{"timestamp":"2026-05-07T16:46:43.991Z","level":"LOG","message":"[dotenv@17.2.1] injecting env (32) from .env.production -- tip: ⚙️  enable debug logging with { debug: true }"}
{"timestamp":"2026-05-07T16:46:44.213Z","level":"LOG","message":"[dotenv@17.2.1] injecting env (0) from .env -- tip: 🛠️  run anywhere with `dotenvx run -- yourcommand`"}
{"timestamp":"2026-05-07T16:46:44.270Z","level":"LOG","message":"[dotenv@17.2.1] injecting env (0) from .env.production -- tip: 🔐 encrypt with Dotenvx: https://dotenvx.com"}
{"timestamp":"2026-05-07T16:46:44.328Z","level":"LOG","message":"🚀 http://localhost:3000"}
{"timestamp":"2026-05-07T16:46:44.350Z","level":"LOG","message":"[REQ] GET /sitemap.xml | user:guest | ip:2a02:4780:2c:d::3"}
{"timestamp":"2026-05-07T16:46:44.392Z","level":"LOG","message":"✅ Connexion à la base réussie !"}
{"timestamp":"2026-05-07T16:46:44.397Z","level":"ERROR","message":"Sitemap error: Error\n    at Query.run (/home/u985847002/domains/emi-pulse.fr/nodejs/node_modules/sequelize/lib/dialects/mysql/query.js:52:25)\n    at /home/u985847002/domains/emi-pulse.fr/nodejs/node_modules/sequelize/lib/sequelize.js:315:28\n    at process.processTicksAndRejections (node:internal/process/task_queues:105:5)\n    at async MySQLQueryInterface.select (/home/u985847002/domains/emi-pulse.fr/nodejs/node_modules/sequelize/lib/dialects/abstract/query-interface.js:407:12)\n    at async Article.findAll (/home/u985847002/domains/emi-pulse.fr/nodejs/node_modules/sequelize/lib/model.js:1140:21)\n    at async generateSitemap (file:///home/u985847002/domains/emi-pulse.fr/nodejs/controllers/sitemap-rss-controller.js:11:22)"}
{"timestamp":"2026-05-07T16:46:44.405Z","level":"LOG","message":"Sample hash: $argon2id$v=19$m=65536,t=3,p=4$M+eLzwbIhku2dNi/VdDIYA$yWJnpkr2sbglplaK36gvu3DD3KnA34ub5ls3uPVD9n4"}
{"timestamp":"2026-05-07T16:46:44.520Z","level":"LOG","message":"✅ Email service configuré et prêt"}
{"timestamp":"2026-05-07T17:26:47.986Z","level":"LOG","message":"[REQ] GET / | user:guest | ip:2a02:4780:9:b::3"}
{"timestamp":"2026-05-07T17:55:42.967Z","level":"LOG","message":"[dotenv@17.2.1] injecting env (32) from .env.production -- tip: ⚙️  write to custom object with { processEnv: myObject }"}
{"timestamp":"2026-05-07T17:55:43.184Z","level":"LOG","message":"[dotenv@17.2.1] injecting env (0) from .env -- tip: 🔐 prevent building .env in docker: https://dotenvx.com/prebuild"}
{"timestamp":"2026-05-07T17:55:43.239Z","level":"LOG","message":"[dotenv@17.2.1] injecting env (0) from .env.production -- tip: 📡 version env with Radar: https://dotenvx.com/radar"}
{"timestamp":"2026-05-07T17:55:43.295Z","level":"LOG","message":"🚀 http://localhost:3000"}
{"timestamp":"2026-05-07T17:55:43.316Z","level":"LOG","message":"[REQ] GET /sitemap.xml | user:guest | ip:2a02:4780:2c:c::2"}
{"timestamp":"2026-05-07T17:55:43.345Z","level":"LOG","message":"✅ Connexion à la base réussie !"}
{"timestamp":"2026-05-07T17:55:43.350Z","level":"ERROR","message":"Sitemap error: Error\n    at Query.run (/home/u985847002/domains/emi-pulse.fr/nodejs/node_modules/sequelize/lib/dialects/mysql/query.js:52:25)\n    at /home/u985847002/domains/emi-pulse.fr/nodejs/node_modules/sequelize/lib/sequelize.js:315:28\n    at process.processTicksAndRejections (node:internal/process/task_queues:105:5)\n    at async MySQLQueryInterface.select (/home/u985847002/domains/emi-pulse.fr/nodejs/node_modules/sequelize/lib/dialects/abstract/query-interface.js:407:12)\n    at async Article.findAll (/home/u985847002/domains/emi-pulse.fr/nodejs/node_modules/sequelize/lib/model.js:1140:21)\n    at async generateSitemap (file:///home/u985847002/domains/emi-pulse.fr/nodejs/controllers/sitemap-rss-controller.js:11:22)"}
{"timestamp":"2026-05-07T17:55:43.373Z","level":"LOG","message":"Sample hash: $argon2id$v=19$m=65536,t=3,p=4$wFi3+heDZIA5/HX1UeGMCw$kaMdh3ilfoRKfPa466nFE3t0RxBGgCadZuZG4+nDr94"}
{"timestamp":"2026-05-07T17:55:43.481Z","level":"LOG","message":"✅ Email service configuré et prêt"}
{"timestamp":"2026-05-07T18:39:57.618Z","level":"LOG","message":"[dotenv@17.2.1] injecting env (32) from .env.production -- tip: ⚙️  write to custom object with { processEnv: myObject }"}
{"timestamp":"2026-05-07T18:39:57.791Z","level":"LOG","message":"[dotenv@17.2.1] injecting env (0) from .env -- tip: ⚙️  override existing env vars with { override: true }"}
{"timestamp":"2026-05-07T18:39:57.837Z","level":"LOG","message":"[dotenv@17.2.1] injecting env (0) from .env.production -- tip: 📡 observe env with Radar: https://dotenvx.com/radar"}
{"timestamp":"2026-05-07T18:39:57.884Z","level":"LOG","message":"🚀 http://localhost:3000"}
{"timestamp":"2026-05-07T18:39:57.906Z","level":"LOG","message":"[REQ] GET /sitemap.xml | user:guest | ip:2a02:4780:2c:b::2"}
{"timestamp":"2026-05-07T18:39:57.936Z","level":"LOG","message":"✅ Connexion à la base réussie !"}
{"timestamp":"2026-05-07T18:39:57.942Z","level":"ERROR","message":"Sitemap error: Error\n    at Query.run (/home/u985847002/domains/emi-pulse.fr/nodejs/node_modules/sequelize/lib/dialects/mysql/query.js:52:25)\n    at /home/u985847002/domains/emi-pulse.fr/nodejs/node_modules/sequelize/lib/sequelize.js:315:28\n    at process.processTicksAndRejections (node:internal/process/task_queues:105:5)\n    at async MySQLQueryInterface.select (/home/u985847002/domains/emi-pulse.fr/nodejs/node_modules/sequelize/lib/dialects/abstract/query-interface.js:407:12)\n    at async Article.findAll (/home/u985847002/domains/emi-pulse.fr/nodejs/node_modules/sequelize/lib/model.js:1140:21)\n    at async generateSitemap (file:///home/u985847002/domains/emi-pulse.fr/nodejs/controllers/sitemap-rss-controller.js:11:22)"}
{"timestamp":"2026-05-07T18:39:57.963Z","level":"LOG","message":"Sample hash: $argon2id$v=19$m=65536,t=3,p=4$doY44JujVd469YcCUgr7yg$Y21zgX14ipCiwJxn7bF4Oo1KIWvbCldIGb1oJqZ7Eoo"}
{"timestamp":"2026-05-07T18:39:58.091Z","level":"LOG","message":"✅ Email service configuré et prêt"}
{"timestamp":"2026-05-07T19:32:19.843Z","level":"LOG","message":"[dotenv@17.2.1] injecting env (32) from .env.production -- tip: 🔐 encrypt with Dotenvx: https://dotenvx.com"}
{"timestamp":"2026-05-07T19:32:20.055Z","level":"LOG","message":"[dotenv@17.2.1] injecting env (0) from .env -- tip: ⚙️  enable debug logging with { debug: true }"}
{"timestamp":"2026-05-07T19:32:20.110Z","level":"LOG","message":"[dotenv@17.2.1] injecting env (0) from .env.production -- tip: 🔐 prevent building .env in docker: https://dotenvx.com/prebuild"}
{"timestamp":"2026-05-07T19:32:20.166Z","level":"LOG","message":"🚀 http://localhost:3000"}
{"timestamp":"2026-05-07T19:32:20.186Z","level":"LOG","message":"[REQ] GET /sitemap.xml | user:guest | ip:2a02:4780:2c:d::4"}
{"timestamp":"2026-05-07T19:32:20.214Z","level":"LOG","message":"✅ Connexion à la base réussie !"}
{"timestamp":"2026-05-07T19:32:20.218Z","level":"ERROR","message":"Sitemap error: Error\n    at Query.run (/home/u985847002/domains/emi-pulse.fr/nodejs/node_modules/sequelize/lib/dialects/mysql/query.js:52:25)\n    at /home/u985847002/domains/emi-pulse.fr/nodejs/node_modules/sequelize/lib/sequelize.js:315:28\n    at process.processTicksAndRejections (node:internal/process/task_queues:105:5)\n    at async MySQLQueryInterface.select (/home/u985847002/domains/emi-pulse.fr/nodejs/node_modules/sequelize/lib/dialects/abstract/query-interface.js:407:12)\n    at async Article.findAll (/home/u985847002/domains/emi-pulse.fr/nodejs/node_modules/sequelize/lib/model.js:1140:21)\n    at async generateSitemap (file:///home/u985847002/domains/emi-pulse.fr/nodejs/controllers/sitemap-rss-controller.js:11:22)"}
{"timestamp":"2026-05-07T19:32:20.243Z","level":"LOG","message":"Sample hash: $argon2id$v=19$m=65536,t=3,p=4$5dSSHALFHUwOsI+5oFEKPw$yP7ug2rcJhc/qIxqgSRST868bGlK40xXDYJ2iDJiMTQ"}
{"timestamp":"2026-05-07T19:32:20.349Z","level":"LOG","message":"✅ Email service configuré et prêt"}
{"timestamp":"2026-05-07T20:47:00.992Z","level":"LOG","message":"[dotenv@17.2.1] injecting env (32) from .env.production -- tip: 🔐 encrypt with Dotenvx: https://dotenvx.com"}
{"timestamp":"2026-05-07T20:47:01.189Z","level":"LOG","message":"[dotenv@17.2.1] injecting env (0) from .env -- tip: 🔐 prevent committing .env to code: https://dotenvx.com/precommit"}
{"timestamp":"2026-05-07T20:47:01.243Z","level":"LOG","message":"[dotenv@17.2.1] injecting env (0) from .env.production -- tip: ⚙️  specify custom .env file path with { path: '/custom/path/.env' }"}
{"timestamp":"2026-05-07T20:47:01.298Z","level":"LOG","message":"🚀 http://localhost:3000"}
{"timestamp":"2026-05-07T20:47:01.318Z","level":"LOG","message":"[REQ] GET /sitemap.xml | user:guest | ip:2a02:4780:2c:d::4"}
{"timestamp":"2026-05-07T20:47:01.371Z","level":"LOG","message":"✅ Connexion à la base réussie !"}
{"timestamp":"2026-05-07T20:47:01.379Z","level":"ERROR","message":"Sitemap error: Error\n    at Query.run (/home/u985847002/domains/emi-pulse.fr/nodejs/node_modules/sequelize/lib/dialects/mysql/query.js:52:25)\n    at /home/u985847002/domains/emi-pulse.fr/nodejs/node_modules/sequelize/lib/sequelize.js:315:28\n    at process.processTicksAndRejections (node:internal/process/task_queues:105:5)\n    at async MySQLQueryInterface.select (/home/u985847002/domains/emi-pulse.fr/nodejs/node_modules/sequelize/lib/dialects/abstract/query-interface.js:407:12)\n    at async Article.findAll (/home/u985847002/domains/emi-pulse.fr/nodejs/node_modules/sequelize/lib/model.js:1140:21)\n    at async generateSitemap (file:///home/u985847002/domains/emi-pulse.fr/nodejs/controllers/sitemap-rss-controller.js:11:22)"}
{"timestamp":"2026-05-07T20:47:01.384Z","level":"LOG","message":"Sample hash: $argon2id$v=19$m=65536,t=3,p=4$aBdV8kXIJTyJpv8YzXvHPQ$okb6+pFu8oDEGgZ9KhkjZ31rAnAqB5EAKtUv7rFe29M"}
{"timestamp":"2026-05-07T20:47:01.464Z","level":"LOG","message":"✅ Email service configuré et prêt"}
{"timestamp":"2026-05-07T21:37:39.359Z","level":"LOG","message":"[dotenv@17.2.1] injecting env (32) from .env.production -- tip: 🛠️  run anywhere with `dotenvx run -- yourcommand`"}
{"timestamp":"2026-05-07T21:37:39.535Z","level":"LOG","message":"[dotenv@17.2.1] injecting env (0) from .env -- tip: 📡 version env with Radar: https://dotenvx.com/radar"}
{"timestamp":"2026-05-07T21:37:39.585Z","level":"LOG","message":"[dotenv@17.2.1] injecting env (0) from .env.production -- tip: 📡 version env with Radar: https://dotenvx.com/radar"}
{"timestamp":"2026-05-07T21:37:39.634Z","level":"LOG","message":"🚀 http://localhost:3000"}
{"timestamp":"2026-05-07T21:37:39.655Z","level":"LOG","message":"[REQ] GET /sitemap.xml | user:guest | ip:2a02:4780:2c:d::4"}
{"timestamp":"2026-05-07T21:37:39.683Z","level":"LOG","message":"✅ Connexion à la base réussie !"}
{"timestamp":"2026-05-07T21:37:39.688Z","level":"ERROR","message":"Sitemap error: Error\n    at Query.run (/home/u985847002/domains/emi-pulse.fr/nodejs/node_modules/sequelize/lib/dialects/mysql/query.js:52:25)\n    at /home/u985847002/domains/emi-pulse.fr/nodejs/node_modules/sequelize/lib/sequelize.js:315:28\n    at process.processTicksAndRejections (node:internal/process/task_queues:105:5)\n    at async MySQLQueryInterface.select (/home/u985847002/domains/emi-pulse.fr/nodejs/node_modules/sequelize/lib/dialects/abstract/query-interface.js:407:12)\n    at async Article.findAll (/home/u985847002/domains/emi-pulse.fr/nodejs/node_modules/sequelize/lib/model.js:1140:21)\n    at async generateSitemap (file:///home/u985847002/domains/emi-pulse.fr/nodejs/controllers/sitemap-rss-controller.js:11:22)"}
{"timestamp":"2026-05-07T21:37:39.719Z","level":"LOG","message":"Sample hash: $argon2id$v=19$m=65536,t=3,p=4$OxkoI+yVbpubvma8h4VXsw$p4u0casFF3y43IFru5bJVolFYp8YIUYfOqOATmGedXQ"}
{"timestamp":"2026-05-07T21:37:39.822Z","level":"LOG","message":"✅ Email service configuré et prêt"}
{"timestamp":"2026-05-07T22:23:25.548Z","level":"LOG","message":"[dotenv@17.2.1] injecting env (32) from .env.production -- tip: 🛠️  run anywhere with `dotenvx run -- yourcommand`"}
{"timestamp":"2026-05-07T22:23:25.751Z","level":"LOG","message":"[dotenv@17.2.1] injecting env (0) from .env -- tip: 🔐 encrypt with Dotenvx: https://dotenvx.com"}
{"timestamp":"2026-05-07T22:23:25.807Z","level":"LOG","message":"[dotenv@17.2.1] injecting env (0) from .env.production -- tip: ⚙️  specify custom .env file path with { path: '/custom/path/.env' }"}
{"timestamp":"2026-05-07T22:23:25.865Z","level":"LOG","message":"🚀 http://localhost:3000"}
{"timestamp":"2026-05-07T22:23:25.893Z","level":"LOG","message":"[REQ] GET / | user:guest | ip:2a02:4780:8:9::3"}
{"timestamp":"2026-05-07T22:23:25.926Z","level":"LOG","message":"✅ Connexion à la base réussie !"}
{"timestamp":"2026-05-07T22:23:25.968Z","level":"LOG","message":"Sample hash: $argon2id$v=19$m=65536,t=3,p=4$u7GND5VAxAsX6rV1sm+ZAg$jbVF73FxE8Zs8aZMTm6l1tnvwWRpkcffIWZIfcENJr4"}
{"timestamp":"2026-05-07T22:23:26.070Z","level":"LOG","message":"✅ Email service configuré et prêt"}
{"timestamp":"2026-05-07T23:25:11.148Z","level":"LOG","message":"[dotenv@17.2.1] injecting env (32) from .env.production -- tip: ⚙️  write to custom object with { processEnv: myObject }"}
{"timestamp":"2026-05-07T23:25:11.357Z","level":"LOG","message":"[dotenv@17.2.1] injecting env (0) from .env -- tip: 🛠️  run anywhere with `dotenvx run -- yourcommand`"}
{"timestamp":"2026-05-07T23:25:11.412Z","level":"LOG","message":"[dotenv@17.2.1] injecting env (0) from .env.production -- tip: 📡 auto-backup env with Radar: https://dotenvx.com/radar"}
{"timestamp":"2026-05-07T23:25:11.468Z","level":"LOG","message":"🚀 http://localhost:3000"}
{"timestamp":"2026-05-07T23:25:11.489Z","level":"LOG","message":"[REQ] GET / | user:guest | ip:2a02:4780:b:10::3"}
{"timestamp":"2026-05-07T23:25:11.519Z","level":"LOG","message":"✅ Connexion à la base réussie !"}
{"timestamp":"2026-05-07T23:25:11.557Z","level":"LOG","message":"Sample hash: $argon2id$v=19$m=65536,t=3,p=4$DKCigG8C2HKP6tZ0vco3Qw$Ah0I2dsimbqFIkTrAiizHFz40xOhAPiEDsaWWte5tmQ"}
{"timestamp":"2026-05-07T23:25:11.656Z","level":"LOG","message":"✅ Email service configuré et prêt"}
{"timestamp":"2026-05-08T00:09:57.858Z","level":"LOG","message":"[REQ] GET / | user:guest | ip:2a02:4780:40:11::2"}
{"timestamp":"2026-05-08T00:53:42.967Z","level":"LOG","message":"[dotenv@17.2.1] injecting env (32) from .env.production -- tip: 📡 auto-backup env with Radar: https://dotenvx.com/radar"}
{"timestamp":"2026-05-08T00:53:43.175Z","level":"LOG","message":"[dotenv@17.2.1] injecting env (0) from .env -- tip: ⚙️  specify custom .env file path with { path: '/custom/path/.env' }"}
{"timestamp":"2026-05-08T00:53:43.232Z","level":"LOG","message":"[dotenv@17.2.1] injecting env (0) from .env.production -- tip: ⚙️  load multiple .env files with { path: ['.env.local', '.env'] }"}
{"timestamp":"2026-05-08T00:53:43.287Z","level":"LOG","message":"🚀 http://localhost:3000"}
{"timestamp":"2026-05-08T00:53:43.308Z","level":"LOG","message":"[REQ] GET /archive/2025/3 | user:guest | ip:2a02:4780:2c:f::2"}
{"timestamp":"2026-05-08T00:53:43.337Z","level":"LOG","message":"✅ Connexion à la base réussie !"}
{"timestamp":"2026-05-08T00:53:43.365Z","level":"ERROR","message":"[500] ReferenceError: /home/u985847002/domains/emi-pulse.fr/nodejs/views/articles-by-month.ejs:12\n    10|         <div class=\"archive-main-content\">\n    11|           <article>\n >> 12|             <h1 class=\"archive-title\"><%= monthName %> <%= year %></h1>\n    13|             \n    14|             <% if (articles && articles.length > 0) { %>\n    15|               <div class=\"archive-articles\">\n\nmonthName is not defined\n    at eval (\"/home/u985847002/domains/emi-pulse.fr/nodejs/views/articles-by-month.ejs\":18:26)\n    at articles-by-month (/home/u985847002/domains/emi-pulse.fr/nodejs/node_modules/ejs/lib/ejs.js:703:17)\n    at tryHandleCache (/home/u985847002/domains/emi-pulse.fr/nodejs/node_modules/ejs/lib/ejs.js:274:36)\n    at exports.renderFile [as engine] (/home/u985847002/domains/emi-pulse.fr/nodejs/node_modules/ejs/lib/ejs.js:491:10)\n    at View.render (/home/u985847002/domains/emi-pulse.fr/nodejs/node_modules/express/lib/view.js:139:8)\n    at tryRender (/home/u985847002/domains/emi-pulse.fr/nodejs/node_modules/express/lib/application.js:627:10)\n    at Function.render (/home/u985847002/domains/emi-pulse.fr/nodejs/node_modules/express/lib/application.js:574:3)\n    at ServerResponse.render (/home/u985847002/domains/emi-pulse.fr/nodejs/node_modules/express/lib/response.js:909:7)\n    at getArticlesByMonth (file:///home/u985847002/domains/emi-pulse.fr/nodejs/controllers/home-controllers.js:151:9)\n    at process.processTicksAndRejections (node:internal/process/task_queues:105:5)"}
{"timestamp":"2026-05-08T00:53:43.371Z","level":"LOG","message":"Sample hash: $argon2id$v=19$m=65536,t=3,p=4$joXx0dSQBuJSaSDWZnEbEQ$1u4rKBXV2VJ+z+53xtRTQoHLt7GEnqi9/UzSZyYRocQ"}
{"timestamp":"2026-05-08T00:53:43.502Z","level":"LOG","message":"✅ Email service configuré et prêt"}
{"timestamp":"2026-05-08T01:37:45.941Z","level":"LOG","message":"[dotenv@17.2.1] injecting env (32) from .env.production -- tip: 📡 version env with Radar: https://dotenvx.com/radar"}
{"timestamp":"2026-05-08T01:37:46.120Z","level":"LOG","message":"[dotenv@17.2.1] injecting env (0) from .env -- tip: 🔐 encrypt with Dotenvx: https://dotenvx.com"}
{"timestamp":"2026-05-08T01:37:46.165Z","level":"LOG","message":"[dotenv@17.2.1] injecting env (0) from .env.production -- tip: 📡 observe env with Radar: https://dotenvx.com/radar"}
{"timestamp":"2026-05-08T01:37:46.219Z","level":"LOG","message":"🚀 http://localhost:3000"}
{"timestamp":"2026-05-08T01:37:46.239Z","level":"LOG","message":"[REQ] GET / | user:guest | ip:2a02:4780:1:22::3"}
{"timestamp":"2026-05-08T01:37:46.255Z","level":"LOG","message":"[REQ] GET / | user:guest | ip:2a02:4780:2c:f::2"}
{"timestamp":"2026-05-08T01:37:46.275Z","level":"LOG","message":"✅ Connexion à la base réussie !"}
{"timestamp":"2026-05-08T01:37:46.309Z","level":"LOG","message":"Sample hash: $argon2id$v=19$m=65536,t=3,p=4$BqIN232xUKO7MiYGW+YlgA$NyStr9+elM2wyManPCIbZI20uGAWygCzKP7SJN4kUSg"}
{"timestamp":"2026-05-08T01:37:46.398Z","level":"LOG","message":"✅ Email service configuré et prêt"}
{"timestamp":"2026-05-08T01:37:46.587Z","level":"LOG","message":"[REQ] GET /favicon.png | user:guest | ip:2a02:4780:2c:f::2"}
{"timestamp":"2026-05-08T01:37:46.593Z","level":"LOG","message":"[REQ] GET /favicon.ico | user:guest | ip:2a02:4780:2c:f::2"}
{"timestamp":"2026-05-08T01:37:46.703Z","level":"LOG","message":"[REQ] GET /favicon.ico | user:guest | ip:2a02:4780:1:22::3"}
{"timestamp":"2026-05-08T01:37:46.705Z","level":"LOG","message":"[REQ] GET /favicon.png | user:guest | ip:2a02:4780:1:22::3"}
{"timestamp":"2026-05-08T01:37:47.109Z","level":"LOG","message":"[REQ] GET /favicon.ico | user:guest | ip:2a02:4780:2c:f::2"}
{"timestamp":"2026-05-08T01:37:47.150Z","level":"LOG","message":"[REQ] GET /favicon.png | user:guest | ip:2a02:4780:2c:f::2"}
{"timestamp":"2026-05-08T01:37:48.418Z","level":"LOG","message":"[REQ] GET / | user:guest | ip:2a02:4780:2c:b::2"}
{"timestamp":"2026-05-08T01:37:48.706Z","level":"LOG","message":"[REQ] GET /favicon.png | user:guest | ip:2a02:4780:2c:b::2"}
{"timestamp":"2026-05-08T01:37:48.707Z","level":"LOG","message":"[REQ] GET /favicon.ico | user:guest | ip:2a02:4780:2c:b::2"}
{"timestamp":"2026-05-08T01:37:49.040Z","level":"LOG","message":"[REQ] GET / | user:guest | ip:2a02:4780:1:22::3"}
{"timestamp":"2026-05-08T01:37:49.053Z","level":"LOG","message":"[REQ] GET / | user:guest | ip:2a02:4780:1:2::2"}
{"timestamp":"2026-05-08T01:54:24.188Z","level":"LOG","message":"[REQ] GET / | user:guest | ip:2a02:4780:1:25::2"}
{"timestamp":"2026-05-08T01:54:24.617Z","level":"LOG","message":"[REQ] GET /favicon.ico | user:guest | ip:2a02:4780:1:25::2"}
{"timestamp":"2026-05-08T01:54:25.009Z","level":"LOG","message":"[REQ] GET /favicon.png | user:guest | ip:2a02:4780:1:25::2"}
{"timestamp":"2026-05-08T01:55:14.848Z","level":"LOG","message":"[REQ] GET / | user:guest | ip:2a02:4780:1:22::3"}
{"timestamp":"2026-05-08T01:55:17.802Z","level":"LOG","message":"[REQ] GET /favicon.ico | user:guest | ip:2a02:4780:1:22::3"}
{"timestamp":"2026-05-08T02:19:15.139Z","level":"LOG","message":"[REQ] GET / | user:guest | ip:2a02:4780:1:22::3"}
{"timestamp":"2026-05-08T02:19:15.550Z","level":"LOG","message":"[REQ] GET /favicon.ico | user:guest | ip:2a02:4780:1:22::3"}
{"timestamp":"2026-05-08T02:19:15.935Z","level":"LOG","message":"[REQ] GET /favicon.png | user:guest | ip:2a02:4780:1:22::3"}
{"timestamp":"2026-05-08T02:19:57.314Z","level":"LOG","message":"[REQ] GET / | user:guest | ip:2a02:4780:1:25::2"}
{"timestamp":"2026-05-08T02:20:00.752Z","level":"LOG","message":"[REQ] GET /favicon.ico | user:guest | ip:2a02:4780:1:25::2"}
{"timestamp":"2026-05-08T04:12:12.311Z","level":"LOG","message":"[dotenv@17.2.1] injecting env (32) from .env.production -- tip: 📡 observe env with Radar: https://dotenvx.com/radar"}
{"timestamp":"2026-05-08T04:12:12.520Z","level":"LOG","message":"[dotenv@17.2.1] injecting env (0) from .env -- tip: ⚙️  override existing env vars with { override: true }"}
{"timestamp":"2026-05-08T04:12:12.580Z","level":"LOG","message":"[dotenv@17.2.1] injecting env (0) from .env.production -- tip: 🔐 encrypt with Dotenvx: https://dotenvx.com"}
{"timestamp":"2026-05-08T04:12:12.650Z","level":"LOG","message":"🚀 http://localhost:3000"}
{"timestamp":"2026-05-08T04:12:12.675Z","level":"LOG","message":"[REQ] GET / | user:guest | ip:2a02:4780:b:11::2"}
{"timestamp":"2026-05-08T04:12:12.706Z","level":"LOG","message":"✅ Connexion à la base réussie !"}
{"timestamp":"2026-05-08T04:12:12.751Z","level":"LOG","message":"Sample hash: $argon2id$v=19$m=65536,t=3,p=4$n0lQVLffZBHb0VKZpsrRYQ$ZPK2nl+jXNDWxcWpkbRp0CPGO7QCqv43ZrQcOmmGD6k"}
{"timestamp":"2026-05-08T04:12:12.853Z","level":"LOG","message":"✅ Email service configuré et prêt"}
{"timestamp":"2026-05-08T04:12:13.874Z","level":"LOG","message":"[REQ] GET /favicon.ico | user:guest | ip:2a02:4780:b:11::2"}
{"timestamp":"2026-05-08T07:45:42.477Z","level":"LOG","message":"[dotenv@17.2.1] injecting env (32) from .env.production -- tip: 📡 observe env with Radar: https://dotenvx.com/radar"}
{"timestamp":"2026-05-08T07:45:42.712Z","level":"LOG","message":"[dotenv@17.2.1] injecting env (0) from .env -- tip: 📡 auto-backup env with Radar: https://dotenvx.com/radar"}
{"timestamp":"2026-05-08T07:45:42.785Z","level":"LOG","message":"[dotenv@17.2.1] injecting env (0) from .env.production -- tip: ⚙️  load multiple .env files with { path: ['.env.local', '.env'] }"}
{"timestamp":"2026-05-08T07:45:42.849Z","level":"LOG","message":"🚀 http://localhost:3000"}
{"timestamp":"2026-05-08T07:45:42.874Z","level":"LOG","message":"[REQ] GET / | user:guest | ip:2a02:4780:27:f::2"}
{"timestamp":"2026-05-08T07:45:42.911Z","level":"LOG","message":"✅ Connexion à la base réussie !"}
{"timestamp":"2026-05-08T07:45:42.947Z","level":"LOG","message":"Sample hash: $argon2id$v=19$m=65536,t=3,p=4$xzTcAO8XbRHD9OpSJbwPSg$AdfH9XMSeRjX0UuJcHHdZ/cU7FJi4WNBQjImFMVylbY"}
{"timestamp":"2026-05-08T07:45:43.039Z","level":"LOG","message":"✅ Email service configuré et prêt"}
{"timestamp":"2026-05-08T08:29:32.184Z","level":"LOG","message":"[REQ] GET / | user:guest | ip:2a02:4780:9:b::3"}
